"name","tokenId",
"$000","20975421416895647409157274975461044988609359482863765637641730829058734320260",
"$001","48946645543077482040040402394755872521813538022036990141047456783630563811317",
"$002","101882524661312341698579418881721400820352383256867085480302150884817717024171",
"$003","34374700942409751773871382307393897978452891730750326068752883805780340463976",
"$004","34815868483070095201307604617120570233148176346784083839059084071085677136391",
"$005","103019669837190459669107005648842089910352400801598123955488403813795492264680",
"$006","8494412349991448855086569809080744795899071374826190927564248605988507020322",
"$007","79830131893196975775194623443226282085815652262835729328349113674621516262379",
"$008","33507022437901004345350755167425504899792383416534918617476093612669857994425",
"$009","59287213045299602082694683172511768213316579396876149899867979157007811218443",
"$010","82371271165884156176889925525466336277324235489754820612707789290517588936641",
"$011","27876447704725519552207897708830889461885442804425311086602530868186723122411",
"$012","5397947099311512026683123816031858252769032897746646873890929663710754971830",
"$013","49260703543561534367041281766843771800571011301430909926325574164720243795542",
"$014","12710847981570037297370756156808420296168451474252801885763570349562995259532",
"$015","43753919936545395869389452162252481106775513376440488143575255430139095100066",
"$016","82293171113736027526325131492176345837298525324070510907157756181616058817779",
"$017","98596107697824310910309174501528788265761291871823133354684850184225130802789",
"$018","113049278899897741726299869583327433387063756483272350472817195201649277053715",
"$019","88274350310159230035639301719854571422447621990355764449860691778112266816518",
"$020","20959494159495342167691682694546653655696317932296000369375024558100419121288",
"$021","93436522088204309460847140065338253763169053269892409876523553806490182655016",
"$022","59154643573851866459325084428524663754225085425841707730653169974296616862124",
"$023","98575964671627197760238707109112013651654021225301220297444453579595259280427",
"$024","96723626496868674147751221793267425813422573373217215610613130072046972888896",
"$025","76694106829509790584324040831064052895983792933510563692814332850914209843881",
"$026","88401995688001085212931077631393970424820724420065419063870374007809173148778",
"$027","11093054749238065236085838016489122520774388596430618722542815955250829414047",
"$028","64849689445025959182771160274082127955608810139877778308867352576553545064313",
"$029","94457390027402012665195122757642538598435042325987800127306433588745212448331",
"$030","4821493347496785702445459031618568713238051440108759559830337171643830739758",
"$031","67247211724480160054183775377122016626724423581573019381554403289953639191056",
"$032","58902191182587547872776857571888732558635494390366720965363724862807892834053",
"$033","37051228241519516671779980867494091794004200729325349867584797981147624771572",
"$034","90792944767661394335471003551901796521309227141940509056650953091316918809323",
"$035","72090032999509028288140069885788302572233956805396874477863301538862540120941",
"$036","115354044789212403865765408876497189157405190102829770033320959282460811414741",
"$037","73984958140327126601028090788431208023297833785907291281333862491911089629274",
"$038","89344164994932397608578704478643067514329710726643049337807847601611759732821",
"$039","89869398015759217662389300489457980380949330100264202327971613802723824379540",
"$040","105854335014986787335266971412826837243580752978555205732770881260415314397695",
"$041","27620178813650899444261874142470201048929112123725364419711952434896189144598",
"$042","25994482183116997325086044076059785120737540742653644772557591335485294914057",
"$043","72513043387017167783458832514681416538015045450144237116939159876124006060106",
"$044","109456184306058999164301343875213262738302456713906622636772877222176479365305",
"$045","73410178281773352851748593099774226477133023002471935291019366551577949133200",
"$046","88975753367493531996710294488796916315714141402123906966118080361018197522055",
"$047","94410291901345979733612943819802868532435402895103903645550056117566102086824",
"$048","94165958221554698643569677908168748034583329299666365994034485830776780343828",
"$049","33006632704442175538880130186476112933252515583779863285379054236605287587414",
"$050","107897043418917352010425213833028802825730176475337182210674928156233523454693",
"$051","60715497990736957659133734764780146736488998895815398217649821140629941198438",
"$052","78115249711377112624075476412248838410322481673270398434048286394667114119400",
"$053","17390897282879761252801624814772283804334686872906044334407783532226444969967",
"$054","103061477637426406554039543405355875722833821039669639411812663886894942686560",
"$055","79331203979783166283040411437803206755198869155071293049574052496775949603339",
"$056","27806293957667313725619862923095228961919637392141265748969008804121279330",
"$057","74163690551859200768234676439029858329542895915890697315829573055939048854179",
"$058","38273275204845133685013879350671030782376732613734320003311739711329754383942",
"$059","49099054786430276587244334363039789733868535211763077125567368608838345999183",
"$060","20547366211565672533835658879395504611758300828409607334182055635813426372755",
"$061","22928872859625526900434531852801946283391100212970386022181216851510685901416",
"$062","91640207063605963871160640322416410306584924109281582208224456693026591041651",
"$063","115222797911059646036345582343428978666037950407087613519967739996136902345339",
"$064","89199031236502440755245231048090620072409338435312131409727358672978020081838",
"$065","90812729450204376539296618977905493206969681942971472424723217669406531999004",
"$066","90631687964730853474639382531739608147068271246514236139118272837369498882548",
"$067","32472405405841290293539987497608650058133984321234777024511979967183748998341",
"$068","51206403871920193857669586296548012553754099773086723413028472323370268574931",
"$069","46442041721697455976370523349723242902659819150137097837841045686174443528723",
"$070","111847703539963117285804844115102905423436285977840304748062686158917572043732",
"$071","106627403303930174484447507001533214966317346159599311820482300036710880578046",
"$072","58709246526404855557040100424143303966969133838168863106646835796429018138822",
"$073","68583000653040067594748120811688719908304463516326066801453790859946176533156",
"$074","31693427196825594063652675620592790522285757596253545432480888616533265825740",
"$075","37146402891968240454170750025734159380562778102138055660482982287790629913551",
"$076","10456064377290354278412654467644657530185031274817781939516733981408041068093",
"$077","70209432253723792439609821001496833302962640705441293394700183868659530666476",
"$078","52201904767374982681329941752399846119352939608011156251956216452428074882022",
"$079","55503870188272785442467982877621817846784537797152590003017293911875269249157",
"$080","16092497856195154603436014561716200779078245734166594044642579046497281257628",
"$081","59716047857895011289134032120189957773644739310025195116929298846481370130088",
"$082","23284206733402727467626587854028996788937327403683234896056694583535272079734",
"$083","36372549199185833903064171344544639671602581197865671690737700345791761231451",
"$084","18072330939013458066474880260909472047561995952276295495744126898394214500081",
"$085","21451111619117267032016786358658706414992440413170269296736916256650099330241",
"$086","42849659600914360759846076499124177608122346995123831093004674904542828293009",
"$087","39649927364384341211431475586023326018469219374099063404205014204173291932459",
"$088","9417969185309826118592906309449136169943196996484009724209282078080427136471",
"$089","95051516217798903622465109137678650043005573606636490705465523762971825182298",
"$090","107809044877181040443246896298819011658858771433203833580057358233397395298571",
"$091","102030215110192544131513970430204708335959417750208423223320619255790304496663",
"$092","36373175707148101225436078874108532404708810642251982999692487893109420393394",
"$093","37624056565901670821436620712757652087630988312678339263562769643526219775342",
"$094","4200256031512922123991567147863371810334154117515981029496241815526601645798",
"$095","32591142451350119893771964983939153818156663850891403291177380669783311167596",
"$096","50973255258653215914974369679497538267424360356799307899016742708423212241365",
"$097","81620068166460426240854794645289593286204091253260355104208652283380147498104",
"$098","90235189486198378574851610999274710801227103963877715995113550696810182106117",
"$099","78945906232263316547686845374579838238719765975397677884266024142332529154989",
"$100","3199320005876020729791966193546891356787401095793811360439860574504652799243",
"$101","17083285447002582478725183232732296490583810189312819225569729866378613152077",
"$102","12045457079787164745494873223521023840597309745183329899960201595041607220628",
"$103","52113604755233903727431761944810499777261779887854962423071251414273409316619",
"$104","113028365653956668050443286354880251244702362180276038371483027834054983028536",
"$105","108090567040245523207572849955937231425055640291407530686532891753728137816603",
"$106","106987576319516376296792790393038999557512952163384921746416260671435373813383",
"$107","13348693366586314199017953067564442423000827739044075920880181212565634874388",
"$108","62511992151594905601595551671820197390154355869156916578913109825147995109361",
"$109","40597497947607598901810889054349012507850176833021193289632231261105880466470",
"$110","61082751920505864773311174884677705111448537551033369699128877898364828664564",
"$111","13701620271261024503392847124890222206059648126662683440590966520091646004024",
"$112","96332654845347693913156555651252164785799228090633304471933840456450185268450",
"$113","87913569721863087101094265598558297822401243712021490508248644990844538849616",
"$114","27869839924501409425652022913756076141728520169864569228384220639584682404244",
"$115","81604951143045776798507347770662429077605526886126237242359842765735664615279",
"$116","75955302638728548223730766855939564629314670093277141122910625948396998864876",
"$117","115457239917547406611203554441791565407934443108687276214065319341964278740498",
"$118","101714333364308406894467199151182789864676557536109522047551575505612427753490",
"$119","19063482861717155337782122283666735894902483062740820508395511296676440161023",
"$120","95367775741329278377673685579995875148209624228145106712217511017704185078663",
"$121","95713496670788715677700661024062713572347154985357150382661638520596480348973",
"$122","52870113157452716698325493674196304582513551856672998154665781220226723237631",
"$123","31413980293374314565338371581688358374443098839791794807269133171384748541360",
"$124","68145276020309618379099766406140853494216578661126003708554484551045130535860",
"$125","11980851785932257607122463878276144853644263215398536814223029371339902580737",
"$126","94523041622494477089818232126653459147906716378841248265690905902456575818412",
"$127","97317192678569831025778001572884428864516098707011910549063442032293151660471",
"$128","57714421532185288959234427410188034293135193942570440009787643742794005291214",
"$129","90298463493196389016419920771335718115159162457431906043941679836341281370015",
"$130","49122752115859636976402451431956317455896038130055584100347015394592287755561",
"$131","107463599451543296738614442912469584699008410240593961461505427191342490688941",
"$132","13720144368000618528795755397548053651293089632613623418463953647374643333920",
"$133","49156962535963344004513490213776437354674796467230756948392373133574956881248",
"$134","22326552074292638565214233817323387840481223148465311921319605005322783444943",
"$135","55165399454703381888197282448449908863543248761156799853184936730884091041086",
"$136","33283562048807971655668802634287791286794330912415556788753402701240150207518",
"$137","99660576532396232286656205994759816288541977536549282562329516526796391541132",
"$138","57147314059055533971727618625983384507429628151004293477340297576986452744481",
"$139","62820055486888528741315955591272714807569307779744818106420795962678861007304",
"$140","53971971665292799650589838313690588623689753153275539413059172339648578443336",
"$141","35093831485555759669641945235541904949840021727286012674477881814061342198699",
"$142","68719375774260154780060411248524734019681165418264188943817271477031283184849",
"$143","60708286316618455659343361623804830964741482763843972317408987643026937621468",
"$144","76883436439067649465901275694216935367822103874561057653118754890020021749546",
"$145","105289709949418674620875892056122584180530581749991455111337251931522854342225",
"$146","32290549784171551818948882093711973589525188928061948191064016258816295027530",
"$147","7172144303502072453517579956065044116554501534721256600617676278031942164147",
"$148","82309583741125470389963967632086429975452045837177155909712036361611865409850",
"$149","28145049251560758530610320300038060541482618704214231141444710105478930017534",
"$150","15346020386951388348635170576252057073069853316661080778392161799686285326556",
"$151","35722756484235536526316409479877515203737182840437505224540771031754231365533",
"$152","30787893994653469219671771294731668860100615226328738959943990125766005658058",
"$153","78369012046137377630653449923498128473892436583594065347988599294059916240844",
"$154","13323935749103444173608462237567977230118296275695862026997094666568459292726",
"$155","22658064041152930835724583774062023517807713804307177881846880381235127101623",
"$156","62209671281316503324548726133672129106475886839398200721652877630904089564192",
"$157","78662923394938478991279780489492308878055272963100683389547126912593058062068",
"$158","9593351650883769679743621709113645696642971556066115395180978496103581681162",
"$159","113893443947719428332599957324490282506055352469687037133107699793678604639700",
"$160","105374463871918102142403946983698058437936610457275291023997038663066131687372",
"$161","8906073765159264862310380398224237429055682419256275870601362495997995832349",
"$162","47724378577356700718120228389709790970703866163516920078458844666227006147584",
"$163","17909780102906163209950039884910456584517719868058963644386118455775956894762",
"$164","32513664177031502877974021237477377622813912412470530001710284935432867325551",
"$165","107421580195808723626431899458716961637722314355006746817765275432474526816802",
"$166","82857192200467115698119411026593075800393082781689014150674387993769613289782",
"$167","74364831960652310855699014690806850023080450849744082069307188888421419970600",
"$168","33659216008156248106125511993546633496973012500066092664940857839368496426221",
"$169","91570533043265978246366400756195029671870607152728899960395194570781061663691",
"$170","99050393578442237107441093737941305181166231788911016617537881116194870340267",
"$171","10419040050361288465114999982842234810821264186117241980383871042824849784167",
"$172","79932074127489109782423701162556475436729803610146247373551776669672960496065",
"$173","99099324349291606907417252909012286049938040573860809121988390686507809248237",
"$174","82382802083715974710932198493215294190906295375147432062449424098712744655154",
"$175","7065930574640209876393389656791560437289767571464831727043740103764312122730",
"$176","47034321709988419312442122981053870783787298645022267195248565752879298641953",
"$177","41529345793695959199911008008470295824537927512751457589631071431203253471232",
"$178","56921176585659412152268000938435463141319339009879640636828533133884356082577",
"$179","13871782048002190994187805459479096192402676019066251164505347275425999333084",
"$180","93155463213357848890169791233917264649934892982196444199509064858530157514717",
"$181","1288316071277914085036769400856890680677977730737289190323313459603130004756",
"$182","113113889628432903687568236565418281175941221218587532373993692884352911257795",
"$183","69033315945761110446150203640011125846320099653459852087280456139582975626644",
"$184","28455740855974888326570942771236416233129981964867995769079378407644061443056",
"$185","155172488389614937014707442673224173918923141913797393637339734997572515993",
"$186","37291903265696240879051682308812549856852957600872232233084201077104457203395",
"$187","88645342208548204372608180254359976218065037981681820180181573366350597293167",
"$188","95603327194041805332972556763054060629369449839548175411093974715410293378017",
"$189","61156236505708374173766337590922973366099868005585097639329046459287251811633",
"$190","81586242944903665856982815203212206199865060929363406005620972932594118982951",
"$191","29325737566875820302116508436370871674327252380910924761913360901555565175860",
"$192","43079318017716816483519229225545776358894368540600269216153551730096565696850",
"$193","106882568809487239014679989737655348020395501993587897348684374378218872422682",
"$194","44140226219051237603565753507747765615900239930547103771186013533264802695807",
"$195","105549805281305363318471421639101522678056943236107215374095401691749773694918",
"$196","108939706307938387459064037651180222239023315652054121229757073239139595296824",
"$197","71929792033813740965306345314759092271117490665361531408761148865700460744834",
"$198","89379705901416168519573057099314059230362551879648541330449030033968332082868",
"$199","62726673659773547231955190223012973638606309952773513175454049017642470428541",
"$200","66050289272707263937531590718676084085043344356910378623771501133277742397624",
"$201","10583421572502546620291405126214800333871542506289534357534918724818961288528",
"$202","56531323205379748001676894195223101410899467688036818342297705702946275702424",
"$203","68686581150693996815142279592499443087370780437343908459353676385866897878080",
"$204","61695645691399115106379289137852868127013631213120262355083748986245143612361",
"$205","3857312149751280482985009728862349727526848701983375865014239680745592988770",
"$206","84226619359268623353162153739520003962180629453855540253846881622015610269571",
"$207","41780325011867831704367535074196973515792036224539101781522569016074228947679",
"$208","107643093367207730596602078729778577218507957270816496133305288369556781124961",
"$209","79301351566105233410231079151571446451371473582051298560054597040814748318137",
"$210","88147820224265625337720178357127823295285117480048023335071094699964807834523",
"$211","19699603753625292011053103082509788461107851290750488535669921641669161298558",
"$212","94449622886362899507401801222566664733719577393387110109118807290829756655127",
"$213","81834233145332723240598159197242324628002507758191226526710293717780471107740",
"$214","90431751936389741107144004411954454372360566584604450296068701401500678754053",
"$215","102192873321781226760881922370300233048792712675621177555579055069163851062306",
"$216","71156251115401925853819595608039349477396732858772528643929534091785609004533",
"$217","78750306922042557067517565446629890572977587245559265466608978912807201670852",
"$218","109798394735715023301702114373518055335778773029109311918059604218067121043588",
"$219","103277905005171444119972115171099610467646319795479202932153424699425010882098",
"$220","36004443027733627727837545667428450743151884855969919407244586811314306946734",
"$221","36806205341709164793929394459663480139707458404162790235248886270154747291387",
"$222","38699128268264174191117798603597561674207769136563470746742570177059040115832",
"$223","23224434631443860787022178728385143347185283296517432971954271751186565338673",
"$224","42539252618762709514786553789973957856579492302691574944066578950638918822689",
"$225","15026413548390601598437304101734459988875944194409318152263640162003143601207",
"$226","85031705670028486481269253210993543177402460028085904274372506929236961046769",
"$227","66864441007916757669633355540265000470269044520775234274118077382771394130005",
"$228","38609153098311652791448807989524514685660879625293623189851646633033314364673",
"$229","2282299411787405407786835744304854014532810969975938811646690048890365545266",
"$230","77155333500596373388143662896093991168545552378034397002418427209316158803780",
"$231","100757928826755989847636493391260115801703368582453773516103464608165979092706",
"$232","44325334979748670823908995297722202677244974703623804025553914291888776420582",
"$233","55228598464036206530367299252911038505640649032719713882620236419872874542506",
"$234","70030609966326932166667998864758726661646111630564737401128916269735857479046",
"$235","56420810430079476797667652242301004181846723293398258951640438581685652291511",
"$236","38946277405987791081563529097311441782928481309455276568422819286205558645954",
"$237","102660652384109747506973521533727906498783301960581163076076796037097647741746",
"$238","25131616491401108569155603257709158210094887990448377744460025362484894040986",
"$239","4382156176851393750483775636157322702008156839408539092737442851758061814623",
"$240","68791820071535366259118528014924097136925402099095428667774264725587444682815",
"$241","63190939316408926788389190242805039415476322076618826193810162027812069127983",
"$242","25837875391393425694885096194907459334230224763268429883457303651765287016041",
"$243","102889505392119121540629471616805774001308738054801606408010460898100851046832",
"$244","79432169631662741819566463318904466739133100781693791529151834833734245702788",
"$245","5651772666069014649012557298629793336290355225796164597585794309781208381633",
"$246","34835317390742415511173221252950918711171493535596361731431132835133704542630",
"$247","35495858124398174412549242064471105632668597030313819443263063425092968283716",
"$248","34319910025456119695163065351005462458970470597459873671493745618578123374301",
"$249","41669365842846429378108283132501927737056084180481608379783652723753401049991",
"$250","50069859309831438181477609647442910501520447577865606179136744369223693007595",
"$251","73055724886595189373568221684910555074661003247125968414366931674159796241416",
"$252","114106395974561065285274376961546242847192680911643245355045189124012735539843",
"$253","56195575378342837956098959435780388220217199203772900452965183066708860155706",
"$254","93610085885401501908710606189544567254753948843382321836605841740212990209037",
"$255","38318727417765152854140494854650113982078009190134899080440937649348814916784",
"$256","84160236304005646911540791014659843411653529159135469084582439197918071496787",
"$257","77810909706069664802133888653243742458824715863009724636177798008602879142821",
"$258","26461896122801378804310438005409134535648721080350577165983654966124524002670",
"$259","48911619694519503485490905734981954605162180892884521393716048525671850258229",
"$260","38882959161159628251225295603015136184268814861039927052106809168985006553829",
"$261","54043447903096763969519151534016799813203743445813979812443463728307415615194",
"$262","67597127768091979242372451942193152263281354168656507142523793746274408787697",
"$263","36411993484007987990792112372324907344065956903135594385627827247519930668064",
"$264","76899759162434582185672066540056709941495650144485988006020600610088990875372",
"$265","31956000788720849042166430833082564198986964109072790698128589687473897008616",
"$266","15915330037156713851269676400729156264962487346617718031643473214769384278194",
"$267","78617630510486512828549794427185148626490230418556225190045837591651206094166",
"$268","37415312096528675327145625143571503580557958959372227684429885030687520586135",
"$269","97734804535347250839285041732087557599985494741031926794900739777448147468815",
"$270","93268028785949830014225053649074314344909489939681802646000015978345366362707",
"$271","79874941312034519158674856922584938297674929728709940401021026311087879506925",
"$272","73514848919019840530074725511023114900777824137215571844313480518822297974710",
"$273","16401904388070065100776690052010570317442604401366714200179274296987880876578",
"$274","1527025307013554269124501329227837165937242316981575154778862652482471498246",
"$275","110396188294281135440931575889869141096748397850538644742054044009867340130902",
"$276","25189980077383396932803494851982179540790975004240003330297682678925898839770",
"$277","28247887927399423569535618590353183029549967026597491518499620172324417082156",
"$278","38195160873623124132089093924553492101705538934725023968800517936235034237063",
"$279","88627324899717546045264729298426926743240410792768035779504888272044912428172",
"$280","27355750515777730437666665005631452484939627828028959749117993510764104925528",
"$281","51875777952790013205256747264740957355752287975750207787639087714430688303291",
"$282","18553962761163105336374975287214011424654265901750673609164028907454229530122",
"$283","35054633505072333964664561375712272695609363726677421511398172535851901967117",
"$284","67483727136412087292209965147939218151338506289306427188728805528693340310678",
"$285","96640121215533334955841959256207700193002773399606990886461447193089232907513",
"$286","2670452828207654593981389310452475057837762947457687010930775885764933526418",
"$287","105228858432654451125739571455179749772109120388503481485981854504885756467761",
"$288","65478596181587667482325665976393882274049755340098823069312643766100439593387",
"$289","5380450054907613943716830504922823321069399548903200294368432914912168315808",
"$290","105758407202487797544592432423604148098375275962576850909604195821335901321710",
"$291","115343011672588777507040356257032422390223025705716219461778603284561838433862",
"$292","25705453145545284324054424953555125671660393824684968523551606577757947304276",
"$293","109973928029827778037053373381111178267957346574288587585065862254159234930968",
"$294","39723756210057388070067295414903022554466171650585497932017814846329723091677",
"$295","53678908857674020808191420647683483724726987634055619828274527398076519285957",
"$296","36316723312666169683605861201425659259508567180161643716921171012205141834716",
"$297","87223707765169231351924607043603823887441441200511155250253008361996055925578",
"$298","23542429129512221565839984973944934317246961112919163517651658872828586206926",
"$299","64579338845641593848818468653718359167103459959036868739151422973466541669476",
"$300","101102842566303652472688494491979628842797775022052348090534996753214559350555",
"$301","101823748215874339999262658009434450872473582062203399279173729039854819569052",
"$302","95527594983400548445810512013210851338349279392464838610405044257820877256047",
"$303","37030291236387126373936871740511176902552769015564450460632828797769543591349",
"$304","33520413504707430064449313205981280176151511446004857437440884204545723023686",
"$305","10303735828891599518441254613439151412865265206178471530499449468319485366040",
"$306","17023305527645074616692737992277473339046038988167228919427693854164121364887",
"$307","50749552227903069220657045818346231325849040621813323569654317216905183641512",
"$308","111163673136930287399658961327796194335846458726640189251240985837337814590731",
"$309","1260153900815737073626599650795667429811171142442505441689345947288059702796",
"$310","36650950934760197533478522571294354144716964304464945987590283343877129872536",
"$311","44202765333269521778553620414734175040754922619444812466306395899929004592406",
"$312","10352234041349070689839988314116224277224329293445907574864093752166376867001",
"$313","15874347686637745226544049049297111873854199946557414684362139576868643237795",
"$314","15334511594687917583373446218486300317829434338803482518246823371774466339137",
"$315","36853516464484940540477657188575904588456158829696593463090428928619223333312",
"$316","82097230593963053995353245401846247326690048343466914704695248264801089795411",
"$317","21661481998662142783514646340341812457906587832570139535235968129741795859083",
"$318","38940686955055157231911264847119319724720242317598925789492174736391685090179",
"$319","2618176520287008018320251364936895134207935649180419307609094928138982083253",
"$320","13976139538164121058844499157524877095300904551125075605651361036052500180672",
"$321","35430697410759695077613264824244619790040547479166967023869588150649571850769",
"$322","10517204846578341792218861643075832672736265433622271751511322471467684911166",
"$323","29319343970151739629311124089181816814360173510750665982101154814136963993723",
"$324","58419139507435465110817149535756032714632304235875828225891585205335491563647",
"$325","32747416511152232253518357134329674116537602846322859544911386132140106841540",
"$326","95962591243588253932362453680481441513527412858784774133248171139689214312768",
"$327","13378687230349662009020946241562681440112268602706317961137562280550537996787",
"$328","25778872262389751619949623260102052471127080710502940715399173078186097538054",
"$329","75745291643235437371689035581150641745851797790158652154839272195813635031375",
"$330","1547916844681812247635320939450258062721662666217353002738924686469290079715",
"$331","21894652870132119570497498187707775080406399513798768969923861619961518298712",
"$332","106121534361825873479148233363033790426524155788644829664030016514447169209994",
"$333","57367178965795229733081024856977617894074399621175662912716320192438796631727",
"$334","2653363627686333987303708539745392893266642025793880692713903943408765610830",
"$335","19356076501670179989510819920915770625536041131786303737246916260419792750327",
"$336","91645519966183230083414332625213112799630614138167836316725943595101479238720",
"$337","112912325542081881052038574738961577815399653502403951705412421637200216823878",
"$338","11884003005081873777017199779431441521693637177084435170770562271337512211079",
"$339","5600983920736575742266535612870738604025322364762542391096958331759106346177",
"$340","56049301398841581254735835189502977012411054987213121740339400494848522136965",
"$341","105819883379705400988664473574956820380706952731532896588149324290778984673492",
"$342","110494466813299443648352107102098027540818383310622942037648529762399629130970",
"$343","35198560089774058173851069041185513809691277375825797389207307708968678505000",
"$344","75147892669418132497891365277535263937949420849895631110299682384711096198373",
"$345","25675477150421943148723656587111197776068749756715552146868991682815879799104",
"$346","82971009259109495173116595019130725167670158535282122305356689905743851061793",
"$347","63864403981789846834374531662762467477040513589698878728333868956503822072243",
"$348","4361009028333992337735675399228694854573715614894897851688264062988232718726",
"$349","106791110756588209574939800462637746396574546606971635197923064932235029749291",
"$350","28942507681680189329461449501003138702601606383957490994397981758928663907057",
"$351","60650122367170782976490937030084188996922151394859370398087952138386173684615",
"$352","89470368005810663818265422632977284201629717727750184585261464301949825493299",
"$353","5594509219983454857138750559270650490653343725614312257341840422995028720046",
"$354","77785170631765334769811227848177255216873243537233315766612785249197301964618",
"$355","86981473389861972601066779556950248741910262073236160260998665542700803512934",
"$356","49283740411295825137159762903590025883747047622395133462158087698374778675580",
"$357","11185233192782490531078079038117934617432090686280446024015851199079381685321",
"$358","86727791828940748551473566817577489799282229066652569770684433822240691968488",
"$359","7276984221831447785055242000953705319846828099832302999711598052952068248607",
"$360","46417309280428180849954765348775671741265316127618173228391897381527789412147",
"$361","81205134157040045622692895423723135736553851575708103160352701730798010937794",
"$362","41265798532869751655335781138928583677830893053333616188802443803681716861630",
"$363","88599701474883460037258563848455425487981520085725167575876447697106317730001",
"$364","52924449010252146280761475019832301640888269046695134414882952730849188427241",
"$365","87862075311004630338820475067373270129469963691201281271373326370790384705809",
"$366","64259470843022052604351376977104352475723102812687587486840857951200844388728",
"$367","31975841498593103008660488515025273938314968909839958860711109090900002350171",
"$368","73638570181018126744512856968692099461103247585991492469828974281555391497717",
"$369","9962796997656589509943057181079689708897987518021531876137500658150753444807",
"$370","48467722885313244734179575296260971545331299294794310923467620867107505284867",
"$371","11426136382054100975813061554196027761845226486154295419433154554717914365032",
"$372","23156946358861784501823775798827746572897526413457235042255701922614157100250",
"$373","93979746885531863727626031142979782491826407745521259372243912597023548840996",
"$374","35482903614633012817052814081820433478836292769557414944618358576576824872266",
"$375","37311248476511891535447402106691635939378906047984671754453267971765866885122",
"$376","101496355999063127979307006923027057441308825733529049747749801475123657367561",
"$377","20648299323324349627767771958719874010919094391183007367947067858092944978309",
"$378","30636182954972623133828313222026824385015849953260709624910083467442621748509",
"$379","64395865226270216843005202394796785790360009132898891305847646282845630561369",
"$380","22412519687612548695550763298612800029368041356833214205756251535323109453808",
"$381","27493025642027123768344811647135544970617849967194719586627501079654245011922",
"$382","80465037268554725968299178215588910373532180213295169089892673823093449946699",
"$383","67311825044333541862583496766311030109284881317296251849732248446090883387037",
"$384","6949726344541061252056615272193658555516399194394053893424484205989866934335",
"$385","52759309593234316832280640188710851838590026752243869726664761520099275424123",
"$386","82712621389280309390342705122860235187744981351448257266675925917682722214934",
"$387","84346812729403463378940295704531495758410937161991754138505279329254086410217",
"$388","55881687705502553167021818797566173318351886647383132572286195914289615819782",
"$389","89019843702411139824503663179699689444126291104516683053058093177151112150562",
"$390","7959288322554256397750555149147076597583707733259121923181593564195779933082",
"$391","88749091303390649473208478237108984559024051959279240497485191546289101296875",
"$392","72218842125667925877679703053304931288659211806086524269392081227848363338428",
"$393","90239518833644427671097393872593539211161139830230125363250853933912341774136",
"$394","109300138731782241503385045585159571829850076144851953310241216799014225166751",
"$395","96396431889538798715327250695767613173349852975816411649322747963965856240160",
"$396","113126735654531254926747983525024394551706531604332708164413684583734953756777",
"$397","93990458103121087928956823354480411526911580515502822191433100242179517297330",
"$398","47923183189738744267251895935249767310171029591731336145406715188195638480109",
"$399","1711041337467770985817182476218429523150080694802084334413387803889748787719",
"$400","59435999942894616016712869663543041771078567280742374234766430338450213005804",
"$401","11171357900554803627250037183823304829830241816535203448732103990874260244637",
"$402","98342781026527195787491737958296735659742716811972079068303151203087758138799",
"$403","75140112429327173558070740031689755722033891013652769304107864769240546827412",
"$404","60040208217165731757523827051607189673649050749011591723721021808219041431813",
"$405","105787599168982258774320676162647413671847841232987983077007671637848480112857",
"$406","85747808295782446622193551156774164505507983668444621139163577770234172435860",
"$407","99459919458839746702751445427835066928462004264316367168994979533446006923122",
"$408","34034609776580854178828705345481615216386404496123723543372606195804784212026",
"$409","30707627510179355863823678787849024412469709521508801131927296456704025061559",
"$410","73868592706638168478130688705141112948381122053206622512777958559350324943758",
"$411","62790680694089568053881699354743019756387338136822304688994219079385796328460",
"$412","97343001163696226287380742661721262853216240923657517472174573952999212128079",
"$413","86409248068386737942100660126942611077102529078104362017211708750379107597562",
"$413","86409248068386737942100660126942611077102529078104362017211708750379107597562",
"$414","35675939748028471854033208240032162399543109069686080109437428664905399862182",
"$415","62183819201304855211452580693568956265462790176235173386683943722164275272737",
"$416","76054471756678949943948606147653638552343081793963746710967915240459271602154",
"$417","85073803310398306139043783920024624760171562311816344352771573973194843789397",
"$418","40113973084108071636121960115817391175850842025598362676649702642421334423674",
"$419","110714612881847474350929776773051893568052076565796266395739732308165996629206",
"$420","2830480165257166470155458639704535394234017752896863121115998039698477025359",
"$421","104886287978932335269129242450699769793245127068253393663569967401148669353744",
"$422","29258097066681101340035770437864405234238133902579582288180223149896608776094",
"$423","90081967705318770388941990296990759386790590477954978494175098836656819968785",
"$424","108412860530289624833238023936225207602635140521102856015999322909835888340076",
"$425","12387814120849734057932717229975335987854273909697812876667617877923967524524",
"$426","78991200507802017304724014371375709090721315165251217005114007096787796097216",
"$427","85213161664185036190906540901474665535539881201142587944384377111769033146666",
"$428","39033562925665704474539504257554984526555828759913935167819712568454978401512",
"$429","81840632412472069578372502108054725020194828115281393790049344805312691222809",
"$430","83698902795853485273470980657215989674618823183064939490545440289240663755765",
"$431","68292478459658373420056640278288404067720042520024638191856668657716425948170",
"$432","76602459605136579577833565967386234009690799639320338395934313654826019234227",
"$433","74648082560135836956110897496446763965188961529875725205559897569511138380150",
"$434","95473242017242526424210474477012571549405972937452182614387565905696974785429",
"$435","82377334649140956897150400705066058504138865815959179966339617866471188206915",
"$436","33753668814911473554837916808416221666675035024145814016340959181557057165359",
"$437","77539702313120953452727405379129157476220882920247091557889781567556194240711",
"$438","44129523048473576510056019604800857138362449529285424105363097040081113000312",
"$439","50237393397662779789269246023842150606116284061916937935733030757979668064425",
"$440","19807630441571700433830246380671480490992357063262725358358605909093624132505",
"$441","23618061030661204844195043465258090390422143078523002020763666839368018792404",
"$442","61900656173418426994356048878254641444767326357166900254959232961923130164307",
"$443","11327665489413859473696797901013499456429132991047740750208649688168067003549",
"$444","97312946479191859935360585047073865025200450204358694876977614356096227371882",
"$445","32213318606003338446072626678821296963193421328330795561915671571780838148645",
"$446","82825987206485238001019501708996697906262733376758783967763210520822103080113",
"$447","72739611353980079445482437512055533323462132621967406434340492729985770779393",
"$448","25663929841661542124093128953708869095922528216033237873351267208154490261692",
"$449","106055200004793260205366474789676562681032679045907155717002354421141353660130",
"$450","16682847579624128072265132989939674136791480861588738852852327777197324417689",
"$451","46568323535978095511267587857063517759300411802545169736694526822023306596135",
"$452","28911622197318381957677755128496305159997399801614119197169873881019886600376",
"$453","80589489272361473794370949611641137210874466536131136934524713286168805273501",
"$454","19176405158606710237592569195309629353440715780618726930545994774714987918366",
"$455","21391724093211214016667773385512603061081527150281751340180253529587747853595",
"$456","84978451102368953864330513997987459757505144255016465045920578626872677043992",
"$457","42436504316799905632946198555098752815086271808679494542561662507474035529423",
"$458","84528178364818517309563525006719435799246836932888527389531055207504280709112",
"$459","82794972856695474214234522527633450502493623064961909869209599665436579420088",
"$460","84608690485550161551449186650957640991432243664400560879297982245257978078505",
"$461","84077552824828769354684866284986422456848617867774385844462308039225892244153",
"$462","55708044592599344832813865105962960303268733565941168499423849571430719471003",
"$463","25895259970639717849310677307506287215406847522476193471180117822021142600906",
"$464","113067358774286264167815729535612281025409493668808836801775949614042006227298",
"$465","83001812742335691205620484743093544447566669887646443159347978325899897501716",
"$466","62885078007927575124998739771334948051108722652418475559926611610957218213907",
"$467","101657649546478995308587821962180127006995625676355294957962596372408366377488",
"$468","25566701571040101619305878644693329836834284602025451154372397351066371814723",
"$469","71011988121979035855567103208316120257858159447332535836676148649519746673326",
"$470","41727043485278015210895506321550939544146420381694740183702679959191799299100",
"$471","65978076856922419383938946672797052952382759964303354139396537375355637352183",
"$472","42625849910799524860024785779424349685355100360202966704389317988395276756409",
"$473","109553921766758505880089948209735106832641357871869076187048103904477881269443",
"$474","102032138500971755041011636314521994416768914159386195982977781286686895637209",
"$475","58719315718867458941659253966494749273491115012324712196531326125266167194988",
"$476","86213821563914120259366492497528547513967944319163019296955024533446492694880",
"$477","36953688946947579341397224821557298131777544741576370200850404341318642691067",
"$478","103318413867691479326631919880878278089169677520818561564683486394006579075692",
"$479","35261605177382053885074244457568834173087868921656122390970229934802406131862",
"$480","34931570575922016964046003320283669264818516286891628720909882921348421365738",
"$481","47962340260035806066542630422147563710296800048430857745791595048991088980671",
"$482","21939687177031417929139946562445703303692891926556008105829466343239912810598",
"$483","68698333727013026344677968835306704303799478274060761110291413409542254427410",
"$484","84817137312391322578462331080452395621520030769787409434318372548273101435135",
"$485","42413448195430578051112296054276791941186224892075367981937009274524118711899",
"$486","83435477448714857594870079296196347690991130532465091782741923328334933261828",
"$487","40240328384273270700874320496427132832329671045940082374956336846826950159838",
"$488","53082683519759146278374172541663096379217475644913496586048013869330605594478",
"$489","79195167045846130199095905628724417299193517886659955751428082334410491851622",
"$490","105799315849926000597797679803010463667726699386513266298981999479820114164",
"$491","54815039673507618971031346600835296802247022180560079642870539119264219337561",
"$492","112187479784392279369338849853647992833357514392218433180693194969348465240797",
"$493","90982005262942673995798185497670782317326814849615569508485725948989269663931",
"$494","297316884978028732700302708668060353237723897288411093638472049133382318645",
"$495","75900614429571778076112139611981238096207047383359130063606372126849707478518",
"$496","80336943551071881500081565506437967335103299962359763142957614313700641855470",
"$497","98751446727031077868146107485188869951759787349437366253437485571440382385669",
"$498","49064136763601176324199406565793936230406770087400442063237498903506485864227",
"$499","70228378956756800114601242415663239142585485055945930105476140172593831350370",
"$500","13813845116408142784934127381638583598131638661287014544724422629227913803189",
"$501","103472410606386194758382864584870859685783616725661878954110011837455280887252",
"$502","67039853351005454035898884008818943141304816932285556164985337234861578099711",
"$503","92788367724919234819208625551000307754895343537364062647075754184617452832693",
"$504","74128495072523241743531745668036750588882756685939222147366152144266294660052",
"$505","108452479233115904784968102618629447664810080510948503108980204155593042119196",
"$506","111018155978829417692394087225449458522595400511785987124979316552906324736830",
"$507","37024684241958633011484440432696185310545622331134629224226077064618203190261",
"$508","41362581194397762573663027337386779272107144008554900113461929679309717295298",
"$509","99825621892706016384439970121585955410795323933914318215091172329930436110553",
"$510","29466546163420355613986064662318059817171908281376432180138641348153659168069",
"$511","63788564059256352894126702446260578522816131416793959699658365062837628690898",
"$512","33336457235650209880871966060027951443981171319338806740993233605969665567584",
"$513","89124063041821833648579383207142924216831340149447318633101574284888933927047",
"$514","11227678228933479531354320356106187500313849655714929728614999711032199661838",
"$515","67086624196330292655071743222399122066737831875956127121413323295840628135597",
"$516","2026830393773151630957014552805323582739498527114822025823966569515453147752",
"$517","112305137650679779687825706374490741952670361211686744473931252404483629961958",
"$518","6252178327814376735060491939245922891954792373753078494566209853673619661345",
"$519","35192896179887130261914078426289692459417849144547685952424223681420870326079",
"$520","67800162287245963077860255305468161013366815144746190856017904345324874485138",
"$521","100520531023879794547975300054164075606099121519405017006502881496981262540901",
"$522","34179565143273705559639412221346068834133925003158017527038268600252565063737",
"$523","105570634918831678059164511693594646516611416898082508796246851235025315624784",
"$524","69497799565278038673203655862742190993207087099294088538411087497908320152538",
"$525","29957491171148200123425361618923761518346123665744289028395569841252458442866",
"$526","70069459981312842866686234701964584719727249621275117211000853707051412910705",
"$527","37366229288227790938099631639473721141424902165197870487451607044835862707968",
"$528","105652824316516968549831230666436465547801965582830029446520449972945282183180",
"$529","15223837507112779513262604479241887312182683402937321384456471335819583144656",
"$530","21684134841993463997252501843533597563116177012404437135860670274441412408493",
"$531","3384503787448886076346320756593495963886120819162443573422305527850776835903",
"$532","89762327494246587377391459702943802801554009824550198070275131322719920357180",
"$533","101339287340147080898748324734621635757690663367485442285376893848883961254920",
"$534","43890161777401058420236063739579677511121863848023961532088150542926459867055",
"$535","72199171007646654324951568347043692857041417298779815737445619835135068190140",
"$536","23926131551388394955041285002888885127605340201948207351740117701272102026970",
"$537","69672265810778873336561229725579012069663848154291354529935449258677571193035",
"$538","78293142615958289159231023400789584925468119526849213599817918971885248752197",
"$539","39224191686316684101139400309799073585459002325892991921387025814549125376494",
"$540","44725184721496502017974493194333296624711515106397722147137487297757124007284",
"$541","57596378974679821221128489584580888195026221496256672757824497112138808525695",
"$542","82177613884250623171147315169562340238746458479008460694497814104439366225730",
"$543","1390745726575533622934499206112856981757910386895014953012758026473490749865",
"$544","10621912973109940254787449945963539496009418968467283550523805027434362753715",
"$545","34199048415358895595873048463255137182035283570264794027801124643551400996191",
"$546","107538558868374389605912268560959037742167070489579308190182078326404138014406",
"$547","57561044738444804929698576230652602049386195718560729325627999495192256613475",
"$548","20976321860284834836117598704410025300152763274366203723864807813286677853141",
"$549","66704534961856460179915583432235816170572617468762149901150292320176950722207",
"$550","91324907249905718940626995924845569449668633786935679668295911056038394502855",
"$551","112433035410990314999990816400764759273232835905261750458474917230976455309444",
"$552","57790597040396701134481813205624066669962365408878391300193155836547609362752",
"$553","101665135806797302333487451236649941061262347770459837891066922343230585760632",
"$554","5565716876416331733642908474181077056921206832777696528601414079150299852364",
"$555","87286172515319665352159548177002260598608300529569583410054001120365372279283",
"$556","54366500484968764173765312143697484172390770720506991118227590532593213451255",
"$557","38321104132398688927577047719277537361606084852067987753375991584411206137817",
"$558","60309208171299741214360560937768669204815224547063748715227908091626357066980",
"$559","107345260283722512246188620819819892922046972349496601250636289347652963602737",
"$560","108718597975391190038872611614794413464434346242624120132933800750212337159042",
"$561","101188358944687865026942100370081775468673156961561893184498469349619640302969",
"$562","97799850289245702147579057686100468448821262030461607357996944328543448050287",
"$563","102480743235481330643936204388381289112109182439888694270069251354321948147424",
"$564","93024680825368741071315785352308436999357356424936176615325849819643524321265",
"$565","91867356223812849158407358504612322267469281542848576813669113035716556455403",
"$566","73722726649164507793129082421911470665914039535072214396234060665607477453899",
"$567","9819991376662360733865813032613849538782775799600958293971894203420863345961",
"$568","35154563786100557436166802296440015176494436934874374824017821437378041460180",
"$568","35154563786100557436166802296440015176494436934874374824017821437378041460180",
"$569","51202956577329330925105259961214240109295818184960801794373206072381744187942",
"$570","99516757396130629838865026885944363070070005685791753897688331328082099927925",
"$571","20188299861292881663045580218223488069429733385372044119212772548465665462489",
"$572","64821214284359244220952616727734219029495888590078224053699311441960839149072",
"$573","50311529481033574439758396338930736485371921947418543412955853037568407829681",
"$574","26033916865873830267752594671697092487606137537384147479184246674221316605433",
"$576","26001330888833966109866233997109132784880165748755613021451972992186061738342",
"$577","31625641523850917783694764024668251530541836832363668959564834313496467821850",
"$578","25392242129786894608348978008741672143275518035562333314712739083024587591567",
"$579","102593452899100257574862756988862560676668063896768025410040846220045560456206",
"$580","92419098286472761363584748976216251521843630821862741586053071771673106608860",
"$581","66092828087123213787440842585702948013975710365095572066911828502524725523143",
"$582","31584205367243219168562866473360275070263863917291502533034185482617241510131",
"$583","15440549911236156632708668454801029919526555233617349600229219681856081057304",
"$584","22202865398893971450863941839491369918564612928393761879111638418891663000611",
"$585","73078388509562269696224386959913576063894772119151043232899111345009158091123",
"$586","98819630806292330061236340024762008312474429226339314474768624451448298369398",
"$587","64567033974051092595564777194492392552219525129784721554199104135531118318931",
"$588","107195777287422999911084872434495978326006863311657484245941426794196406821868",
"$589","111875019406160417756298400103078937597333675736526143589890054734485741181824",
"$590","113524141412199264245871075963955616655401683139973079849292287541550066258459",
"$591","64865308222472917549611547848001490490731838801756988681930636089655178068086",
"$592","8761012730812069387108516459185768950818591445308130822143880561069219187413",
"$593","3264950675262405497745884610990329881354761200362555259174461006197837385459",
"$594","89689392515995336658639816598680825153353298444141902289544171059223470735213",
"$595","14191708055738893145849569734159981901360350302720961073418272248569380408959",
"$596","54367066174472371637359003710919894045247783821588136425871630224336855046599",
"$597","6203419182704485461582224847995003122961097888896090741506638899189665198982",
"$598","76808456248196388145193374551593823336573391712020557862777947098806853790815",
"$599","98739780117613395801775304836259395853116116196511734281519514437351379229751",
"$600","14087012920359772025505248217585390204577653884751014378201336830970224373466",
"$601","76192929468783548904917453379660200729990831916772790010240342109499788925764",
"$602","89182008842636985361225761535795967535790263563304012465306028541821776054465",
"$603","41419110970300036431156771438909392008742807359963316707721985029692442813904",
"$604","44010182322237214635301375697352714296338063447135021354204513439506089282049",
"$605","55659759159532048352333106838450762308467129056650996693736831392816752028166",
"$606","5061523765142923715976372190734750844604916157971005506652561362597319090251",
"$607","107371418940524504094383337487833594189677790141551770259129724318344584769001",
"$608","80997570929895524697367979326321344451104495595174127365518137659497126905298",
"$609","111719242787445914635787281124373086536960304632638107797095626937727012666798",
"$610","3061230118106429337043736741765284874348519212908662341985712454327268686279",
"$611","30950717397582930168803203010962317984053204706160382672858577601784881338871",
"$612","8129971606185812617741861913683229400411803983983010436577255730878037099900",
"$612","8129971606185812617741861913683229400411803983983010436577255730878037099900",
"$613","29150046005833028725088181850246169162927793563932392864737434387545515796062",
"$615","111513866102066303906153868645843652223696975019377033607849772746253414414942",
"$616","33095137709819980019044249603439098581823697815073082962547869613807920747316",
"$617","8859594452244600716959677856312564119865063970358252672137622167292496133468",
"$618","110260064080316545153146535907038336957731191231591463234888029155277196610668",
"$619","101566283669651675534175805768856521220033191255209734192419375963580549370923",
"$620","32039334276804283211454534322517872565841903094099944918145516991547474489451",
"$621","15510657619856803804005002934888871336455903245841937860344986735646277969610",
"$622","62539400616745958280221600538513530736362270353915639611890189056174482649068",
"$623","96438859160055378345811804924137281525347386250029868031443477698601390343874",
"$624","47767172066699517230318706590255282494518843600145492870700738940483303575391",
"$625","10145013382480730430210834170810709355759110896266297520371447858800056091242",
"$626","30163955198628632870141571654232939261876191326101453258932800159209823581715",
"$627","31439498672610641883915382877355022910390209606051512557472388724374855092763",
"$628","101270397082070614504322931148495583844207974193287385682923659819591158335113",
"$629","63873436441246212697640756004774475779948406567554494737966671070822233067059",
"$630","6793432453657181197175609470943712415889721185477342077252282742314773779002",
"$631","67407983388786075687623255943747872688218454676435277378825026554381274481678",
"$632","70092374982114144599546683712860600768827129949128281874816242657395398445127",
"$633","56692033943144876362145042133458062742933158483720393175497026902269520059043",
"$634","91166136523728650042635998117005199445663800845136141809548240701403641864531",
"$635","110095407592505888092494032918778377809345844721569295990145656170308545460889",
"$636","23027979851400659944386020814545229584955682701449076009615472079465534895766",
"$637","101838632776126196186998206831640384967108724989487234150085725297732926499551",
"$638","113951524163394715015691877675659740186322731173781095850455885970729830454603",
"$639","113611721942171036253129185125609362296504850168947383769659097588582287241537",
"$640","90468633277787556861680376021927975029723443804997387240607151312367016922870",
"$641","3448398492510674635252946684893918651615797582526197094350344826980967599869",
"$642","5968778200305481595461690500878333606238073973830036770503162304221252351291",
"$643","80696874369474996792300058910369510344679375706364898461927965664520012876068",
"$644","46930756167661397928796103305849754951859449229956929598164696847586090929651",
"$645","89850504590280158683440584352961122403218009928293932698334619214349353784312",
"$646","83091233534502273883452535926539885542320563781476445461646905406660506308872",
"$647","39890470828561389676282586857318530064674443969626505009718733009867613874838",
"$648","65122477618759630224959336364326359457491402669656316088156887343613846471079",
"$649","48285476347644773838979671198407602355945527928223127599031677275067765156014",
"$650","45170065277937693332233518238406136452411537225721540734222831495722943999617",
"$651","91093745981504859558975516335723673704589051191194379240393477372688762449386",
"$652","50469605709277793665354732231293694972534627701879509351848240814675347459209",
"$653","32006732922478318164581955222313519505567400498451251278772632819974693065978",
"$654","68930967976150465985843403867360178338279521643837564285582546139085684541160",
"$655","58166114495859854507395450357939505085813938942296319575271822445851949367567",
"$656","75201583386727079850143643427097874303797641155735078369701896366551547291652",
"$657","74640601521929275486893992419879318990738182216407347867406833519048727252547",
"$658","20330495335315060398468647804469609573425929167303212908255944276552899226790",
"$659","74504402993787283374417526279075853194408112839686391395286592456875710887747",
"$660","31398278157431493818610110694796325048178650931722422328173535928573089770014",
"$661","39875637545886526118809445022465224801393682442301132189370310943930801995013",
"$662","65256820995281103091813928349480964949769190838687630119720901123180441640721",
"$663","41457809906656155020027651999823977342596723673821892913922193541780137430189",
"$664","36197067751847259399019626165609630501749883908616253432807089791052681025046",
"$665","41971648941042809430075400059551462243909496540315020871055792123053298269633",
"$666","49942205819115628508824732531154162696650150821598148697338448736747753847864",
"$667","18687024120067476930511974947271532968752130327915343683460969562823906440721",
"$668","53117791470976065402414148351973845115131929269076371280404995376586406542658",
"$669","75781608980702536127455209241155518110452875981112688315264781312410960731877",
"$670","13782677377618417178094188612749360842239677509142428090873647213927364748861",
"$671","88314740930755836264351565036640984106283613369054949300616620951506668381762",
"$672","78741804964196071957314967745619454731502382901981350202291167384203590040869",
"$673","107502341586840393949117211253124685817534631054493211162922189235581709797728",
"$674","31458270587444704758256964884621722358842890058432771477043158947556740239626",
"$675","73883697394568067501932291864378502589186605658518128257620457531587089827365",
"$676","73484456229329647697635555046441204348471715210226014795956366335751875815044",
"$677","16303042038919480743445747948315976001199345518097872835991457120505247399904",
"$678","77824357476805109800587654611386773047260172870557529282790297292451764014527",
"$679","14623874301371384605698485634581135762855205945273572763468945520683771551741",
"$680","65815263585980293865143960850588293375129692126687177559177739642917278488481",
"$681","72683398031034673377066851288246038833845763967435275460424663291757432194309",
"$682","98606295385373024683359713271694849200236142892142327807669452103148903302042",
"$683","21711463211350877802656337675128175718487581956344149016017223979417376475209",
"$684","79025984194346584583817766624336629962641404013654120029129815763947538177305",
"$685","16439106411477587665898563182577841052140939264782242151865351825533908764750",
"$686","67202303927817365320004197269654451621678062073169468273542506924149592870749",
"$687","2557655969405885455197198045517691937596056540785622168520431353783112495998",
"$688","1741138209906002615802134237828407000427549168819951909671965002083654474647",
"$689","54603233069293319232753396908113660699194482523064202621540566589600924692453",
"$690","27675582211790139762491938670758390646825731532161038069086881675137249668681",
"$691","88617785193039559298689139008178795204677625633450277896937401351173045349047",
"$692","87200587034685400705315624939206511967792460565963311571762021833503676279842",
"$693","13413373282147724305867131861659315406710851694952763555002591448062054180481",
"$694","19570317107402529829861775212649911413170400832003105595802766082626661381323",
"$695","98147571218595505530793126679406268429611814041084808515488468107454747299747",
"$696","28588452060122849218653319455335761208990340035255893529491770658947467389680",
"$697","27725056898227274294418762838488159453245014341811099721626876510769308645940",
"$698","7306488096440026022298100846283977007971735853229365648468057941467798304544",
"$699","89353816814727299042723100164202022588409022353856318018876888580265490298003",
"$700","44127350945337524027321302868354331315107097666004529684168749619627509516663",
"$701","66330151678220225649913665196544997145011115259917323202016967537484530318162",
"$702","63621766637784248643993750935326401000382660058171848439827960824222033770678",
"$703","17529025896430679515577714481610561621856142650274051830564434702705514053",
"$704","26389343827675159502421795550446273425216682566122091327842929155370094238738",
"$705","73675651313257810904043378381764964847569174966907053119016223939469231232769",
"$706","15165530754441632883169362408998941989491545400321997872758267294043608725400",
"$707","55819323565257562101137577628125541875303282309773561521362158615069580644762",
"$708","10785651672491772467930416334697443963430857691082030253545322054425543688076",
"$709","11785072159511903392192761459913129307673820052255008233123162867202687014008",
"$710","68578798121345510608816351048995970487388703501565008081296963207088903546382",
"$711","68480541412439870983264069329579368720576290710610362519630112965135561837669",
"$712","26231963854814901752033162108159816950170258262088253021961209214442274538256",
"$713","31417166516632935498463834478403032280747009684926352556687050605819765080466",
"$714","15232397282308231647570795197314491441615963476070139625657937674058396132080",
"$715","64161985465043598327449501129558178011157013363873288034094815851386825464257",
"$716","5404667481706655199639172502112073323413205496295109245928147191444845189044",
"$717","2295405704247261098553006935431384314809891441376986179711005860776379747010",
"$718","99119448896715960891066290451539153533587681139479961677050170293935195574390",
"$719","49930637826992134029679820610005157872458202213219524533329457854449889607587",
"$720","67478235613675796005002865278326988021433872152546798669843093818117952814612",
"$721","89068041812878243483471166144070718197379418187677229794439483902885705667543",
"$722","82375207434512427932515015751867488658430240064464211580003886203163110179008",
"$723","58411899526657245046817458817231750816490059341186524606297092182405004204948",
"$724","93715406269979891989337372091336958398364114592377754678176715939142570366755",
"$726","97796113579461330112308201895184851513146252457834419218372438569206986454579",
"$727","104054250001280382665838501337658215734466888708920386204336864988347279824137",
"$728","52366036728212034893240012218217434465455547777822548258916908474791739883174",
"$729","63708762375622059337204401285395565483433404965448245201472809768789845911630",
"$730","15095265175030604065273920287283104929832093865850420029105121601178911946159",
"$731","103702518979908445330913208425346785716359432498912581564879791743827494580308",
"$732","77813786524938383210984503889600442117143943175032780192756066222385247169821",
"$733","49478410207860577959017337353874887416774379289003093422014974598794576499529",
"$734","83428628560556739930988886965059695995962847770486046269492193651977188947977",
"$735","92749645327036775098477633411284710041908058390563430139299274815929926135406",
"$736","101193103078137221039568747577401975309398906370323833697221865383008744315161",
"$737","15580106866110718896186526118986548690331283388606215203265669705472745241001",
"$738","50492663161644152242339847640318207053953434882309985273852926077277687251238",
"$739","77752115167849783640679436202081744666452570553866520430018873381659888522557",
"$740","100270020992145068350390907355451611611188641040018557637979753452250518564535",
"$741","52171867029410070685008128399536078632919069219521176661656592613928292987435",
"$742","101372129362712810475091464498740691805425572877690424041629027345304535546162",
"$743","63292763302612228295306257354264269683594941585759267502548711906522547132366",
"$744","84969879842238972056131529559407673434666675658232317597443392060043413297774",
"$745","86367026127384533224918661334796524716985506597352853110704805436758773290944",
"$746","34798498873740339912184883371295581199501682828972628588430516625845582240238",
"$747","67399812132176676201290821397909270133714385511626361293798526825918981209168",
"$748","16580637456743572712741398967736751205469972731328480591608299160046361953814",
"$749","110686521715835595582006344371456217057474228703529877932071462048984511853027",
"$750","15578219823411109359912124194778792277804182332980002126821672293518787766267",
"$751","39456862216929236517429944433123955758272818719567527958753040106738504041379",
"$752","18422465429072192633797714249977020220626504855914897663947139179129169757271",
"$753","53376644353933326333560939281177449395445444669790928649069068216988208320571",
"$754","98911382507446547287630070656401931901830016905891020497506501232081235127993",
"$755","19870964586726004851518769558588718282020905829143710109068413404527148646527",
"$756","98012339381605844642508797879421275578255560521844932574772022511774456699754",
"$757","28672315346750447219549957604977022294487284010749020411997925703658384766781",
"$758","88758832853903241627854097883168541263774654405562453361405781511113813085843",
"$759","101189580198533034972512022386112977236867954490769681746173554643103658445463",
"$760","98113851412452186553214763954713119807931490964711236255836234222438823789986",
"$761","87934877088542858579405794754136448516116328921573756416234959882320758495077",
"$762","10677700530445426757066128587322849856368266204633756948063856374923637682103",
"$763","82083831339761841957255529132320315914060971987749824133654935570449088923819",
"$764","108939901114209712327122301363368886136409426385274837220942771097338954651766",
"$765","59466060681126094062535576441619366495294594958470291303300836351290686835436",
"$766","7945427630131034607394216197672752105016802560712987582146612297949038747071",
"$767","95822981885600392899409709698539614088579431584862094727629735749024970857649",
"$768","111304803381423100434808353623757494293136409946368578729801584069074282188719",
"$769","30092986286849146508809166891109217917742973058123253430455020124012343670659",
"$770","51975602473648911288841799750795813121413019816287501818741190429641306162559",
"$771","29180516055070549399517769484345109585586214278074848518817143993183592002334",
"$772","80469816916967669276344086865868889153704597339200057573370189984753059295098",
"$773","110081781985538794050516878561314805985125541188633629861158995989666464641482",
"$774","101903378906439992484813960965949679366641032360774428519047386808078253729165",
"$775","25634781741411304820176169415671812349203077741230757219038720359274116270847",
"$776","79218546491937855960707140005383463332959465349508328488448885109745871811850",
"$777","114284095629471204962137284156724305046452135933826475831211689100262341439168",
"$778","112719452066195423783395857822811788931358501196020411576608076199529979010351",
"$779","71954503606581743059875241925664015494748222406731461977008787390837632534347",
"$780","58510943349812650585229246640809567347127977475832719030218764897154619477288",
"$781","47561748474754966307753973451210240434980644284110532706482298241071979816071",
"$782","38588798319588542099730026387823710453878773704452607082905764410697197254523",
"$783","78290930779538154686548054816318094258136189660601143570514813566893296132126",
"$784","18733997526943301350819388560135025494639969960346391741614075748346053837993",
"$785","80839859219373437353504307694900628029627705532075407896835717008284898478621",
"$786","95151947883155167395661443489760057172250903168729449184753867899563249844807",
"$787","65677845199321277724353095197578766659513449209388917804921742087398003413109",
"$788","7922499810348673779276995044427388523898204251924213901739913922154954798452",
"$789","76935515713425130421280910986097333051782761840469136755642620608682762913406",
"$790","93636197169327984753781828134105278238607767881061813745566343253435158878703",
"$791","69065124972203001393285027333099422973524480386377612543524047127225694595483",
"$792","21678024548682599183937712864137304041282106867348103341222828760182544677049",
"$793","101465876542728803079042349403211406062935183693260230663298683356238612102954",
"$794","69668093800509254908417144295580272654881511480897414119578423555857940909889",
"$795","46650274281913211169549243420256004986647240772390382643837455201800542888519",
"$796","43639957501479954176827185389777249739190314659140910289312488258989746184165",
"$797","61400350872327811230005384813351329707654968926694493180880044283796447956905",
"$798","33980360556155744363567758110699803163700066973418779800714923670411534199940",
"$799","49064850284662674406282734805858175945895935964031003622214299277596277766975",
"$800","52192207839190767179549368539143777592461933965855728116667926475663576036305",
"$801","45707650324008305599448759689166052192199461605745747722447457345290728535616",
"$802","69125035220817018343979827921503247500957121506959313289857109934565102429377",
"$803","100379200188801388589823878489222497370002959758499854367125329361012835737244",
"$804","41937429857762552636802989591274431707209788927238815884388079776560010526979",
"$805","60678542663770893053750638557771486274132832710220555177598337255751384899445",
"$806","2463637468573031081885539415699799601575266994009717785453130433463502781866",
"$807","76648591789297003035872286523389520118877356100783429436501879193116063396738",
"$808","82397082370562142627813069524474680834492869266002277150024442975393679428540",
"$809","61702828535463756565382611142295333085775010395993697140198426605538570390769",
"$810","13364378030583442105188615077667849811960909649812659404901544704643589644947",
"$811","29870713448465443037198307289003621875390090685721789892259277507403599026856",
"$812","76434847955742928595745573956464546731855389167572491359138073635587820257041",
"$813","73301729453932681227527624781979259138052542161537279084589495780722557021778",
"$814","71353236161567317621069404549746601649604826829558741819605958820982373955189",
"$815","10331170069808581079517703032406328787779826884212643592612042975661543394907",
"$816","21730662931213556385578201411327560359574621356840474443586194648512053968811",
"$817","87178519813279560160463706957526143491975609246150619671334178618864105356186",
"$818","114082761915625000624225373988132578177463025366879714177608770791478398555228",
"$819","10186433444458773841454209669526339003330228686738356876396060527290354135695",
"$820","115584058910134518139589534088839937443769012987000897061228570911098373249979",
"$821","4851250304682436166281423770169448317051995982582915357092894430968421190567",
"$822","99041638981935203381423402113364154914638376467491403887970224080051121952808",
"$823","13036498286970582426870322141117433909972855837533014848025566123674220548618",
"$824","33267666231321773861092180050654324359326013782040797775323111620487966278782",
"$825","88444305116619890564021636394367950919362942259864097151709869740856605631610",
"$826","63255635406080629634346467510872309491077051150841031056163381849417426753960",
"$827","25105047431465270644189288735338095389470803896128235970381134786636118802510",
"$828","86722120765340836498712899082596296421312735898638673444283997621314898449430",
"$829","99633262608340034298255236709044912990324079203857344630599469491939231432024",
"$830","33142005841607186378915291782554824508975281482357380946261939091701669033595",
"$831","68775007700399259400414889450755850278022974139932788755394011211193088261236",
"$832","64363755529424345442111997607862735460710731378967404728711513707911986475504",
"$833","12453643295557608456418996019024084060339682067634893268121999779721484205914",
"$834","97440716805471950885784253047301555131345621670813624407778380249800286424738",
"$835","15757632724132125780101084264786169648350341360062753939497936324620005121469",
"$836","53652407953358563029303151731451565074646811323102957239988168473443018534077",
"$837","109942717197647600005756925651131960299314873736751192926003667318121060162193",
"$838","18516700609017746986859631345852038666330038084775789234050474481511873958474",
"$839","84997097626233525723827224765559517214821574814714074422578843655206044048787",
"$840","10471743046593779668858861820049301974977323775778224081763660016430564078210",
"$841","48983197770108684428489108068757335010071364692091196170342175879820303322337",
"$842","28517278112603211285345972714210272354703301756704129278554811244116528059723",
"$843","101238102197105586643941858916098239369239305611541039263538631532648601406809",
"$844","95986057615881886629601311135796274197780341217757751763362126552652211805555",
"$845","60702707434192049646776230614450748690363915645894838549681719197594320544753",
"$846","16144779123477368495161855532295270471356754695051620410571119098041332522005",
"$847","79910281696010817778860715258183452145665206674645510753360563912052797148059",
"$848","96685849031920914206536984381670001136208795001143458943034408118275666461189",
"$849","55411397490798355648432344993633727918385276221002518047270378778443284491197",
"$850","107802886393321638820966300191894007404723840685993127429170534399085663704426",
"$851","54819995009216855013567086792669226913180880305442264578366061953973937334503",
"$852","48422807202971374943776139983944430486670290413547639062826322854229883520458",
"$853","19382048453784446123051567218312237047821299100923852916734879801781291453440",
"$854","52159142804889171938504123070758369182803461119062379553451250422369397492294",
"$855","7060522927899196341338230232883641824635477664861321626359798420039360959427",
"$856","109614956589681336227957629620653231829602760213646209330544824218759440713357",
"$857","63869255534309542592633737763410306318365858961193592254557071345418880871419",
"$858","45708407031221173115509818501199801039313081888828364594850028789945403360051",
"$859","89540643377556966189871226235428571528049864008659442699820110310791294742325",
"$860","26960151427448102858552718456337034605916268141488582247809770706124358947714",
"$861","578885325070237766444637793324947486082278433480573506516753776535065003838",
"$862","62472695769291634197943484132604263875980907105711940755091894721969706725424",
"$863","5064471744007954751002205506481855307882815222330438546018445816163238087544",
"$864","57906484067413812670198648308862819506973225655959164987510969701898617401507",
"$865","30263084505107638072324743477156841245110076550695869393803715059514212263635",
"$866","10462656507246030937145581135243359289364209369390584762566449815597780071885",
"$867","37573083107411522369801127659993071473728361598861799710865243832013620697461",
"$868","67679703571202944802102423851618859781927031395535514970693346541672834686702",
"$869","54610067018305355001122261844943898501062181370922278172815249922586249013563",
"$870","71575585914615683493607684351709285906614440732985825157841683767834656253619",
"$871","112430082931506789328987949935351819508818873024095808698018165997797359117020",
"$872","6637401348787516887727114967287469928290143745241725513455731505714098402229",
"$873","49195565125911178850591599687185497116370522633502382670129660545529392189003",
"$874","5496719320774318590186624435918763182551798666482624880735560117775149320173",
"$875","57071169312050803799808411640495928829440480515060701845236965455220271764387",
"$876","79633479578525451143911226338401032651535897690950646361560645510725327470299",
"$877","77777796921239594150050556520285364343205879111293838457240182795369581801868",
"$878","97253575244593429659260355617387594014057185812372679621762063315545629330419",
"$879","27805357016858228911749377601136677668018927900584512001727805558632254305297",
"$880","41945084882546780467764995068642491322810717590263862214554127581438565412633",
"$881","52584676832499136868074353320746917490682659264667400720710386686439687598458",
"$882","53302186700512801185171023156647822147604280709915536349306798187641643936379",
"$883","29129310047140094338680196923195738917768305877886088685033072056396653282182",
"$884","42288572734143260536226904003887796963975737945786957042871378062914410737134",
"$885","36973051391876218351394689304742736428995761069352721369111560970171866668513",
"$886","111303040911760286623224503684614949133207418568857060310845372628246853064447",
"$887","80851037215140381905118211582938107450963211474735333444505864638475042454815",
"$888","96191336141563359812419970676868332216467607967716781847994604823162197619690",
"$889","2797424036558819399697855120794724125615901630913195548397043472071711533816",
"$890","35786203216996145404492174628722225417598257734160691957752932892804201517123",
"$891","33675241785156301983018038548870278315327472367782937836891513665094189268030",
"$892","42936568071797561589890613370186188796793928685395118255704912867444995495119",
"$893","88517700290538652048333201547273963468762932881147349086706247291794626495130",
"$894","89724104394613545712223670801755162516880631779131762840168584880062277414683",
"$895","98421490235870506017827770704588664508288179716694933395396961584103186991165",
"$896","111881127765184921867129774390264695083950236413866823084751422486222791174468",
"$897","66649762544768384825844881941040663873717516550525311043388029425597574549909",
"$898","34024152260793640947692714707775455362691169231731405678986639935634605874693",
"$899","93406950388208860512342378549230380618571814983838075497535615853631975454812",
"$900","72763989873537888378725193194169462328790279377343389064996446575313547930571",
"$901","25464024002130434735660470475998027733061559981587499222131258835915928317804",
"$902","48621608583128376288914601128224263365529789011207657646183020811124299384801",
"$903","68056693686949508109456598819798748229417770221218956971519276988787204948003",
"$904","56665297074896364655902229390088266252022419281098951998730982914508819950267",
"$905","12162923509697020136349211749050590439833023109806173666585424523448286172451",
"$906","109296403780750568666900496584006856228102169702098747413947838543768788961671",
"$907","41200892600422928265327080941547076618400486338348885948325394650297760238282",
"$908","46310575239066593763024567748476878916376239749208314987330086232168690186491",
"$909","65842629204585653356353882779347777027318280386676146908093591429766571295954",
"$910","17277010187944213508391044019258905729183510816993369716132085115819617290984",
"$911","87094518503437988280581386728020397218761972994057483258276268362348060138550",
"$912","17517403325953299081330018669339485089278715854208951818215613503311891814883",
"$913","114318880284770341950425250826979738468257432653939019389787159608967271887750",
"$914","88794457484727721019944957716191231914700556628514794876154191118925274403075",
"$915","57862180934113858190642420879869239685247004128179083571572684407963592591661",
"$916","77783803771314866325477923984898541834358777659093333995710483353622873208806",
"$917","78446115009677794936210076680845781806758843773080650890398988164544555036028",
"$918","34455417586246142435637576019788635176217104381544187188068299327513463862878",
"$919","8740170172604455998809003081546052041897402861353744130682250408865672854252",
"$920","62533653146376374893013242332183239607083224834280911790112603654210184240468",
"$921","108889881077811134106341737875942221934617936340208236870847930315821805538714",
"$922","83741421089979428870174975636733627573082781413640763294661478570677090687957",
"$923","103542524816709609090643816862493477197148710817028837109409734580924288576837",
"$924","88067169339464435067189530240261552889647980136176265440100463228436501141472",
"$925","78925973998975645070525651832576875935143548336364335835065010872203402973113",
"$926","103094059531253004224454374512840217709859102802528000621867616394130100944799",
"$927","103702371503936421331941925550002492005239383273729208170307916175629782978333",
"$928","41226039345970340440979913712180548788520700283061572249328855088918168734074",
"$929","59902909638808160506569286735681105977243846296011035851953763167497848174719",
"$930","26268705294313584177320113938333298336447463479059714772598827521158921562791",
"$931","36819017547353116271482947356440561356511081279961036837975237761663925399686",
"$932","62815990677112265964596080861360858958409897611140048804296421207068241458668",
"$933","111497283813068108303046078794258261250943976514927620265657750083351248627660",
"$934","53781142261911658604825311897255733244744638029371924523427989107873624075324",
"$935","12060010737073239581169178271905983171066362384869040472801163840995364329225",
"$936","85304920437934486813925489079937408857308508865820139303444527348761292343621",
"$937","109901666269360465600448315934483957728236346222508192468962337406788381055855",
"$938","56937841823398367732208105055657052332165251466703475190583563280057704231469",
"$939","104413978031688052346772084214009905834715775690350524545234375198724867688316",
"$940","20685726152753734080346261875284073706705702531537605365983223223039413100787",
"$941","85216873826404212747803659379639541907312514401128499115648422153462552760722",
"$942","46535522121834154585553947547772669284723134604641594039054392692918040101009",
"$943","93743709383533234563444068036504672342851953262187983995410766781937554348734",
"$944","109084248981222030592908330009302565137897023278620034980222041722342171912445",
"$945","109637865781370342273915853557713916534689906305766353213498411351363264775131",
"$946","65286647514933274110962920172902111712001806558378851650386164957024117578617",
"$947","25632951533624196573411298354018265246039159570846060900779846817428036456021",
"$948","102374118681589758133237548462324610835279337023261385405987831146228125377533",
"$949","9103844515967717028181706566548831567566171847665637924448214242500705866157",
"$950","100205895305780156087282870276030656400619654085877006676809732663261994337644",
"$951","12580623594481659066107871227279505823670546590515080809815035948584500863695",
"$952","67657980607354293776043705451690729100777481459330388144482046108106107056275",
"$953","22428492696095209070946887062509026203348191213337827258188248771686910365744",
"$954","59114031128987705776169016966189791862309126398928700725056349423646792835846",
"$955","57284147327422504344584633146884392902315499948236506094251341601225589828795",
"$956","51113488682613285527264503032623546757991225383072781573066116910565888764745",
"$957","31455096970331668749343877261686227821495672429612322061162724434736317088398",
"$958","112649294131757054819981146484860853939374432009655182246801893280963051168748",
"$959","49200242446522379088350668102535196117627215783034079041621169591246785247709",
"$960","75935578691477299639862387105808674659932562733442610793062391541848822761820",
"$961","24740656633277943949857843047161414502263414564171510291482185866795445410676",
"$962","114899816893293101124179490777366294198507609661509691580946631810253216227368",
"$963","97772145979930554417908943079951447355971233348179152695693823812308177397131",
"$964","67531213372971213610375045886542507602302966303691302660275525508609551737688",
"$965","8575693026671793999079389890416456261073143845518766159846180995618732371905",
"$966","49882202657029643635438405359663423844557130676496649538752410407133800935699",
"$967","74870413567621464609454985689240046210685083702894197596114606920425676013021",
"$968","70226385326265804486495996928854095843734934770623791947595475163567219547485",
"$969","49624838803170415474776671386814855386095212589075507026941850332328600935959",
"$970","68543775360903037869757548757548296739622337755343432656241660927669884671536",
"$971","103259372418550565029531384676713681648589275570501703376578194659163864562958",
"$972","101849878551943230864522108250940106471015902995983679181353522536718369120390",
"$973","63912005491214383217863333371436429738361185650132979497066403214914993967121",
"$974","33604276317071502805440930867706228676072628474961164903495741738802851046634",
"$975","82007130220139357044255911186466444870047208557857461739834039677628631456030",
"$976","56908624864944764438164098448298962545999277974958477972185325880238091921135",
"$977","74549946688950287117087077736297302582001080620653813713622493154141660742581",
"$978","5361931164181393490457168227017297622368873909475713622942584754141455524067",
"$979","1170217591904955669046745611590042715022146327745020178932565799221341678613",
"$980","102866730334959850490575196191597647691625282366573608356273610107595239683482",
"$981","110391317252655961894442670924026738315280735201624002790797162757375991417740",
"$982","15344054871304847551463632169643488821182057397054626258088331161328855824484",
"$983","74710132699150908750352264115477039833261867184306969198184882071278004033306",
"$984","17196568659730378483598369644071226346882748094764069622443233167474109838998",
"$985","79205659459018735446369898390919946596451788485406028694076804551062690143218",
"$986","29696765225878324501414728669130767832861395828563810969481911133621025305503",
"$986","29696765225878324501414728669130767832861395828563810969481911133621025305503",
"$987","22841845405914325109931331894667595410791242523166265150006543955269254945008",
"$988","23668054359076135493781953565154506748307127091591584157297459634365700937055",
"$989","24471610167038081774519536117835121557007447067396409363578075606673341771662",
"$991","56222616617987677938453510621080857200091231928829505422133317160573956441864",
"$992","54853674272597902798097289177749541353130178931715627642506265683408634014964",
"$993","41773936567793058438781338638315524315121979453788702404840820056273487004594",
"$994","54920451739229833634492874084187748674764599990088514775793282620368366705232",
"$995","26688689866909102461231043843614464182801103556433382531472407791096036386619",
"$996","53540721836527935875818914675973790351704807656543644341956373084666131844763",
"$997","10372510208727013426359405152767309515750417092043517606129073588309338733159",
"$998","114007746775609428223500827023883620350402801580828878976306230346783778486168",
"$999","6949370909122570196686757826921719846528911071036358427854334780756777109215",