name,tokenId
abbas,52876315806350650954696299164347642674003415601304348480489806765481096201657
abdel,105647917012207293575224751759862339705773871765241369860551179238485514877197
abdo,30484662490239142142057122927623519568137777788499582748481947730491049385051
abdoulaye,28491301823590338077656135264510600140478765492915111428954307845922799882797
abdul,94878059974685897756960604171061600638344273490648695505146772125306865251081
abdullah,57075779751613437189893617392311251261588988331852909854570826295490658055785
abdullahi,25211540567574446928029340234972042766571786591420365976966409147604378296739
abel,90603691742299273856913820608013864057181732966248314556156324198568067987447
abraham,104316692081600486986478078726415163637542656118739628526137169413479613223568
abubakar,67531221865712876229106901473962310954428610084891177879741746802187928462785
adam,12448859646248600172672265185275218324055150293390944367030526317730371357788
adama,73205704943507751098418854266256594968858482729081508147380841751507766973181
adamu,96153464729272759869008818243431285425986362951396682275641860663621979678611
adel,103275212474887696098915632417105868090497516192243505772165780064379027156880
adrian,60790806638005769304317358900710483838997025573464155941446513161279588533936
adriana,79578730148933197323585415572516461649389222954013027580089960048086915837269
agnes,77970669802947203938817017571655296292879723883647853483904740919807098521633
agus,64254368357375688385623636653750499428425671637160329396772378939938154893146
ahmad,82948049630425693737260183462754206179856320534621281619767942905373916798611
ahmed,52811790679105435868551849759254460905625882049749267153377972377253390479469
ahmet,97609308454065192895945952184692447786204380322051095506370140763272292286821
aicha,65017838931396535683800269023590693767818597797341591969862262107993793389281
aida,27326732732980806300820906073104868435223673216263000958547906146991693758658
aisha,92096645018318158657841944594139694318692318634051111410900652237781261728191
ajay,79981977450464813329594825415400589911612737115417617135504194334523509837759
alaa,100645372444440558679081565863690413550504336334381791534671237283648801747930
alain,50412412789457950617090287202137706208779347253536134836943231200078503060890
alan,67244768563334193406888040164327380656535439292934685859590781035177931455872
albert,67282806197597485981567997509514472728866685872013105281230080023560277670962
alberto,110104655796146145597316602482801940783287130227262710921588106358021327470803
alejandro,84789147544371258431186736082141299969691004159145881450970327409067238383172
aleksandr,73135142953835407413624609800652013857269602448101121142976996735332932767320
aleksandra,61599638458255370582722995017237529798905209404949092003047777113457430289230
aleksey,56018451558464354547667221500147368536354505551003954649771270501744825084307
alex,83316005124426773257924899801726707131258490107029490732051499707027541287299
alexander,93281904573262757136638396476792895148194414577633855862593501750057154786022
alexandra,15283814935670140992587475794645512224757299094872703135164843641295337082257
alexandre,62493951550303619851361845272471105242244591563946041386155772877529923083594
alexey,109919375801828807846398719907032724142001616964708416012280638165807608896527
alfred,71747345161133910489938166924665974437297870073370103851831537319220929702389
alfredo,67218748095452890670992217789088638995060648459627754677419394939225143152148
ali,83747144613635304211635333545165617971487054079448676660758334074450248524934
alice,70564938991660933374592024341600875602376452319261984317470407481576058979585
alicia,22095311961457696703793375614385782222863335383404819010534980460943769886444
alina,110796954095655849706619242003211444240187349212272413251707688145099581210634
aliyu,113372394171268217993888110832269239681956567122631515961943181474813281986597
alma,32603156609847468340879573004572160624460378475755007272362568162375841051496
amadou,16265352155549434326103790676609223066043670205575537750252049010400527449103
amal,67733325324301325686427103817453183091289895435653520202723531859312305346602
amanda,58069201351993285631882703826913262520487100704583593337137778493062423060504
amar,68801313216198693016950434323713907785766701290611291502308335198464574197436
amin,67955855106657591563728694336109062279469864540130630368785637824529478642206
amina,33843658561006829009430854200542754150635958999919762158999373821158720684274
aminata,82962908642433637279221859419299921331760310441227693878660139113454344668710
amir,69132019924429809913789169856396057596897473699082403296864433150165618045509
amit,71521790975359630830694591231520344818352912236631116866884602233101369978743
amy,62133189762835733389352980410855436289303580849143147076342144968243505720781
ana,82476478557697394670649980979726841207738423377141210119189408438429759419262
anastasia,105285195155032102797381302287044605714144553038966429538382886074929339436064
anastasiya,4354310950742185405717882514022825842388359257132999160976502147946494378719
andre,5960024224244187729309131831472853823060848920635777935155709568355736034660
andrea,29703372479214673774519604100674909711730857971840460700104427539873068244220
andreas,89357617767695956872416119995152811161632747584289065246270608716448349605760
andrei,23210788796830680809098088089915222667522197364406602626460527365851760542580
andres,80508764155032109633261498732463091832817776485049744708645831706921041290366
andrew,24162561308037025439732480431769518157566869175679784254378428987170161187865
andrey,6133914384203591230421115921067452384247463704214514002888486369035454598764
angel,97870765939858144023417445773625551407654365496167297460064020163959830145306
angela,108666576899831534505609199928825930624118100110695443479175015533463795709434
angelica,68479815789003504757804976995310051048657224448407883951074320756014280641079
angelina,10018992981324727374628696489321224807939450561518781586012634265753221327501
angelo,10729979621586611179583482773984390118154452165910558245825623006036965763302
anh,71499752018864098255358058057947204572728116155191160461908466778418237090169
anil,69768074070990215787643231450316902319297866256491495608961813717050654310594
anita,100921218345754520800813225052986787527503898214555710980534061349680998051947
ann,114194289027678583720490263464473517782639447551299688685286256418111460628518
anna,106834080685532531087541862289830235610135715989060526259571581253614639858827
anne,49223513032666459470252303438607627032170086521255813585624502305398850423397
annie,17064663436248477983383619964184792746568950253099698837984294338305367030058
anthony,2728711829961083468894391523538117273968098207082839382446934324480391964607
anton,33140647941922039481270910957802256229837612205320065596388999372036442461455
antonia,66802890265897163516429718875386114207377290534602714491140754835124478164759
antonio,21245587246141278203254367713179777101650753442201789108130906980161603046119
antónio,111764442951977233792102469791241920709243414753061662117049774606306917635048
anwar,111387081671172079739599052130697639399428518389812388899181775374747239790488
arif,28779325105749333453436817243058413384991328902281075277198215037177043757050
arjun,81968703935877791169587116293904559279487693006434270014504277598824732189330
armando,56700395556857241070838800638734138409762549591139788926974621956673284310486
arthur,30665766077028246185145979615912948643051676848136272349654227185967561514666
artur,26163390375059629715213990119463963038246305680532916017558668515430396060321
arturo,87172662604898930785738186244324695020197159988910955648479609382216749686389
artyom,45834634180726116852759952121243883714526418578307357120862257689064656039624
arun,95749331026921995089685259153056491991474720052774794673082132226242830225946
asha,73529944740790369208708433743169793523270767572833527630942024044147421759026
ashok,94797603316339799996510112240416472547696676155430354138815455988289561902259
ashraf,104991774923578263054816283557411300949291281730746209621699586512072334933923
asma,43275476392261098547485542291661454741733617722362017260590040849374556626364
asmaa,15063343223069202003836970735238290167344204390580831427481716312499027258944
aung,34482787408649615789089423494796943425806806300599766818154215347159754304695
aya,89702332974250407518689072558229991959591518930492671114056297930186140424954
ayesha,82560259077693148770550541737196802404310980415505589952981892634938253672417
aziz,84955804424694755351686410047129205369570948209162693733297116989500685765126
babu,93330876925413888096209557797304983211898496064930416502795312022245184050893
barbara,30362436989613277662888700876117795227400989032842493905715909132965862420217
basanti,70434194869143620196925120685912382600764001880617950927334732302210737291072
bashir,30472883638918356218857806276199100231339883923665261036149300617481783873472
beatrice,33491303583833982334976535200342055510914943520792632442098720627764786187375
beatriz,91600698724992701547520963584323000929056258542610392740571794161947442963601
bekele,981819117156875716128173838002057992300885450822256444054589944993608012828
benjamin,32870964899726290063279722512165416129172464550783204167947955218027905315484
bernadette,45562541036452857761321423936361952617329354611110006553777798586771618211444
bernard,79231799058973301333878380434757149975989301206760523891233887406530921938801
betty,65220986022871343038639098316867066387702230888418824712798492763854495238066
bharat,96924059239813475082387967671638761591939479914556982617401493846009924011953
bibi,111136409689550892806804115272817011010516036130901425431056655958780621978410
bin,75597213553489456850595782169089952864135973557538316136687885752939771231581
blanca,13386436872484525786759034523134058775827548031975275350584709806297101222760
blessing,70150784645383086102709169088502363565310284521970295512789959878184133160281
brenda,89340921117473501521783655286349235923994295479262978762703832253285799186869
brian,44252927396191700780265250116345721473298434200157771582954591748498849693618
brigitte,84456703472995165603650103258098191265178473039624572857410794885644706499436
bruno,60863452333111419212012329390977179562840535928416193897526355854813517381797
carla,100001412392732657888064903707417587364790601924513330024243627657968042545609
carlos,75429399991229756219388779674807979043620136564099606008221995674970260085637
carmen,20438724933848003537336421687572842337904267037944761085691901960118475824168
carol,20046778210887091122393997403894044484021514954076855380656162745479176283391
carolina,15640042962680047754043794964229121222265169154056453645524592638471247068793
caroline,46947054103780999251623592485656330273814749743742161439159304289664448727953
catherine,76688706677147942505506906550783668324924037889074689636423516415993771530615
cecilia,41201777940066829294152368682925571847274929746575789850258031741701378986993
cesar,35425590224587710397856510721388248877730985704758199741392761645438456461934
chandra,66800319683488445526046451065944604772813661527406000206754531052680572326428
chantal,7441177713107042128226198487361566364048811202005628190572054772621323325236
chao,107007344912349108460136326072099807259744944115742486405256891085480423610148
charles,92280170350366977334962473659634991977949881697361580168182914833602848921641
charlotte,36487860966322159000564548006875129485777528668434666904633911996434158844088
chen,29573754792787529145347759715111484941472781146142359671102060265168490973863
cheng,32360109652578811419933186295281516486467354835070441558718006755034011417872
cheryl,14319963012403521431380474661527617427180007118024924827582627056729416691766
chi,113313287530272144645465623240139007074978841327095318393755655398924451519537
chris,43420799647277302842074502441723124694102561959332473820674410704087239728574
christian,10099363453046729921882393752420019681217302272063566616179044098645520587356
christina,98419499375850354772606295333158604644933396200153900835565080266125396632922
christine,64672009311977311098534571595281896784786847308042462418810173544431764918222
christophe,81792249833756867892958055420731612500170276040764462513408731202618855743582
christopher,14647064010579129300751162875824949574329511905508028379014934563034092330975
chun,85516535054649790308345416815157365688263933831256442080377487520065849748523
chunhua,14015572200707951963579008747821104313236252843273710725759571000846418235249
chunyan,60778703898505186965306503418547646975910136708879893858370642907412463444050
clara,87058982361064472347077023924929221390073090352860796625125856331749740796151
claude,43019471533686305250063441977657397865360773634117550493277204742989200609839
claudia,15660313132380195414668661477766004142286344689304995341523328839553621491860
claudio,104728497765116520751180047906245440304598675360369732007315002776796948943609
cong,19651573707852858022216616615815051214914266751624220297520164892101192556166
cristian,44186099675285750788262619226985820950191657448424410132789929188634853393485
cristina,40280575518694651804415102148582008651074656645796633608035139890548031177037
cynthia,93080187600260059652205692946913543074527529233514969594554176584614614502749
dan,5937640693044831043742687576832381236844559796982887719320099253073173399944
daniel,38257315273529263425819922557048307125909359227399306802702704196984237378496
daniela,35319820585809462339756665959478228573024568538992252691185684729035498392577
darya,94962479170176553626486728092954078264273085995679936006907676759349495327007
david,36406774806894695557879221606888343833427204239625304723858181305680317208062
deborah,74954357728323529703131729321409412995896959192021642248874209679270211769313
deepak,61961577196470742856248451833202672633553844795638182653498803149946230783957
denis,114355981777728930516833237898541547163972066841711014594204413256543815891654
denise,40140903945783226307740393249772076824115802949034112440253188224144703665101
dennis,97788084798197639002469038702682757635948977762435639921508591342956812852535
diana,45492691032753195103062665733521125751078258994789771362953262019156017580076
diane,77970082995343293709759671796744688933240255997874237469539997173812755344245
diego,113070060793040497797391013872212694460224097640611951770085193748702281198303
dilip,17270098380479550134511290914026421498386194667231490022245922676310489089165
dina,79873008450023362225975990321073960264394411567796168948186515834371268953612
dinesh,29262420859142055870144851347699893540501371470905143499054454040738239226804
dipak,61755084877145913132841644744295992024586036057685399375820861947345711603982
dmitriy,66493315560103911918094665890687647448763331206231795964379585149763961586949
dmitry,4388388047553581167475517095654405872086089938833753771210815870621028988719
dolores,58424865853389506652051247567840700599632124642222455703539272498989856032778
dominique,88734520925842404848236857798842547268597506704115965191533333594405447588481
donald,102682152456474744763817424951159909637857366449260776965494157723401225504528
dongmei,8979803568789632590604187476023273969350800242099958811671953538863516137004
donna,77893145839998495143090268960021070862107232891090830127913640761826424631886
dora,27817654811185527450772525173951751235794490985534372675622111578586062384835
doris,5123776893226882857442116932259530677496626110948047772847634196454254979473
dorothy,83832174273696229529041575205872786439416927775822337678775771353042740540781
douglas,99779454358253773868944151393551432100721358573450646312144375069181190000891
dung,48165060182103158358945878981951900393693410272388164244728717492909670314056
durga,108898723138792248326237153836395229568516241709073775479617493719858022776212
edgar,10509820956126580739544910122973470681636942035847314850712761617264453702629
edith,100411641625971125616436098411612671136336022300920851600322451610415618272893
eduardo,55140121445075717450090458674727045267469373810476820622441915643829401690161
edward,25014097495884748043528821101687383504543101904889124457231574690131085287209
edwin,85697532823911278472844036887927152370210748288763588160076074870611817539653
ekaterina,90925617782459035596669939001194754161194462968566710668173575915923220336449
elaine,13140467341190992811981322635652017039335446550548897274111982613575289039125
elena,70241970447541620296168516289475239450058741265431706622274352350511410209650
elias,23617447426119876821057532515367241568484658141491557989030562459400554896590
elisabeth,109727819839295452754906486552138441774396434974631297584551853843543913656657
elizabeth,43715808282434756672381762591947594976955798582989243463359365368583936957619
ellen,83552111748299684761971974993995215574150857939896731984333835968607464047908
elsa,63215454223154737173003458984166282426281541666863201734993359848953002890461
elvira,91806889726810196320546579767954746219185936558667093750572610944572188684778
eman,25072099572120700641581002800507767221180513105544344355665178196421497738070
emily,110949770862819103047492446138750155096238264488522694040276178737144818102293
emine,107171242284892059090341030418609676555934056609905474018537705624693607002129
emma,3531089572230997759736648910078935077997651910238765641779090874578397053811
emmanuel,5641110660635513481794851892677170888597306933960760941066866039533683404628
enrique,16900342159002644772425393671619612246989434786732072743526439755319050173126
eric,4865375041753669936432729862780843265633378602748592879513503705952381089700
erika,57549791333823037113280129110698529482240543375392758329728889956952061360815
ernest,21485043728489915528095879104758274882730112951915398465287439706339179267666
ernesto,38778523756691156507614492067849492108008749791604143038464976819091472757778
ester,5476705156707381883359231984796514976070605871435417166135292811184608679308
esther,17093775347563661119356647420520905905151567923348427226392948289960583589640
eunice,114667446867429554845532661810350815986388819557826449586807000432757154161900
eva,99241377463448242152202383436987521722752049534980613755635398715153430507014
evelyn,26960449887689525867448636817684231105762625367790377219195976279839830322280
evgeniy,21950699990193052267917285702645891265261376470751306830273925689703688502823
fabio,52291448638385013075171790014750057057142160801299992085300515022996891802458
faisal,87947780864273351182314572174398142746641482406731786021079133303585194306056
faith,43738206289663298909538318440115406278221714973839188138002138271685155153161
farida,8494374631540542919374391511373836909080140800284693095250686408648758038688
farzana,13391160249056589614433408893050150375380967664416512945085648957451489309244
fatemeh,85802419878135036436543722579350048546010861357043761536208273261613307058899
fatima,11719597502762890680997448468996461252975562250430693774992357747814215098828
fatma,96264326273789121809072043929347827329996305147324490252445546435436232353831
fatoumata,60843275532961906160544761632973275950240848871867397170100877751385119080171
felipe,16389997991961136772645228219142481647983297435719510777572722384152969577673
felix,84795152226051012396997791673633109972912119989097402241897906665591766345843
fernando,46162601826159432433419229779504879634780234606080599540886449551503602143671
florence,38122817057191132936187915107837589412728109617806118722745840276301795405959
francesco,64946541243884024163521533548841502962284134253283250585210988833898915396627
francis,59052617872634246112957371162408263944735597031547323422299105723987487851125
francisca,16284598901031533192869919611721282671651756280595207713140271705871382415641
francisco,12841390856506739087669783263790212678668889807806633114750534362640560708933
francois,16165215349150612224282767562514959736589820566113321200692138653779213597540
frank,18846953988380167158716906723161056559208238480777401686501778492579385224921
fred,26727768267041282183263495971898525918990563326724607236711486405538233775637
gabriel,101261117615659256622543182753590253323284632842819732200370076424370691448781
gabriela,45276362790404584610530013939788240571082591901046947013241311374847931130472
galina,97434400300530542572651624433057112869271826990155758706111493036341985283182
ganesh,109216669535002585449729467322732768672409876216906923812390645365202629844621
gang,57697661975270691796133141233163990533785524768048158530708168269450837228728
ganga,107180082852940994359377481209103694425575760717335370767153491076917425956532
gary,19690483010342313264874586238249953278300433509919146364147051457691982247677
george,12596019701698698141533081182611427593892999653637527621706319180992409442772
gerald,68200329360433014739732945205127519364801042874721309901553781018886977039973
gerardo,44538391642329671704809203258204021123900972352052608381411116870965582401586
gerhard,76129034855262850515336048071336501517029716605101033542746322436925440022839
ghulam,4973963559230772815582904333460220136359884373665019998863913263281592061363
gilbert,89531618763845111613450580947966685804557536934435041539146778146048491977367
gilberto,102610314460183235645851544732938596839161479264842276233271960725495378346117
giovanni,34827063632033127229327264401759301414074846630373938885833116534576774362269
gita,97308408412713073684224168068506433693653044954774927345186226443155095800434
giuseppe,97310811710617907702620425656844680700986180276612581539874211623966095098643
gladys,47153418408488909281396531810310499213580591470070882602023486393778909398597
gloria,38725880669221683357143284374222040028590922754251365166844021080809295163577
gopal,50498360901878328735138746165038369847284704254891708567275497236840758546183
grace,11968037171241056672564637834940788638836324969937569599391716765398988601662
gregory,39154651965220483268709071381112537011443458297069325637495523307753522059850
guadalupe,54214684876943620448685478395745539668500874493353616338892031298742222666448
guillermo,101364776123484351592349152657508329332659204574477927851954249738278835282146
gul,91924997658212842885731029660426402728191766429488634593186766764691583021392
guohua,88939840112165804755406833195226501294247667654714191541249941225283560748222
guoliang,46024409932730775123613678022615941555624633727105485579803584249347168333530
guoqiang,50871835394222256235559834002529113872215467264738059147525748409440477542751
gustavo,19150169381796286969728277705763562649136424443190283868004021542577179709037
guy,83928102336258141813521418572545557672466571315955920087894126111838404774655
habib,110621055894969987676887195466349858784757924953915722854390034906764611142273
habiba,12930096365151540495940484374565597890148502348973694813594606053550164113319
hai,31524581853298513642279408632851193554041559046881688747510656095682295271369
haibo,107663029374011882812635319173775059294763015680559111175487123122275823271920
haitao,45668236101336133337416670017742853907609973837152886914457290822784443030520
haiyan,27739585854079139585086473307857022396645922529553315270465426241890960659626
haiying,7997370771143949945876723949477756114091548710279926329735480221514398449937
haji,9306500898909770546485883729818848591075859682381070348770535112028886758960
halima,86488423166901624267752227019960868193906810132277210651374311159917096282260
halyna,20105080375476169008688042121533738648117464630398181967010062474791580811749
hamid,1649459708925181787634759825369254033679818966883444232320065691209718906870
hamza,26307420676280512675167956959213188352024855651194692049394767922334002641988
han,70076093108646236286649684789610351924794686083174915755687310422499576569731
hana,22289138189721817466341387373531009086137999376222028148540496511373915537735
hanan,71442388704057120998664929745273860479964630390856551115847714438618885955554
hang,18062600402205491016718885204662980789098549363462965430640335676933096009741
hans,16105774303302722430816918174243326420155851073733328052950691750176693481901
hari,20727535455842412933607232179962534284908750017257256343979896861469620588285
hasan,106697426992328063465907335019561128418337532937509945171407023780796970829621
hassan,108998946958217941470291538777657419577886016273896868884547826908856467047118
hatice,43930012120949096139037548436327838865979675690889223095402731055093053142411
hawa,36162432019568934653354657057705934712443441899378365838365045797431331903341
heather,44282261383222988673719228833372793901231542996324373348715482968433257750947
heba,27061737997445830801980099333740352698449586376912917887932277643686076276704
hector,100016260758702558298407160126237504774799958010154414280312233479652559641666
heinz,54819463190353726926796704166235122420585533027525716019452687034851835296153
helen,36674630078637331533148714378044383826495910111244239504775070736904698877229
helena,67618271238625160067283974030373588087153832937177865948165150330454332029131
helga,15305840688468265835270190298520811068275297703106210200951983447172563651140
henry,46248778517870881558768827370284873263574672552869471726152935890076995287
herbert,83667277565454717640817943820432989449633449000092639564624295420642440578526
hieu,92701518026013908470206880120447450469409810391537505392479572795181307397482
hilda,114041598529265220387589039815391003500099767289987670966178693107606244286290
hiroshi,26904016890445536858600029288104664928371438090484431942451331071948556829834
hoa,71809702142041681177360771266771052180691175163410331279312060990887222447615
hoang,54555376770077834482325342964621049372981946580657183261190330439314114484720
hong,81438450307370325922615579549210395800202636181807390345090282467894802641990
hongmei,114961004064565859098390458440008545392530330578578958213742719530921729363011
hongwei,101808960186893948549250078380157124811472817298465687178949792509863437472866
hongyan,36326383319925764087596837516851131477944743103607549889470286695503773667674
hossein,15640335133330379177841854608155955180843227796903121681449821217809466378002
huan,28857295489002363262530327005411281734036099825114470167546156239793483885634
hugo,78310716051578017201564915051452775650103137275286558697514236640512370191520
hui,17481401226484822761885764399960920597124417058259581857369946188938505886890
huimin,11255688811142577479188343792002649633919483906007286119241499009489264892145
hung,30553420819206356354359928531243868254769466700198683585383740121801235307098
huong,79259705504987801684421421369246670597999213562619099424353137485331562941460
hussein,35124171083395234861371749301802504710203358715064187946274090699618556877613
huy,114221451154309865671608573670098424470818035579856457672002142021008665838194
ian,75326308763547771143345755324081275041458165053698404084472416698298463108299
ibrahim,83145342153126055023242907547408411757785407292822679861713028301995410508195
ida,114209791453740040046833988880983767153234747797937867013465427781058087324708
igor,55168415076506771291687732722696098486444739046001229815299483955137221368706
ilya,1925306145132132532888105915008300440967249016650257050352481690717091831952
iman,19683653510381060518973777975274159401237969911950481774569939406349928456464
imran,99800910469145614511523989870090732134694214142503840271888728436960591021608
ingrid,101465284123812096686138592583930052358006397970035726293005235642100542798122
irene,47136248894511023173884788093553794330385629636635488199746160436435789347527
irina,67774357045237459740110647977496364779629446784845324326730578635688591190015
irma,107277581144122485591992564185915715026939219562312159493935630237139617101791
isa,110481371764996336232674827912352599527116519675809576127869668288001701516678
isaac,41030479367043414226144958999858455275798862781545403480199952200675025336032
isabel,14347295258119986167763253793679854081287843966919571355924851748480010300816
isabelle,11200586064906713895516079681337447347227739949648210769857654192302417436979
ismail,83328000105368068936147811855244928353551540243441751612954462426301462466576
issa,17818979597041403165199220551760770396194946731635938499855729121569228287989
ivan,32787954936841594525368229665472762379544371095587481397705071925776468912386
jack,33687116104337544551297910814087434652901753320388697567633012706149429645003
jacob,111169043544503728952886363633495435040517075728721677513222228701675895468795
jacqueline,113154946862625875668100332653950215634128974750559997957236520398042542074073
jacques,86826169624013107139004363530472270070405819580679919039823584934163949024713
jaime,29573635097611966816839806613263955709799214534200029072136984134614100013340
jamal,91107353708340310590216325761362808574292113404037240315408030482477978320385
james,44914200536313434904559124615219796564217992361192654728571655391877899179743
jamila,1678524536579289293882559852995815627017836363197822566385170849101242464518
jan,114583604393215775459468301289512364740765854338150995721479231186789264185488
jane,26526121089926505044478366524514496366290530291986433704829690260698791567190
janet,34618047545909035682088730814722274572781591831404214662119467514296239506172
jason,81883383169509704924897753488369316905643465824536847342494897900640520670624
javier,51093485028052025548267643683867055166218129421305146654239549406443403407787
jay,50477566728473873826595364587448359834759081621215158286271306275967677634624
jean,37246725694692802444700880380656602514703089719455766401748323817480921693425
jeanne,81470724338115430606195958126021373739848353422707050097122048672524689933497
jeff,26657826876282465211857106381914182308395102358548306901030807163933983346654
jeffrey,17901970170037661117271087659488356376045535251130375943709763822603009292087
jennifer,98044368711447516169354992027475557433269127347321237117662464832123684207144
jenny,76035538531797230143516934229893460016559188819210185157399631248768807779541
jerry,49879568941951389916079985482023466769429615412894577342789237764363837708502
jessica,33187252132539860800625359085507266578443523900947021355579415728795389409795
jesus,83694130751838872128540124577141231977877046451738845062564634165960645381243
jianfeng,57822373569956170049991446603573517407147687437957925773879022836370199541213
jianguo,90039766930712084220900719209207937231643137179143417859181812893332482939394
jianhua,112459073053471664491100325938649447192686193968475130139492999996288263448771
jianhui,113107771918587225042902814068239295681042433011449995336843458185097599129826
jianjun,13737184137993141413784097628710969620749512506421255630333164268994968056507
jianmin,8628317828027132121352017646636119386250834073403425511364132186748601286090
jianming,109231746322853092576836377181908770182598400606850564334455521669782015430311
jianping,63179905657296502827330443267118137911920092506704387778051067606411609911761
jianwei,39195948435630257894194220499268898035344388314124644681189203238094742933971
jianxin,108215724187466403874614346262864208997560263240466470354773280288464311783942
jianzhong,35738693662316912605044478519534132280342439801520889343042778901671080718128
jim,97798508370448710775726510022735244219611115139452882332914793829093045982430
jimmy,14723563245134333325035532994373781745297228853130190864288907158386681463858
jin,63692171928096184943494423869250671232295986470183859802335959919591157169890
jingjing,47355089864310728610113008293636832455197804594170098453532481637977733935570
jinhua,73347203283681505052405399836184896658414369209765323448754562481411543192597
jitendra,47176433264584717437175425756170902414830232957590953452892425409682701555397
joan,22825248483195244803849622348511728158157086510278027189968297955811022959103
joanna,62648339137650124095358775415031878528347212147939575332373189984942926312015
joao,18926914075672445236432284264294084485621922388765528381725566233590659992918
joaquim,25320185080837571887151527026009281548139992789813229300703636576086825794080
joe,25613934493440921849572946198211482890854839954883640366683237301245636174088
joel,6469606819104092163140283687658852442778479553293645517487932690486338257448
john,70694162814512123305866781082800737123702741339454512099742422641772307495996
jonathan,29250191555588277398295823998473479609088361886623855213416606993337463334074
jorge,110944451650242112819718819343273292685060067525449838053933281958180853793992
jose,33461084668494652067356807667193423402581031300437537430965918459512355229711
josef,29416409573372593610304510133221447744061935122037139037584042596510909292918
josefa,71381031104981559363085540078729885936597162048531026087010955189895405377289
josefina,95156147405849247969001226752386102170994471067793710418774746880895034301543
joseph,55544399842722567516132498826182533525979912323131464708024547177028356613534
josephine,40986794737480983005686680857339137981928571752865959348183507974464486293300
joshua,1955687850740747424137840247475492765581468069214695628736688250821912623850
josé,94850340981196255244127101627823500857494566445534853293582875082923324724624
joy,4988291629228409740978313919048831965117448729709380547080304646102593182072
joyce,105475545140822591444886888884893093939118150124425792843515675115783134930462
juan,41452367737734812534185011911822285564446069337120525569847354644876517392589
juana,78972989641105409125103688703254810114012814235957872386280688791745488684223
judith,34171725999643684628677352983702655524116537614607787428330626085227708442255
judy,74830420202251758113319788008811812081675738833911167078716000912720906256648
julia,8088130067346829562484818595017922447484227425439362324884041329536401572047
juliana,110120312898152364422627894339949352381832745596281452679232557670348643510939
julie,53220856393391700981236825659080670635534717410272420251271511640120181796935
julio,111738999080964274296726518361300267086585019897647084473659284488974321507235
julius,12068563744363964989020061307162662085416438648495934319541557800959768614749
junjie,60117693910975330134705589237870639832632668455458918780453080330581768706946
justin,44559849266051511039981566155836278952640914507998919458047177148561174041190
jyoti,30935338439469061960891450211046002063561424278988559202223916714006159784069
kai,109781988673669157587982044233695953058998998481117353909060993854151105277247
kailash,28880418184676389988986227448461386807772473846493661574991987439003231605995
kalpana,45282998230805448990151185683290697949649227726647900775514323421382138069670
kamal,84302930626771216919512239286435827358096472137238918944268269789649663102646
kamala,34418158463924838592344758594016918938597494203936458794438772950721867379358
kamla,56837107725772698998259600539234022867257598491299265420589847285961411312609
karen,5819763444639913215609057034183236104573253554416629620732373003066780784007
karim,74326363047099807939240664413528950290273284041412701123293909025378139190069
karin,18428198912294298594681280246767293981382769152953051936368712368640479351473
karina,99216635805121203419215882581559581083649487240998963870905395971882906016159
karl,89541239344111740999311316101264378167532450061615138087574142660138466571261
kassa,70479547680187966877039436927046968859050869802775352434395251757737897523923
katarzyna,19918911396977595040444731632288864035022709705350233580193058066924727382613
kathleen,48891055110331228663902761998053275051586150423141880945073853043539367857475
kathy,88595378190016836660871737398011949960585781120606318136798191840913172396594
katsumi,68737020194387250986142227349649676808081313241562171304531601772618389313374
kavita,13389149811804196246572679717670445159871699755230790605917813476087596033646
keith,98256589655585782298827887078757582170169388234776354888509509698733389429004
kelly,18499793780895511901272861312208172726572411214750481257409341950539110904061
ken,108557008716349819948112419469444761497296423164751538829878648524602824089564
kenji,40372736938611575164309905009022848182642246173285392151457686267188529652353
kenneth,25219682471038503271916351330169248583430831238495714545986796864757218929128
kevin,24742661538997726148852154260789832125935544698972868952733156210971803065841
khadija,14508281494411214030459186816035503569587174938880490793041220126317593180928
khaled,27969153323603493737587336431373164563148738175905201794955508307176965014069
khalid,309828248842206795657362753542245327279304867035540171479218524043918986184
kim,72380058285640735274454919012303778963416053620983069298493801373840587629059
kimberly,35946129762242341936348247483018665422917738563673253845198287281793739179758
kiran,50677008412350533959371100470496339011925268822764971011831666683021080103078
kirill,20989535210713413479353048243491281116463915827528993323052288604096786992857
klaus,114172435002953802420033165742961244649299745675589819869709258751764163360470
konstantin,32524863489080482381943534369547482863417966916385406373013882126627261952363
krishna,20931924322179113503281581140553695434972884809251592592231122966441649762439
kristina,33471367016843540016999721395056871036719269195976551089838108012248959774030
krzysztof,3948595868179032746013044510546109107033659931431825819334770385462775845196
kseniya,76489712065583740570603082562442445519246227132694793530047596521353908587981
kun,111295419337621537733407614100524818567403938872276702619747769311370450904365
kyaw,72008955765308828129630139098588856758904629280218705090295899041643719861279
laila,53886685673362608411927421950156118087647723649391957928530322378089086306082
lakshmi,19758588498446005869851889289501100257386648264137290129979864019453078737557
laksmi,85972427877846810223042269078404523307600115984244198713590460224378374374796
lal,62619605957928401034251048136074867445566808389060231024107889066675166563320
lalita,81972099953631432098447914548940100417102096706084807988696076135597523909483
lan,4691163340474271867839733227558245534144817707515977692278362668060686237161
laoshi,107410404610254123281589323971024232900160371775325512524503458374032756637580
larry,51642261290124123987113999051891697215550265269061454558443363901899214720732
laura,55960088332892638439329136311142427159269791779370659242806467800330443528481
lawrence,54629146177125664742374009367072707965653118894243337870103267858043602133885
laxmi,41810830903667096222434115472184664683990803272669135532542253637232351113998
lee,15241548221223244778456579679760995701786704369594136169580005837723478241829
lei,88478205302806388838321574053140900670667599092269600204473494741767479388006
leila,103233841923260591564028227804378559579732308508757530304060404397889123203319
leonard,84418029801274423190215246750530959451945474974548917042111829784914474559066
leonardo,15485678857962532390818967224986791219693984717469904698731123470698637368026
leticia,66042497867978713308692521122175823106158031189567135429216810473962878364565
lidia,84342091761332439418710048229900240506788421758001584290751232477649747112964
lihong,40422601423235132172812487456673102480084875134051813924346720795722416590948
lihua,40084764198357450774998673694636838774425574371000927900291142791959955606615
lijuan,35710565988717445610963332903598605140711087296911487855070172763326349850066
lijun,11428515476819476396191559186877155634178273061777393773051499337625456529015
lila,26945702390347473400324401633840983557407148733001723819328131770405276769027
lilian,9205373224547479914031574863189629525360698849334289157282949900873156808484
liliana,5139961811997488580425345563139299074501554319070963925710832722865696299087
liming,110894125048023723357973082313542801464572156246727769108649916873049583305079
lin,94908895321397811643871687111081724470592670755736623106625189778003376992955
lina,18912431844678985278776832307926682913053492650997061691748113626862289954576
linda,23542730146829546315505495124829649934073029422885691127455919928284239031447
ling,14912798678220367691606490247673964562570674879569228320566902487712040667131
lingling,80889238004414956228606753473771293061637505374969438364829314536703459497922
linh,112365135554559413059014746981012361233398343181756886990772147416962335122550
liping,37711013178344845778943634736611937069670231779201741259844626152915333062418
lisa,57427211076639121979851541287289267123560202524911795377482286576883921261146
lixin,64812268017111012721146689154062746951297130556897906271581263810943583094850
liying,20115742260166332029025022651384761117781644384391081164286137990583783445942
long,76904119310352073083796192646681698225629176168809217333568880093586796914373
lorena,5092589987248548685943843356642970078818185270541944265595312752788142420853
louis,113268954066778224924483115295640446166024953800321243468186372609461027880818
louise,87038332603297686525366238927764736359407468880179950570657709193065265606277
lucas,81240358592192920722127710026264561089078557677711667155994100615405771703534
lucia,48600776600282398389317406927917545352813390240923417120595661737034587541750
luciano,106843529211244030657630621778296627222910360504087901237871161813489914028023
lucy,47124986059740860655814745619003790996322843363844670868473763041544097171488
luis,15768640270076878341175039412133896973600956267551796498581508331098277461878
luisa,66649111701377623049097587350887606926501333127940242407608183494738907587665
luiz,110907354092189621720630444078598753843729375874638823930208290308322679384378
luz,27015353996304432077605697066260729663922736758247893302494518238474038021441
lwin,14642019349884039215918193733901316387600027175896607228347266038129343159803
lydia,73614693489538426390192270850188695150054134388077643745337371249884770059293
lyubov,42019110667954211470616657592637071184800681001175388956601421601419551178480
lyudmila,32156987239861652740318429920264840823779583184640549407279798359455833661990
lyudmyla,87550991664867322297201637890787257005469361222904837235507346299699201900833
madina,55964930685165258679123348202089009906742506094246437964050595000705728454756
magdalena,107699370245452492889258484127645351129434568784170991541543771759310303115483
maha,13765927136892309696834140962393611535725322520041792974216770026870813445336
mahdi,32883220770468831755688552871461315620255561428626493350097468063247506637270
mahendra,69044356023462444583635677228680378239607974145890445714034651287373784661026
mahesh,13256559685811460369071284552945054395363237939589932132213622456541397697344
mahmoud,33929244355290258620995276852913889574554634143574700953423520982866767163546
mai,111475659124054336393221248006922258901317580203693735544440203912072035828371
maksim,33303909046770311083328155973052762103054719609323683832007292765376722102589
mamadou,94671331740473377610944311357383764795110120436149089783204651629433451013314
mamta,71960700689277020412316140807202249436526660097542028875589686373764734144926
man,106979285005915105900680508898433685748346940520355640873645261314009964206397
manfred,82713725038296099393286986208474968691740443595773095360161157404973934125418
manju,1260164675223032614326492598509827430992408519549263198308840822102617143041
manoel,4854624966251113400586600240496502488573080210731423798189546769881002800777
manoj,93142701480898645882837151711859533612789377483610915178953122638337292029737
manuel,51109233174265674912395558840012378440732607279450439994838021101592476081727
manuela,11503670342598384918157513610607505614686245904204529939054343516049315520201
marc,90073215016522175117859675536303240142412247196868959362897034459908379966492
marcel,46152314768092770105266105760508842920062430244058091075485322365513114471622
marcelo,104814031730713670141190095769332062338227235494227941175269917400154625158871
marcia,3144856764787171009445758119962340167786891484539737747030100111157009407839
marcin,99348992967458742044964733540087619980936775391032140283861535155985485441999
marco,38611655076938727590367281247710421354087380433560551197690241304354314403738
marcos,100946374808869164085929580299566816231119705407196020421545397978931298818
margaret,99175969978000647545270551798191884586101453128795356453236587375912732716390
margarita,74435154452332316781882115849711367468105973308921150898193538340493440039086
maria,71499185337892953238103060844512122132473018301745310282414951216853693720231
mariam,78093084178152741505132985731658941442255620922586253024669729026628807076846
mariama,107541981446016484377646341560894806248563673943061490532199966244304241529674
mariana,31719418617493178786939833334200473193339891569768882861393421072264099708745
marianne,34163940317077767368571985082144099930566457907311783821838764335929252979628
marie,61290149560074816893862174570653289305956351193544910857070740099219208869372
marilyn,36349168588169660045063764118369685864683034405352616919245702380966458432442
marina,89918019335751893905290456803187351694902567990819461933373290359431820618784
mario,55259066467185884511078990412509040119039839173279388520175074403768609410845
mariya,4985724236566957384975609613294825197536104786564246280264118346292109116042
mark,108249858041630318180542143137955324355954863672410330334829394604809474518444
marlene,58664275255628383400696260002565146007850039722556649324941554532004509734243
marta,107650655245992719022187779294308137550449811127657137173897834873167086178336
martha,18476964614082676319099277642374534456842268884992733947362981219179803611776
martin,19648893693201738668417974968841358603170421674573023122774348924565593878244
martina,86542691054070679209692335210857527214509565188996576823865790585846054632620
martine,72643854837514537258619387190971502661072154506151650390923243618962805881407
marwa,16839306214650678705826821662214649820313132054679864467811293817677728652528
mary,78469905837343073964844000536973106761327058714431095724618722231362599127589
maryam,58897346220585188336621261455779022164180917973544930709863287819029779023759
maryia,115031090001014603622571456339408126371812428422818421113067606611601158162127
masako,49323296519596630216786859938614081238807203109520886563281712926335542316295
masmaat,33304767037295483027138139908462022816997294949304654284827139355182894617839
masoumeh,87995904312952809827554641157148661343603426289962785858456108835693197140457
matthew,30083895330607567676383241540229093625450273707377652784203509915936890732001
maurice,32895141919227411719220117855873318774161264850373788819337979154477297450834
maya,81710218065086272092193823375515482873321714265877079803834760979170737165346
mehmet,95529979628718361106090302243780980438700245418049723315608431554695016889293
mei,98983405433714162114478323048599257757736594956173515628493748110052492420444
melanie,92176643179273357538292560981795773121469204912934658562396798629492974337503
melissa,114279305808975252375546386625390359715534249775543404087842417478399886274666
meng,51356205758259295457946578104821167158597111557462177844764593080236730126740
mercedes,55841986348601808795800370350352650184474714184724747273546491513545658742083
mercy,60611316772337092828662997691946861395626830533269110108848569726082969326674
michael,66775983049010141076515508180344323682128081416414124170827593276887868083586
michel,490785216862303236679644602228639119833648122842769531642462968099450004921
michele,104835509967084693237784238028302860658142249670372876255395245381102406825337
michelle,7604433710985087351043117918083499338990445660009853007680913929850718550441
miguel,37756771661979468160956497351815506025789043646622021825978514784518279112155
mike,52631640656057568599438887130175036056477980420583748083337662760573655563248
mikhail,101130642979633640238772901087204942979829422636690822569699732990830957799917
min,96522708382095927031436841368551469099026770051078418487314201892524440611755
mina,86324699605124713926417002579292272318033107239650699156198010079872421714687
ming,103817193669321977399122098556011827634811685586011437404028195273991186721006
minh,12334340800958593777467042627041678378225222104042605804583703222432278448215
mira,22525466630966598848928789999894602506900603399969195729871270327398366833564
miriam,105323644406254059261108483728692381833473046815329619101776061430268460572732
mohamad,64132954316387371840345125560009830971803466957219375951188532251924505446939
mohamed,104860764502754893031588980579623138621620656400821711867312808080484636998019
mohammad,100842306032529089322654943330285622547900196355199899282441266601493282813352
mohammed,73553907352110921410811051752062074377814007727754321922694911580332612608576
mohan,111193525669103315570297549141548167493771874840100677998860440755670846531963
mohsen,26718865323101894606116037543781681686982110652354750690960341436864695612565
mona,66931320835792993701303549247174281788576548381929361006080512919911678810038
monica,37153878296035069388898353683642692948761423086017502912319636733803818041547
monika,9656032185887060013928113435797462471864242659296400555939585710767714043497
monique,110598357392551633700477729919685349458466961478368210278591158259621778686210
moses,107161860924755356601746196813804779040535020224114906938291736331118059486896
mostafa,74851305701480233299864681816353744095294515080221628581926203691277934529121
moussa,75565286399282807173935807611243160032935879643819177366137109263752996666911
muhamad,62234725467514412037673723410835538933419286893887090060238531135279485901154
muhammad,55975696743571162647145221134224998235542620715471907216662968432105532945988
muhammed,17030045100898305008357994085300945158141649900512026651848895398981686541860
mukesh,37912830165640559013024301029548807135096404569208599472696169271199375873965
munni,10941401191235478831777091004210037775298364058771271315643577452760866936411
musa,112533287021649168769275079844798587649449649372094356970637515135285603840031
mustafa,78043862943885602651297421990233009210940532279241774456171971810353206527101
mustapha,55546165295984467169772785418916284354780407898479141533720504766217344724132
myat,87235707759544041523567680220345402873520586218772749568828459392194864665057
mária,52517110309412464465373258819207358546537214146154545903222724541721000153178
nabil,72101801572059274162142884098746255428531734513925232887556162904920624354952
nada,6375852912495974545175784902991482462206105500903833366356619001339172266294
nadezhda,59492034571591821158265755789795592134172431458042044152076145794027827383556
nadia,44285349347288858734544853919990154486464843848700700338908682984341690530086
nam,44098704272304316549291441575752217407499924793254635197860098606747823557760
nan,75062544212771281021281691039447034741920747860562647509723669369778763725403
nana,87618326698983942530637432431378971570787030096335919834765550887990232121887
nancy,60412658372580140652462540868694435045728018758109735712183449273528253692158
narayan,14341933602877675816661130253506797213431963492090800129331639538500110371499
naresh,13321664462005344037746236505414133794942907480395510912584660938700365472637
naseem,21557205629902366450941195857030593587369286769546468091440713201330833126897
nasir,38474243679580181888649979487912415190652882602050507235923842490368830525434
nasreen,7260015364940965861464822681446369540174375787472641252246533487516683061537
nasrin,84166561310587510054044081495227956355691081708161393486996473535977551560052
natalia,38376123276980286121587660650234582461248151534811001273265836659711822523326
natalya,5575730504435880429946268348330542010287296883183164830682347474392997049204
nathalie,74998962723755401351211190353234128410370693524980730405056424438786032540307
nelson,114561036585324822133618182617465666395448108310587810000059613766191894889765
nestor,29625194939436442609361167362750833598558756469941179321649160612469182167416
nga,41404379394305243837942949276309101082613941370728059307925507788849753470792
ngoc,21692274345040863381944272943929177791505604491544310780779946352969485193049
nguyen,85849822617674607563263109158533905923079011341261567134122025829614712617681
nicholas,68717805779725842235875385904152485785803432664518242846872103672998116318270
nicolas,109306350978814615613219301678824619326530801796970018473980197521695579476653
nicole,65495280906229601092019443614938636823396853960877045207986335457804610533746
nikita,115212759234632963560804454356840338654998417103202651447039041148589418387133
nikolay,110145433097577836635879543039544788901286898917068246421197092036559991061695
nina,2391626012804246759749908378177359152919451673237705935815736445964473255402
ning,77433373457047905847503991742592467459109479105470827464935980815092210191950
nirmala,36853218723871646475064792420139041867583966234691988955845636854328278346043
noel,99451755149503456423330190570441823771837646599960443386355890849991301430525
noor,111717440712635230889963981548454671299517345422716823836020056843269416934471
nora,76024521185502712610406351377910818872252145699796200835353884472446052533090
norma,65136540026186707196069931131985029995080748138428265410520917577148149731622
nour,71311409644077713085346801126502058796915272139216417182636125738923764794086
nur,8634003437965265545392878815446848552336346417464013264729247082103981311735
nurul,31869863079019937955807806979776566756391665470607530650902410719067596397096
nushi,35191513785559329891128351821504757697415004530926449491269227326665702936517
nusrat,64687843390269168002886852896392384205290573430359730228619141967938953123547
nykolai,54626465527380187944280528447402103404572510820529688195908015992519918446523
oksana,58569935663181845427737312082908695641657302027868949644803125105817563979328
oleg,44030335455911388598365729770846992320198753490452156961417114186893168218264
olga,57773753613714840566502695239724176764681283278042094315146647482300835293027
olha,49278159650687759791556460879838520542627317755056835057161540503289352489875
olivier,14156248479875946102892713990305082752733321383381331237378002198913340584176
omar,113578488235367038410647197335758889743422127565059425740923367704334171238362
orlando,32772369418876790251158214692768615971655784323044869908986924403526247004264
oscar,43037849996988296389601529900715231106161966717824464594984208444566436367053
osman,55816984731972971408937170981999119198629177649890141774412284221948763744213
pablo,113103483836899851286984249019450630897037644812974558825942825471878707870613
pamela,18812682886401629323656520368363561717622529724923654403493474152680419023473
pankaj,39632829233369492834106783196924049772124193111080068945202327607736191219138
paola,87796196435950452018459219046208029449484068577827216297354293656687592108920
parvati,115644778616735195404479194432138335481965268042080467262613857839296636576654
pascal,67247099900447749797443241079736144683013941110944755815050358445319211545194
patricia,43185006989377486049607457759255326897174375773394349634859740781484066503248
patrick,18361267878915085345064839767762996071466483048123698352236941493063785443774
paul,85604566775863511922702956178915374775782418036268384638508224920020197708340
paula,23961787389341790315023463742691606950848857737181270781468676186543013810189
paulina,92411988633520987427710174265949675282764468413639375357355971559413286900101
pauline,68555405660180939555563136079902755182241346838473707881615668784881364579550
paulo,32339622459459265256175447384147637142527390600497489092377149541309832861920
pavel,628517637851885062343285464429370892284952290852611047654676172343381216278
pedro,11338580847505952280617664587015065308982354140747289001339584497117836250471
pei,802188110400463293143020195178646295599112309458354662252494391300720647724
peng,67056294285694207448789407092300882665686446414112088692491374375944131766829
peter,78446248525180503528372578188480954736076679586802747425264446303022641234376
petr,56448031128773860878121065336482624837258276271845245050263423454997619337287
petra,52362974052156863225265444211207438772625872873365557954218276196031272366638
philip,85041867607160590087312768480628814410752258555425604606557143522526098185561
philippe,81732671654490018494380844347318167640515286405375939218501998319216606298054
phuong,31288987553076942462955429189747595471293728325937398775013383017777590212450
phyo,37531916930800071028851757926324952722513212707424514701957526078739591457225
pierre,46269739191348683391977087876629609925725083208332368033276048883226006838564
ping,92872731123277939251523675970784814021210990105702364387910549294787054827975
piotr,7453240973276876035236191037201686956324644317850322946170848565588140742057
pradip,39624030718032127117488621452083530610677475571508723683212961645849734475502
prakash,90413560737792843943232085106217618427947501914644278885392571469378639031069
pramila,10301673348390029653446438411420821511921656307229401032025044691993399592085
pramod,221078582587156593908759162509926768495422479514570624776782341491315793657
prem,62524117303201931897593519757801565194148848989719998015700350743794643404696
priyanka,46466288951267422775299767629470845044360814903014782991038532108711908541679
punam,86894170521356763025826764923812363006967987146922963516176164070914318446598
pushpa,23517508029154865121095881865545500470394773905061892287932638193233360735415
qiang,107046056936119803265965950700126666151944022612970531608240020068525524559592
qing,100696611680418851945269679873366816457253652778920599794471578175319249694049
qinghua,66122330080511532894943473456471827148983737954747025832164409585633010615077
qiong,53947720022884362455495277377425651618066762948460355544271009111937945480406
quan,96681696812080744338512657960882655016057845597520654648915430056573063528910
qun,12434598756250919705119889483114357679619670509769840055986173923415846271157
rabia,246244624551554998030517277420852867038951760675087127378664078236410340259
rachel,51957688404388185962475880972548645298624183741859783994719545821039256435516
radha,79720859849911754958004205588639925417270073341602820382256771261842243042839
rafael,40755324600811481479830989528615554067320610412330463940238222227993197554410
rahul,104120235775698687195866104904813793564979113357534591583601851407498735444120
raimundo,114592597948876336994545602976318273940745983418599489862871993191988392296887
raj,42245452505584111906115689062785778072337865943439592320319869573402613918599
raja,85775118462860354129016047123158671295139798906593808526491171518634536555530
rajendra,46778608438386793982551179213636764558546172755463539698816693097616630889904
rajesh,65498640091356251510206288588729145797314331497284154593892304274496809035462
raju,40334367879881557791428158680220930806322526387776580220306291359359413631581
rakesh,109716277370149468586579457388481587750997006766234929011665601113612005359342
ram,16412927927605193393753319357358929929418516992580249480926320971799421573439
rama,20892893659257852563631135633710402038309090879421367802102172114825083804859
ramesh,42665156311409830721633402724010945896608949768401787189779554261686824416332
ramon,16634162389652673982518148061599625325045138821124327400001030225932163256357
ran,6864179023262010926378558463475564475603946086361274341214032152961473406711
rana,40484588343639396772789030871077109607806033817962702755718745741309250469431
rani,107193520919193386810863449662057755820569605352611577779240105707093900865303
ranjit,93126903212665041388289369264925913196803891012701596888714950166963224327676
raquel,100953702531623783159646388837068728563191265959244639130115679731405095662562
rashid,15641615091636549408443371336847890591625765642160653156496880383439817612180
raul,80702715860577490055795180764235067505680563424186044511492272123229822685301
ravi,42106133138846911096320569425223894655369839646580787391999620390692114520311
ravindra,112071695538502616156639735524142401654731565778620417603014492235692543041499
raymond,69971138682097900346726445300501689873217460377480538251628576740728969667457
rebecca,104948189291266133009176979192339275304349024384604674882568960714467484763650
regina,13660810435248064659020840516416149848189961518139440227635367160404435941143
rekha,36725523760253081711797799903151390002561760502777306913590683056349252948981
rene,8610841802628721897145763143769746990530211612153915525490388530367808239109
renu,38676493110859720313882231657515224356637906272302675350749937037994802277941
reza,114258081703303329372140911739641557286519971368819459252118289545203460541465
ricardo,56160586921881411214694538419008262488526986201583466377773231479464383925035
richard,43208528448960933435176012850116675989339523423748237892087854099587370677425
rina,36904218366034435973251876490120737596386636605345863468181444424792020293816
rita,86972032229891569449621375593915200520625056162257940780880425172736173771885
robert,38804093479315319927314904656007479218158491800625141906242490290653224366047
roberto,43427183496062142912429670849052626317557712061079247243078689506192386522915
robin,77638985117224350391102346252300848783376234823337093141970173970612849558208
rodolfo,97037073774797133558162811661440284887820855102390067235891202499970513500170
rodrigo,19714707550689288887987989163335991112196845475523606064712236126570326662001
roger,12526621312547262817201541784722817926648474473330598781962484889636711784447
roland,84341101982962672888614952872397984392280739037527725071339864374511964673629
roman,2949130264704066181452418887701544904159403670268874801689794903337094020800
ronald,98534956952054383272728502349067138820875365455477073481476247139895105897607
rong,10944322209264275734557155652887305429012614000718929251613508316915611598297
rosa,96664743792524760807473569004755927991555464248031923299662637826548481924530
rosario,47442869055694032785756373060579235466900076911397636164463009848239748710866
rose,14494228788298729551072733422335241718534035487772522635549962319112801928958
rosemary,63773251926263394615359542443519707242613545234202148213206930243678492804595
roy,105777642032448366460234198415590594741299614061019231004883639673054673335513
ruben,76167574446162124030506531120891250518533625470042938113814495195929279406930
ruslan,101426992237425994044924144118657335600256114775412124698939947806210778052325
rustam,86617711590496066372723139470825970358921490997583613438768747878614232255009
ruth,64271998653312491550007345999631498940038808796583200914008197100933570955561
ryan,85430847168360350119346884813553293214550576531433046205283494670099197168935
sabina,98396196023435736020306684322335640887180495165242098130946455445368633804827
sabine,98695321277302117577402506509747393029258645319499759749785828262495879828172
sabrina,82983380555736412894733551635487172647901184789276583697570952486273836430753
sachiko,54293797877955222666359014858058773412252037736187850146896741654692845180616
sadia,82301788760208303965393715290460001685981418901867365709648627602253065690574
saeed,42765765593781702698905509384158658012171584000410798129308761160204976873234
sai,8182976780440262884904449239381769003151071390344270459493731236468498604362
said,71935978545972286925741928035995844462447668838861335975120902009899881138198
sakina,101231725375952247427622770891877270668452716315464762500222921982256008337922
salah,105541453873724992441056933104825061292411968065054863375617515270867693058818
saleh,29073843382086246834633321033968753411563420827996963347869538696906791621674
salim,22576347692782687448128352720364413421643040818989300812693335766143091107737
salma,69740720032210047600472180697117182709567949076996188873441875383969267314201
salvador,19853098175182039240176897081135617938834827387346601076561107852764932999692
sam,60956373277406745851173330917284590862191602034873285767589341078769139295461
samia,1459706675427688684000477108167994749978941411981265894619316694035436111090
samina,23763727006454890999443781766904754760433366972114180150997028909658095731534
samir,82335395963003658121022369501233255030558819817030322447103318398332469836425
samira,33580022290827424866586528655903323999701808568447973891032254341195393272146
samuel,38921253278108776956741801250580353814892681287237052425525727295214550654545
sandeep,13885884295892275996660202129060752185709229563650550128902062332564596782678
sandra,55832297513510558289984623812890480052069341702953372851437138229805186756824
sangeeta,28814261605229809973355857715739752114046816904447892855180007864632026222289
sangita,18046524471504275957755523020636667262771806185861500941253666150458479484327
sani,94174799592411738256943018481008373592311507315491197194865572030451689321178
sanjay,61305821720134727858303038097750956519807675162778440519895351741485864483756
santos,84114491700825333426982352012153913165266295968116020877769270645479767242969
santosh,51188762527342804485179426776773420539049408662460045948015718380749530066364
sara,105154243833553924376525293247859087996731846975111985417805976687915152048304
sarah,15257025176010038988108498060580823497930411579054581496360695796309116078886
saraswati,7727935858990956597332274396736238579809048103008899299692987977056056252809
sarita,35672355240898785146245872635634670014205038785854893924544907837027637482259
saroj,27334260258369058400921805828803426256670595921467945888675368799849986824327
satish,66368619348169253724679169309365909038992728983072992985397712418691895832816
savita,33497162210084967746170378272556690594492385857071629453279213669141769055580
savitri,6935159739014589543492351603521756738423886845103947453803353249228369360980
sayed,11755698658242097192285749098679695305352047532966831625361601905844485447458
scott,32108336122678784194134415388993342331234372794597222030730067201470625279660
sebastian,10150027591653554008827632439184708954786657854741578789938108135957920436992
sergey,46523163095938267606664716159300340750204346895764055375792672063245143297101
sergio,46272679383208720022971531316894672301172832901415051323075187490711422017319
serhei,96756503682715754324467036163737155337405851903847066862555039252306195880454
seyyed,68194512237322972534824572408231363919793161490683206240159096335236920573403
shah,7975870780184514173277315769560012038411403859285586044438508384946803915511
shahid,107879779323716481032010662601971645991779703935734558441825347235556029060003
shakuntala,28739826753825601166849861357253218919831051404356329660136183817113513531239
shan,19927785693815895957126706677229089345651887226268900605047794969502881896634
shankar,81451950770921930265815656087994430268570112303946785928549101728758382083062
shanshan,108527097817723765123301201246286747305613221101298363366390750943469024689009
shanti,76041586629608820365063864992127075186792366388806738431684871245484084173480
sharmin,47737357595824226692349077434468061550000315133596518917155740741553659184286
sharon,104420706329795852799969362576954714471567605605999811265712066484558526240085
sheikh,28799770799133419045735227929148615337435482367388533442650690465313035004274
sheila,21619501121979062584908521369989013727011485124765524464385677546679128257330
shigeru,59355417993424340382628848493363718353406794704989458518597665939581755634234
shila,27047393467159733197361580739474951373597874734438766015893462692170761926623
shirley,67041167397907545823044395508414062000986886429263415891022164735012765189194
shiv,93529465491528807168727742537978380548377258958106908671215185523790810251878
shobha,79932442001986027486234972989380730424665894229400597092815186574749912166370
shu,36527555601696424253304301330259147611707475264497830880495187809571828226672
shuang,25912735677507669337876764752963920884598717316741632495017483045851637954288
shyam,95804930818688635380580096372595795493161108867742119771195316042277177598466
silvia,29014302274464155583905110007013134162345586195411497265875292969897236857809
sima,38461399989518313215430813000268600216395530927972989221427444677095874202053
simon,8492213752179251183552007352498476334925567571124276513561129427557703567946
simone,88610353030401975080641399141320711418720016060558753294328116023552725012233
sita,113282641842042183837857322973176351977558543074653114891709387231106366286271
siti,50577818586702303848087381349856968100231526517508554790284882410888420727096
smt,12437374210701378026945271119658401984909783749567601009876180046527028789654
sofia,82482886726314803463580383132852326041827926146190990208628252886466011283386
solomon,26043569650174695220431958333274350752171108696985382711027646968746634429143
son,78247139776850291060909941098279918349821622198141141145039724663744616409065
song,35877081699692744389263321756278554159584121797810895531909558733786663064902
sonia,63303461481944158890529287591142423142902612604456391231222130486905765277556
sophie,85112065069206599849894581069100301433526563678268040912760462325931430148968
sri,69427228008452612182362143790886500288187007044973966796076308088490296377955
stefan,111636475777204386843693811119772447488335265099193401529494538237137403257439
stella,71631183934847636640310246416842730092104120091330705664073356748004517646262
stephanie,85365325823431076593989806016645597640490949361937006210760978096198654867946
stephen,114679143495099664583235473190433823509119277097614536064088347479032553491663
steven,83132037644538144652648815001148261131166811833670024765886153102926321691464
subhash,106243646107866025331082771961627932615876957824929342384908958507101266912078
sultan,91569344119731038286439430164870458998011047448976005234908190759337171603517
suman,29772124098905203244519590898060883430643061475968345059519811305223121486586
sumitra,52349113366909465457443876746892167823016875387287875933677905160866615575660
sunday,67373224234560823731305544895289687851503628337910268900037157979916214121681
sunil,6678683037813731857926407483923374416176117993051757584418382816089513284352
sunita,63387223642127775672696500503497040421026464266484019642138174834782747947788
surendra,98810407718792832110656061342506322914627718793411107880634791240070778120517
suresh,13775218610644719098090570947944626950976963976080447139555715618754043870254
susan,77109759591205991670300776077448388977526769376793391155237124226275758097141
susana,40466836284295575265335184360227907642888721211441844727626012049825659818825
sushila,91679328478470734928680324889158139694255184458172146763829036485411112886939
svetlana,13538822929145420019671070655854730297522975529970203461836353552968977368958
syed,72239672227390844407779113322198607290196648328812202916701648627667010350907
sylvia,83006467466601550965707071213180555561442772445546298584597857358678277374411
sylvie,2310037092899982935940656673582839774565229797932465574384168414218148354941
tadesse,34992684560018897933475269289963945865309064704909546076849447336515829068541
tamara,74870024410455413471234310273706637959970129415025652372696928038431832844751
tania,12987230344517309582659656096664814279593063272753828554617354585645035099093
tara,40618236172038828738435492088458489724433089426286163021535194074518289325664
tatiana,56128446393736656523967108414638270403374700923509082048628659631585646955207
tatyana,38811835138919679110388050511655742926325690855773043720479315108966346100466
teresa,28839682741889514835881820846248258873659644663929259174856584040988983691155
terry,97330498624730226172628307258486981721725881680068566651793861120508702285832
than,8349251867449464548639134892983608505957790163816788137625316131762492411934
thanh,93781364914246010830157540479343078948080337410633866160221690293785319336957
thao,54559126545518933570296710048835879368633630789016254222370773290965491738447
theresa,55605040335938755009105957585734541049050147734107549210275132248875378929232
therese,36285109377085925889420332430179605915474368350068163232008762618951762259495
thierry,73466165648368962723432197762777358430884698109284464232638304167550893139859
thomas,44506974643547246362736283173477221785737262917094149156678362380524292963554
thu,91568666208483369307318033183703607475549818013700045867118658729499303009247
thuy,15721843787791577551810193011019654973223716724650919377615875391544844772234
tian,14021293816582957093471897941793308060823873834007060035641011469738322444664
tien,22798288735490878146205007208742512499173782867161894633972811135047209637648
tim,80322471279223729126778466837610251815686782293875652495806292738999270329956
timothy,6168324780281983400283134441969076798112547544758605812618710087165296400653
tina,16023208476192064140335102835639632873359956594930646633740330196353975899732
tingting,112055928426606713408112675064812496979677137463059441210743865221734799009651
tomas,10549862024386421712048300409403401821012277650161802748247115563499871079975
tomasz,58045064463861779749852790463143166812160668574678777255122572937604222707297
tong,59649161751508306921615226262489247664870115078723593616691150068676150737361
tony,98482754147484919474934520028327934577934044274851700213212731803514659734225
trang,35429130473693555808008322131179535047474767257025092967341998767218075251043
tuan,11952768291119085868929836637410088565590099781145180843778015292661660495812
tun,84064768896604412102667108589492922109056916577779743552467607227641361277071
uma,93626353350184823310049892551494866833238308149378894060286726295168530928092
umar,57971480364047465531264536689847518227069146954733480821954080307956375920956
umesh,106457433960322527405969948977842718107604920457192634465763134336492780513609
urmila,84561226133473703514411828973470158008628805102046483562867038349254083425438
ursula,99680637592207096962238589907082722328559208332299779210878168364298317831727
usha,104872099421487603918615624533789118647144683098010618381981964329692880835992
usman,2513783778076093258006514569066599365100996223796418512679859677744090553931
valentina,83235251428301026725100670662491810055006425952305524750229077472674116617412
valentyna,111928799834046587494505994737330709659976090837579974770063794981546342626526
valerie,87098961748295424489226627090527646920910300686424281327796421335091666621384
van,768225600902538779626766235248533220604918178135261073017633452298054747500
vanessa,29717698608869799341512871453795102747333044484480763349343798988785310849128
vasylyi,21819602155300924631177437662636003503093071286026138910452888386710795337022
vera,28285534223608945244015988715910457516014840559160085464903490478033681869109
veronica,54917216840676598339728324341077100787133591659802428358332867904402942057508
vicente,3496906910617898247412725914542587560787665326357824966546514646952849707104
victor,46542942893987184901362707868601705555602646586130264262844407722946205458837
victoria,66766031751548748822652318929506678369308385403097796807569738452292864765561
vijay,56491731345327271322729561739541102446111401696889582898937388165933849011432
viktor,20161454922574512371318198848503163474471106349086323359239453139964488375822
viktoriya,38697201569913390605700340520066862426830499557457145167824437818151811655414
vincent,67837139879509253742043577347093796075298635261665109141267751370339173700050
vinod,113708951025981506833060942862947969085814829000058910599044542402710177604404
virginia,61508515018075281176226858236922941451097103003141164417017114749507140852752
vladimir,57632345414066486824799849654130211699317644345887850532244263582651127407365
vladymyr,52878869347327598165680087837937309105690264318582422999593394795664051470883
wai,21819203434941648111741701090683647893989571710856474039741229392204503644439
walter,38409349749542825771623353760618419544756301121853299766160745679260475577231
wei,24310291095917392263261729981616809833048618454789591108020423901583529830080
weidong,59649366801018906473652097178675692036013159056694988568997503090027068464681
weihua,10436853435655268223208218128326139507351177691193724067518059857980858504871
weimin,44089525186988325062914056639399656826995159489462936074524164240124577070094
weiming,46043198000133175568291219681409258995655776395584798727906039149892310371527
weiping,34849319818292302025249566749159551820157614100527065705089168079372006473793
weiwei,4747931994444921028777609797787441537083120942851369691959404574117222406015
wendy,8802081549573473389006754330777932880183569498486605837025935168224600988306
wenjie,20877402357822031437467472963725104122046735668908302297416881063913200573290
wenjing,3134258744442801470985249354508850404829284479475181472144446956714881725863
wenjun,22291403753446393876748734624439224015407670136411560183495586627712657718124
werner,23727932393283292685192864958930803447897647301457834745333836143507670936342
william,65052007133212264627682968298990551349565703250352537555185406564429276934715
wilson,78966640591616429613445652460823674026271727158895607898146573139984255024200
wolfgang,92526954720564504663994265552593094892066502639899512241515163714556811756840
xian,55538081715842151026230041331152952707584295995961492069779310820705053433364
xiang,94575502318104480588966233391906798401458004501240539016013586683002101874289
xiaodong,42654827189825056735542798819323637509868311209099284525717191663920977424159
xiaofeng,16129378388588053432913286947093817960443824843956386091296268424952068890947
xiaohong,43923366981852373340595332966932008457053460626324514485847704711177760404415
xiaohua,85719938923235341474783116973545434974018077016857173836281096081402624429922
xiaohui,102215944656520805847603627586831128105218326894224674127248003542799138461343
xiaojun,32899211625334426234116266878332369966514243874212271271989844436322396377406
xiaoli,111404261066349778833151547242790066085483921379672111724478872988459296808678
xiaolin,73434151670906372036305889190256065753090266983153355746583064869258885040213
xiaoling,76582928337901776396444949764955543988747315194933355676288297148082547513633
xiaomei,22383125669955591479445011199248963837329912118698503194635758806825979869454
xiaomin,109582899008746467322527579445503773557112077058283317069374011462853264531729
xiaoming,70064388958853487487608181114607037163550525476754774565415525137781955715375
xiaoping,27836527311124038033770862467277197544165928924024443004487608732380526161395
xiaoqing,84581357153161902414226264981676307248637649114836473733722596098854854202201
xiaowei,112291832543847155780450647648273622609455379250903942589795504227615267123046
xiaoxia,54322751857509386481744622508997447194259289280227619673191737994440190273648
xiaoyan,96533396578820741151344817539928084442035534437609169951945257950475315327239
xiaoying,45083614287721039936894105408821575165929576976505333669509075072880905324371
xiaoyu,28624825477080443850622237388550710387702673553312935796300879920132631118812
xin,5209250827319615654268776567474090508958660257479546021841348708860082170967
xing,18968147513757160135808582451951272764419568279547311148212592081978415364194
xuan,24200254286362613818491897811082902275882632884355721597824810904950338784722
xuemei,49601663559353759851634511758426646351046182868439562052302496358947294375159
yan,29739188468128044991998719932610872203163094178373818058892184953932176514535
yanhong,41312439525477164243903207560410927531837172384264495894152816334784697422121
yanhua,59780262402053244311845082397486760567961260277945660098822664065887417292984
yanling,23416151332441605132089839492987901063705789931995077943395623855609409045055
yanping,13130470922703903309666279061786051306807810610873861788455604597208192197362
yanyan,40541849764217507266743532627064871538132790237116292926540604609538229555159
yasmin,90616170367051348554704389850033606376272350847399180851754353101687085981359
yen,42682599545888681665545095359799034425393122826607517580161996578805732612449
yin,32837033176192998642605995343735803470253700675412525976141279722927035556553
ying,99950458735840847283386623127801993930267933346607069542407981087527240663235
yingying,45460026987160100793046943107404211179451152058046528771456376707938454564563
yoko,98055448655693415001371118264466508132546559742043883164873613208383114643108
yolanda,67665470202744927609097822591290179165627511029153074833594598221688706254829
yong,72454956499253347362350889641066016622498182559340901205756043687178637476599
yousef,94468329676288963328509855673616431505195290790800829443423365173225275010598
yuanyuan,110681880758058616880112688279634452446379517664934398318465158667178911676942
yue,42372350159349933494802884573684371177987833946641004305613066427420256525700
yuhua,51130667007277507224208534574800480779502408371345061593577314819940670998452
yuliya,74016030861068345627623187978831994430089671234598010123972329201551337106686
yumei,94627923655196569458063902419195872022148171009456808836213105948855667025810
yun,92635265428758833159262752634733766538729950905561078225117956769873777561084
yuping,77731292846007386110409003350180175490351951019217751826769462804153268128487
yuriy,35977356929171305019199157623651567841471896518191344704179124473874298302633
yusuf,93911515020932094807044409153466257003188680292650182583097430218396336567548
yvan,21204124157567749634668067124424308412305621595403713793943170369961140903110
yvonne,31415865187516814285099462842835363664620122759527260126713174466947934813768
zahra,62828770251860421188919686963058057030576645378165587150370016528655574358545
zainab,52511480002368175777409357988385378480340192401745039977989314749045161037914
zaw,55372502592614331140831674657821912936403370514730080430847857152911696612754
zhen,48283474701496371575938710804080009651501759808005285661285588795427390121550
zhenhua,11166442633661590428457905656425259396793376299862745816397901276793495642756
zhi,43969955037029823522928791491235711093467065965783076373520870028333457063157
zhigang,31325932425161555482914545461079379534017301666094645891891676332925750159668
zhihong,99580717987751572616298689706913161854101443602947134098142298535133350853976
zhihua,23922825331214916516428338944822452932399730717295353925484527100184666659639
zhihui,93094734815025554973419432978917374945894155137343645972820161937922530304104
zhijian,86190357488927027684479205034582162144811057648152756359254005301225718599243
zhijun,58139368783382389964548957784413394757501084183272809514413633215007052977824
zhiming,69340197729913341849850721103008583767289465135142173691146580478161343246748
zhiping,112618448382380117484830181947907122778966936852966058134051044781404771928155
zhiqiang,64550490261780119100967906748916218398375824849955165898506804293575208285552
zhiwei,2974977116333037023459976445090724321027719284459342902863690496640369100308
zhiyong,28066028249275420851856324088519162411720363320892986256247417685954873921536
zin,5442674088671079461142933222796994723839576714223351127155971750769683923944
