tokenId,name
67881562657239272870075612277172731473259655004163818330025688975233396675455,april10th
13393369880647638700000596578254195779759926273707481680224030480774289175112,april11th
40830008819207563628113518050164611249853048697803268481518960554501069549460,april12th
24963054434150378282183288563873846683458530284039180282466741747837559154109,april13th
54531187781095809971657666976425678794214593252945641490414155364329387665019,april14th
54581556110859281830422552654140168459866364001629791719259069274816782544153,april15th
10869715116458979026275575029346628567896650250297924141385246297016997059238,april16th
21899985675151921805512946053320933051662698160205396720716422386188790461309,april17th
27089664100482080328979653358011236665639984898706940117306641536770627256603,april18th
28865637842598225969187898404529822943171300817715396218205094326904565970373,april19th
20617702214903596975156892320155856963170637769430765311471254201940040276170,april1st
4057807793336774779268059619840451301432679683273880103247106379895677499411,april20th
45292451971162230434915677902627482811992788306096357968798520829286074141279,april21st
69498802288953110617446371721138367575856488723040999815647187759724047055916,april22nd
109397485713137585098121553854288390048540210476202394782146114879993972553202,april23rd
60959876327829272403707504827945673362730425493563733499576170628621328159404,april24th
8503552988514212329137638516564114514034352568883885549203678498142349656872,april25th
13175699032697388058881411440425617862937472506585917162962623991495445339159,april26th
11535097233022354556179189494913072405408963545363846843070137506970190786673,april27th
58541194359313893996803469350050434508233760962716506164616142457166914900708,april28th
27520002295608351422971866736558079611473709271440781173268083843684803297785,april29th
31486171853962063989185627910342178524385633981428359051509982595707169865503,april2nd
8851070712450756156399999271801658983404033853826437973927209183983720536229,april30th
96292291215039079171622489815267949959532984685706752510692342225810594692477,april3rd
114387446110179752120228805816467269878783979165850902451542524067804332410656,april4th
68077827221208657249490524318991481990491742038692478092824090945799311891087,april5th
46817248172589414161218207956375806623220701630762109035223701031438634230983,april6th
38126497321741143817156101046167002829569296498795628885823142446565516669473,april7th
81086003849562350309823323157246233269544397418536632861962798531670110050590,april8th
52401268450719380778186659871247085227395750382540180637529170643497485238311,april9th
111661979080383115628042068020568166663178094378398998371738906455119965703067,august10th
10104862508938128719318476015332907925378331191928065256765492088157088008183,august11th
86352363992084411863034187172446936636945855003717409960638015781846760005159,august12th
47059143098335146924544633437859304774046242634904728159248252408567423359554,august13th
43955567671090558038342013243616340233598367567317963199125849894359430974343,august14th
5214202886870410677602319626423531986938988096438020907667779908253891062735,august15th
98098243008380716040570634818379470705528746155967604069941703096588739603741,august16th
70268650036006592590052538590257652032194627417765273187270820134118646543881,august17th
31534890918638175271230187269406870468867550595714460149096259981729022866194,august18th
58634100680875123113971013844175939610120388391122537189070875704963216513608,august19th
45010000571290768961693873116824672354094032496144473072727961327226219071746,august1st
16892935685613611142360759116853813673370485985649580638911826604289094291122,august20th
25226871833641965732778141526600174682623587582370863434183176724595310769998,august21st
90819660204812295395286786079045847981417956446220455278100237334306719795168,august22nd
61884049386565251129279075435356177601096760585888797739462998863706922620188,august23rd
113938203978509906455733716568376699083428047089576560549604614987135439556007,august24th
9556458383998718502854949932636810752435818150061017122973599693550597411265,august25th
76317252069777682207944259563459171539333043564808182104648364267481817815392,august26th
43119132401019644738299655813824157151073032489078086415030304734544014166590,august27th
32755766474928780555770926035290691125436673808851710120608953583389974433491,august28th
60894528852577781886024082857692276093833905824687291738786715250023612976467,august29th
59075733460779434634668435216891066918511373523442874922592622595034229969037,august2nd
59634535511973443375862781248299543189334418611152700416585572219908540959635,august30th
107473739156200262568698506785587822707670260990286320789053010585872995625817,august31st
33707365414403416844577699294440126133306491807800779064486949473030435098932,august3rd
93129128754802681106648337012973646476936078930538715791880810067006258378311,august4th
33224972625996452766374393875661239900412214587962077348442722195003427308799,august5th
53085070249964276684341745791128360967332842154834713755938236571488729631195,august6th
3590076740010650479717212813025261281879617076470415528436096298985521513321,august7th
11790679967831503454148836212252962306040782896485951308330888734703058954850,august8th
8864169718134410822127563967782653325550264861182495001241215927142394045973,august9th
20991218621512290990348136834954825671994635853250155184091954041965876489369,december10th
77453351542917192863959073243839783620776511645240926571880618962467307188483,december11th
23909527274482060061321040562584688462110340069371456210347344362613606222900,december12th
34506404188925694719620274251935525004904453062962435393027453002459024026737,december13th
41203701659526797207845556230351720568619184877416593098085770939822586285396,december14th
20686963447129179045061241420444475464520228507549371550875324877235512262395,december15th
24507232714696594162514789401413937969296823927620911709196865666301287698833,december16th
96199323480489270811446997957093839573636910228277392372743374626336675733991,december17th
84010517614309248827512519056905081295849574407685797452107185242477358498266,december18th
21755551583514871243458886052658833531159814173276882665683109691103937166307,december19th
95914488284131682368019888179761156209149429304052118605771346763291467585757,december1st
110762844216462752914424267358755463491341115589088342880888441212819926469056,december20th
35099682552900235095035442279104227932454000438775626867580714202253009795134,december21st
2143873191778937953668755064896483845792890995340166311428820037159765929796,december22nd
30579386525027772858901982472400256314649725691509340457633628302163830980616,december23rd
105560422570402647271911831887969197396235573552733497406547127136722774600931,december24th
104563095718176553629307741135218347134011226363992057053991130682375529139372,december25th
47820873180884844183967348286787877758515862300519552653605919669317503252842,december26th
62951792922529942243168609272709506053669255433180403258449378806634342530838,december27th
49259771608083078975849603959178799065150973614167101094904219650896010175447,december28th
47450685015120663090515496132111279459665605891409053910532174410399626039588,december29th
18306571038807922833297349236129363106759818179504417568347642252728874770649,december2nd
110319302418183774827841399692819250854946886642691772502412862319232213793765,december30th
416523024239397461456876715508800361016301138811044015653960919920159497559,december31st
24745531101143919538698926752020321893734094972900049513684289036070222894646,december3rd
26975613095397077035188378546267337028438024905547843625929326831024446764505,december4th
111199180854648281200731593445720717602577423794812302878515266570084782578276,december5th
60835701873850241590552468820496051648156416854973433616898365231795668020597,december6th
65340455424401187809363529397743157945875808842945180486009424297459223392689,december7th
67193644259868018190627667138934518616461722810084234824057654347767737223092,december8th
51211697057369962535496990597515467668306507406551552123836730371260061220933,december9th
101972368265064306522130604238834232029441825695731749462564351912451749962759,february10th
97830106137434722109802643668322771477055212397601491456160988237991150758447,february11th
66342289016423426049073117901247778060295136193318447495876216457531243426810,february12th
76831492468249490498150468158378052815408586698647310068348481395116147388332,february13th
41470014669967205334130645450910948647816780098665132312559622977819560765648,february14th
18370411757046792823662173929441350994677174256854362381113175253270660127618,february15th
59408787330790557738204993465966931206431607358274015641057817316483050677377,february16th
98287845377288710549487645933701242560913464746320833393088051525540597199393,february17th
1969794068699858446997308472320774059269363504369023794749098003962132799289,february18th
113443429014011568096979043333751087558154061477004022786179684570365073781841,february19th
34363629902166798186544778605675689991508365541537091473686190553341176439063,february1st
104443929153815121235341956548528920864925630634148015797128644152374642994326,february20th
75879389049650871011925551898964351819545252197727812954964907858636746261729,february21st
70153954139590906621380368145152618514377691984748871904063252778200543494008,february22nd
64069822938195725625393962571333771672610187619299890779994365050992186533028,february23rd
6077921139901072877476000523037029492443391851150744095640886474011342846852,february24th
28489667959768097386707623330732150556560643419751628691891779111721859671855,february25th
70022665953298217060715082731828565091922491782796336235591960171803574028921,february26th
35773623828649904355604889278098340987191865524259245731602761658066976253376,february27th
52776109036980500219784113674629373348225545709595198521309025640986100460889,february28th
57097432615648540074919545786697870773981269150193584966437467093173416828847,february29th
43484488252160912788904968704183961637842391528335773905412400730129133605736,february2nd
75704108540990525174913289120197621871914754796760942361273388595091723540661,february3rd
53564224355336505323540190085959116112324845936909212749447395121260424318549,february4th
21157332694529447264138319475282026838381171799261381475641639994538977572596,february5th
19779699890046785037133484675640407944944593196374739628426747887004292677340,february6th
27727030295660618923866152002625005624498178783833615976119216565887491442849,february7th
100264529177057540898609947375423921941136349666523289758174401075788422279947,february8th
61570092471021872130833178923219850310020687267091974798935148409674073089809,february9th
14418168337166109695568007592529106553012470286071477520962030515169793972314,january10th
77315150489644284653375850883753078044154196930957823258886829588333544111333,january11th
31107304254134600762781899479169739407470319412894796425862487180129326989108,january12th
38884587165284336464582064890567119247984579139012336615327567809620295901678,january13th
9898160489006406452450327011845035436056114276238769938520412546480494315951,january14th
104783438351658790371828909137195072512008905985536788394865425233562257771739,january15th
24291533154745428167640440803025945576280101329178680778531053924857570254677,january16th
7885255313184611845821144715382495321896411141528876993920811753882935913196,january17th
65980749933557256301625437703278400874553137793804298187841954796091183986544,january18th
46827835040759870500242026061615810767965844180780508963819524181150319163433,january19th
57007155352310871381948685420793987402652159100580338578232332042747117292363,january1st
85669301065553460514735450449074566622664381098374014347847881640998558947913,january20th
84242189162196799406486323132278555248354036426710641328019438640978375272754,january21st
55912108766844694436785038262156645609595682605663009799173527074326138697791,january22nd
107270616023071150152779257274992900498829266785945313533693973257917869641062,january23rd
85516681247196817412341174503389516542989765735779183961138093579620973873556,january24th
11109692648378096463844220375113517004310107857328967439984423105748024946980,january25th
112697186493964396634020439362391582697638122554359923909202558624240438682380,january26th
59979937610835832402730757451132810609672993625036888084718038257803523631743,january27th
42521213382234579817717545533486952494707829728468748317148792911239310109260,january28th
78493398674596957894205317151713108874924179610847319955392174766199686651812,january29th
63483456028719950574856763520090772164922402049327362586558851071854755711321,january2nd
52883064355321536273636801720117130929653367438531907637109279160875565001279,january30th
47089259780153077538539627416306277479386053635893509008911042094976475137809,january31st
34035362076810480195547983755641438853016691235715010104877728868714337098249,january3rd
88755448092807068844640583747695281717149675391069074941147170700612865887037,january4th
32028075636094514124349448835327270802362397133100648494418259307035228690859,january5th
10623505421729323140443432724800236145960304825953490971465489092416559844093,january6th
25622275183700932687049853231685228055580850445546242912030056637215375850329,january7th
26078536441715924780319887238120248072467306751167118833561565183583063151671,january8th
40739123210058618331443502430097319602421510649255001942869477042423306786857,january9th
50330099730739995932095440492616710983200673683974326165630205316870350443438,july10th
79717054659438454587685500020611661607632496858155193284166098551049667998281,july11th
106376892845568008438337208459267429362582388505796624813723072333519745111441,july12th
96734575994452431114564499667069279459570285217279431274712565155870048323837,july13th
47034521024004780997962754346002207566981926797579147197710075242487720257438,july14th
103923776871119610175160719418706556454453937983599515459690831866106868364654,july15th
86742344511004040348595221339111999902432389924950159940770888320117552004384,july16th
91205876153330037168764789964809373368413435038368222133385207336827225285375,july17th
75205991740968213239612695947352039046429236406909713253029750399951080038836,july18th
81386778714237053505879726630603494161609365498195522669609769169245450927337,july19th
98125268338521813279760601729351401982130664994177525426365540104005143461563,july1st
44357429381504424280061327641057267907565522879944470126645105440938590523136,july20th
35190947003693007277749479478233696372634067518347020939161873290814433738618,july21st
38620503280224748736813552217027569178671190440158175076455976405897841607466,july22nd
96781866441614494082679978096162740687132232811853759489667005665026237634189,july23rd
76826734685759341339323109531842075750480683352065235566042201718083408319412,july24th
38823532289716206470657315547793346961400249555380780253399524517194149991734,july25th
7371660141417745028851193738079060587178057653713522054162412300169930353829,july26th
74852142902223816504808628210614168858584556130381129936979858222990207921009,july27th
40290417556392781717512028282221014302825067966251179467839481491136564241530,july28th
44546951542038151844197196659243780844054143773318093314119558729183469202305,july29th
98494500118575789902807378297570707520831262813530572166425316074561207484023,july2nd
79033286194966684021147727983954268703408291237129750701869531887562833697547,july30th
18757536162964432806664084178691275795880920837276218317143107397204439961829,july31st
101000245432959271785961466087965624155470408588202266744910400640621862119981,july3rd
3078032285689825991717735154070825300198322550503393903045958122278839380283,july4th
53394077712568572459526213224925923921538200408018422896310219432485309086527,july5th
92168842123229797323345854359733221102801475844296565834689265062995557523647,july6th
26714255854353793027173646693845372271724674841752835790962458828102634650470,july7th
92504542865798613532925770829418757578678186111851378604648118375654536568119,july8th
16890947701377631703115016522882660737102974443441501007567033669743340644568,july9th
76418083470044835833664328474670342886191925016762552323960027536056727062390,june10th
1948070789829924215311160199904307569938372506832712906854881944621702903853,june11th
91408016620366586105944524274458409520766725981477320290726326091928628055113,june12th
19447494371641265864386159733947130266535228034931099460466773713347630240660,june13th
57517039092757858763787286298357443660428083060133346656584895822683703915270,june14th
114331515610991081670150096661995812683981099778617983967473574893333822360050,june15th
37473639282740750943291164793947907033277772055297632218939950542443780589002,june16th
113047587304832103328092049737786678741313870172623519500678395062723947993814,june17th
109778896812234571881853080252096770497564730497770015397489946103852426173191,june18th
85437008353168928230680843700142518705290453268722945118044893162599712836497,june19th
21730079793630194941477749356443857029237831732662883023366801936202101826407,june1st
48006177246691849944383584469792299286800088973788040108909521981304057553412,june20th
6719118284131954924810375232955169029846947178943049878920346874017882849954,june21st
75979285686655214133505131043954756968353592023740146154480809995562263957542,june22nd
23384951554067073603121719350992541161994804626967524666960875034184269374613,june23rd
14333736942609935198587343303901749945629840151700692047702576632071915338751,june24th
114006865381045414290955653138002113185750639912230772737399675784915268991649,june25th
112345983166474160867673936283015374977955069055098920562724100090628689438482,june26th
107848005007803330279423943432916230949304142267056239854783210361158825699489,june27th
55634529747239195695278180633803001040223545098137189598025494544280152952652,june28th
11137949377193876759081754195207061675701258888428826303617617254318312180150,june29th
76421229541900626459953829653215803566394451043123256371418736954261766022637,june2nd
13511190924680226912028453546825360705634724656891311964377825187644674572190,june30th
66005898567161864285194665988570832898234682481244923486404494250033423574371,june3rd
97093496054562425940190597321957804157579748237380462167517440505557572293390,june4th
112609532699474872820100793258864531082764985685715122827229068278212511558722,june5th
97834175990945986070447813521405331481015421311642979903998996942937893822580,june6th
15654708072265624481884207067811708032366183405761075075054628269070717026824,june7th
92185542129275099636794973253162623984642116702012038662920900909849074856107,june8th
97961044053701843166627701805184387246315227290679210648679896307378973092122,june9th
81308837695853363305905771408661708275796668344730870931837408209168346666778,march10th
20712006746840445663261361072488640231369182590117825690381436033660988435844,march11th
27913989529805014806436956447578729483863637616371141834217013931179325498954,march12th
113484477759410969741395327783898033955041165139784407960759686984433577728376,march13th
67628593494977188620959388555271462738551863591741174465968360501457772603208,march14th
35870202962966302697135263277505264740658950261596559943788199645922798085260,march15th
22827603381228171762684900049325980369297515405324507432921739908928579829537,march16th
86168514135573128921578775746310906673775472233667556390592271457691598242160,march17th
53024561101474388133028713721688765770148506711467434741834306169875408554476,march18th
70672539494539909247664949741013083231791956216116992982880864564487953377769,march19th
86454359621296941210579253349549766111857238784797335739132476181531701601645,march1st
71564092954452431647091980687857831229340792219177280173550722736844070315918,march20th
79730751379614512324794885902406586588006924764866487007822096314718235280337,march21st
66976329638164714221626483314063879856792997085403003617269190690229925884345,march22nd
90853204672081092441123175066377050487793827253194569167998461238439241826764,march23rd
58656044052854534188125884246020356752169638046356599392003859585523772049791,march24th
80817165954834909792732483435593563956850212296438084003138744670428562843666,march25th
9881595933052197757405507876932479632619650895396110211316842689139749453142,march26th
5026915368316473356694287391635541588541895124351114933176016408133236374053,march27th
88102192556979860830972057018487877292247512935818296390603189081885590279674,march28th
13865736769941324851938678569232033559412918467178939565207088022362452222643,march29th
99146861507673479172899983820064183286005957517702881707814797054372881180512,march2nd
52666689760373693879614403391705721455417389741965234918663117460126616425792,march30th
105869681618959714417792373588188930709939901607192276502739971702048697136350,march31st
61683191930213719069611534424398947927985288824758675331539631107873355704788,march3rd
99750996114569822132192380833591650682151229719650554291084598571208359244882,march4th
94004828455931215328835379963389953506447922598204667823058798690129492142955,march5th
53127509254576330167801492616864085839458869832250716782589793272262668633330,march6th
96135850496265995862086962743116175004054225870229016927074815006927465112855,march7th
49241121367357471370616592400059391720468247418942023959714623427817612544234,march8th
106281811205139211117513941017122341544571553992873288727816147232146438104849,march9th
20787158735639867279354219848294558320646152816232235668352690251818118726961,may10th
82809840689491668411335640878622164628725073496264155142263099670495183462230,may11th
6409699172629648160163191211735902479333294937049033713356872704775507604987,may12th
87219430644653774520535744201693924062914554760417228519646465318030929791804,may13th
103533800698867330595806410602643926657099292635936631991286695492380475998906,may14th
71843074966699480095252929193007659551517679149232551024331564384980118950286,may15th
30583731856016009883529533204009892872309823932749459842755102611379738693290,may16th
91577792975669236205423424273664173528655546655875722517986219503789428485715,may17th
26146953068279560933002860930915550119027342671201836786058761043014457716688,may18th
52488504528534517874576335143117741791334640100664333261767687548993206398499,may19th
16581716916839579209871956477949801882196787566724515392171226014054272701961,may1st
108956812269405911589586486340471406279010866615461548754872873921650410150971,may20th
90853065171883476358361579955736414816883560776069107397075583943171309700531,may21st
108729555819219043930721103998851434610956832419405739778438360845274086323505,may22nd
111082070753267781303207112428969493651473578898077753844539307360677243264563,may23rd
39796103810229116931428891998034425620567757700808409875402433983848318788474,may24th
55852260027038939310557021881729624490381961988107146494604822852930866319925,may25th
78404564426316376634341580558075839499288212594448374523178254107777093604060,may26th
66056684246010942839731529116115745811528899146475545531966518073559115447788,may27th
94338315679554837233511092763234556510373163961090229208119206524173759597490,may28th
33896899344042801312355547492780640392783830627065238224015278153058483852451,may29th
28679065132098313016536527608843669324356254706041032945362999733696959599059,may2nd
33682121616082512441597128665162296271445704935310021802094715172094016130868,may30th
38845453472605557808748204426375844804806990833765285215825043032293507821038,may31st
100163253882031888547509166508978307403439349199540554812320162735908314761967,may3rd
31341008258597613592075606553445260480690669675812519807874856895708955708920,may4th
94867107306600561284157651810187111330642347395673658741335527985190729687840,may5th
114408897071454510033623646819580830282995766816792493684562711211589901203053,may6th
65714582544973373374816894354024760480952618789835921704071472893578119523599,may7th
90107836033982207536792881840430873124680011979412923563399136352532281776775,may8th
38724324625776115001046597299979419704419778725932291214935194476928729428531,may9th
20225840573414558104579646168766577308046006360715111722332321669102900773469,november10th
50704984549082694570918837469087101955948376602198550845618664986465701565778,november11th
96358456798179100520944073300596639433300253066266021203693880460815588715542,november12th
109627094424791214642453196298584609324595046980576396511248830800220786719910,november13th
87612290991648742843515501613384546841812681907838378859529980676393884517496,november14th
103545117736781282292475931609917985522579264384428937288681793417533064619141,november15th
65173792605331172423442076854655111650495406537834469711797145474781243715737,november16th
32738986484622680211956170914623429633417837944182450729672028190666011560775,november17th
94963903967302871862203080057858816625496991700395264791003137305278813001740,november18th
108122906826387536920943461472323889484404433016668660012200750438982080204052,november19th
30672135121027710209866028674355958997797792538950094506098448247178355497985,november1st
98772425932539181351844810089563143363980395711528591555086857773808038010793,november20th
76195459158752094471172676024971160366927758603813835254567437654300152742179,november21st
12204869899574457874475229767741142707504157678846878574869442901152120846810,november22nd
1129025019049031418862918214174248559650211941887893404295093475172706303362,november23rd
4253146035248640634753250338911633949036385729228856537892717622008725487735,november24th
32678688740059706454318738370933288804781919022805012011271481291046203419191,november25th
63151959053040110887146451802065247466169287605416417870110121945406970327711,november26th
108899793548733908648354397356886829823637318180076116376189273599782079636862,november27th
96941357139986487571774258983384462134915577738561301048781071000676559561899,november28th
55540207779297425971941803508015621858474916525535271613794871976668639708738,november29th
66577368790230661851442357859494181682038060381544689491977868247553354523045,november2nd
4971971962768857648480583309843235746246707562276144914098407235751737712729,november30th
31571029031331763152543907395691692275777518010433221625090403005423804805177,november3rd
12866886906480701917270209616074512735294868869955805429767308352669510953014,november4th
109386942272734726066155738378608909550220672442318212656671337254186632669338,november5th
80214193997584786287360625195254356812768200970988996302615828789578908721088,november6th
57789162164758859230871741363111199583660173590568569442848990564874963939162,november7th
93490594972371830972897129650682230904952342115083589443611258215050306484322,november8th
54214007295511440198277399242593949568702537777121183563282537259407764034067,november9th
9614589482122874837133395919598415337281062813072153778873786944814875902826,october10th
39139104996156781796592034092182382306604459294896376680204202964064370440538,october11th
56901927345771037490003931528726755529610691019196464243281846746929108048907,october12th
25891175929530936224611149046841813615522057411381549416387494683103239248965,october13th
78305439777766670336848075775022120717121544426043975112711432651360938411554,october14th
35156447165170891240182712348755525242236766322942216915382914108498653388466,october15th
105942628909192852224117647650386770900954547574546084758809152054172403537900,october16th
76326457988600664067717249837745964532034899579857715474328458146085529863758,october17th
98355221004263163182980753039064429311820332528379170270184116949387509346433,october18th
67696462824036168696512283340525639077079877238826673457090812079687044127594,october19th
6012722884016489616197408564102352906425564719882687474451426977316367777238,october1st
110472479329393782736013816582865562435140409776563076790064491994628874755489,october20th
47029392004585917881621583470251030528755008599139749056804577005272412413562,october21st
69782324915947084871645625563771556097274791181260130884526510913765431959328,october22nd
36496817312007751020778294858265804236932683248870008848349012158902392450487,october23rd
33785332669801686048109132893043099191083433701927593957913725953757567126445,october24th
10802821314557253358570083782026386610480054662652338184821482096515685258568,october25th
32035706959013079899281056788331627536281664280326008092316448274580096959231,october26th
76604487182428182306976391456936342499358373395419438912417211573032877285272,october27th
4912141428131266584605913232717226284368433691005466247514717343554339017267,october28th
71244030339663538397145585334262115695739492227175592140836281734112904779602,october29th
109444094651543462660930604121673477399927588216759690070737140989113609173276,october2nd
112075362338110317369852263228505590372810843824678398464541898918855676850435,october30th
59005815784451448685972240691817967864207119304708125855681756872621839630310,october31st
106447467086787223637075878419607083961005345883047469115062569759099355974747,october3rd
19787318865127664776896784669689337411353408283521817148523337981911909810162,october4th
63084763456557856275234274995346128300336392933426483680133610240479814004025,october5th
114065223798752328626423146267633616277319997695279398787214591088479026362684,october6th
106835271313414763454575594311078931084770108799786797501193355156659636692086,october7th
30496031675413941581013613282961566323926513948771432697203154688178063653446,october8th
78532465849177443303175743766701221653693942134579196579885798988922916900884,october9th
27776869846830298284652175042837453017054404059289239154960613832423722651904,september10th
4389428916280452891417529967493649164670663298304920320271564490104709199506,september11th
96022196879471505958845318137445726174279190276313748862288728667127772754929,september12th
46085531033459959011668571232112070227863507499749619670792545250291869092409,september13th
87630791994346567284544532398846828633529557496420002653299694394178948244295,september14th
48355039538721344907815607209274860101304376728872016428643160735654054800912,september15th
57751456983218398197874876624634741191271221048189837180665598249995921868150,september16th
75536161370195107745026359450570828667970067802943563588243234213179858718549,september17th
112451550075585167359571695350676540808263857569063127228095084643742330251815,september18th
58597778769026624078096865176430475828281305497290767084631304061110055730558,september19th
37340002537943985152933888562042461615137408410383276567020837561328966574484,september1st
82844217768391703341854134181084300120550040838024405880230751614614476486571,september20th
115684620971618954145664516202719589592501371001386503904504102083296654745946,september21st
12740433640721301413144470109554721198112234853550924551827988165376769508100,september22nd
110418436925441955141518653383625347643867743191988651760712222352108837163527,september23rd
92693079672578465586133885477810036441008049395207677902752609960815469148187,september24th
63893758018200158592781175624137549991016565644101364984372085273896898649128,september25th
34707501830341578807943633189626068503220204215751724902720037670805887562716,september26th
100940542768626027235202675428183322657770367276390965007379445249087632359055,september27th
91606180523299596672980440334301067220817142550965873432788190487602365154885,september28th
70662643265375076705283728588785231150675057924420867041414243601839857000837,september29th
81417965981712961556507675397702649271475025451384115210251038865329892943590,september2nd
1152844687643907277057892093391665187386496559363881994949775754677338160902,september30th
47696099164795472396281712543359067145627372174399487225942093831366767889705,september3rd
53260585923194636111440164659907827951337548195494596432409192022821940674696,september4th
82271148203693700561883222857301442263813839512349686229909697492591343730579,september5th
35402221864654931704747831803216747053397148166200362938812430550785756971024,september6th
100709942641715918207676853437031314356128271281617984487967656307801817592741,september7th
11418755151482703407655697985632222781813083092734821738294729322159361347716,september8th
2999101149892975003167444678208350670614327639326856466615579291082739309462,september9th