aaaa,75996404866922495749963021992354359041740452350126598603006648594842177015891
abba,45414102523433505554606218256694781991267467787624701874849410520208249838205
acca,19989463376412843512532139112339754081721402164685037999880059591675317744675
adda,76008992654362476952596698354596535035339128731558875815123672588053700356948
aeea,1718894104697028880466496028549088798546789377553139965835924644887736344712
affa,110600136085813612345257768089274119047184799218510268039634895702747789980319
agga,98253826894506903935444214385225478059914706635905577986642812518845316212123
ahha,70457795159664956220965076422344418063408403156228450043208187005731736061420
aiia,42116831579259607703960120540008212248266652768774240184444448392560468836499
ajja,79103446749106616767646874524370821886267848273137375849471295557250982423336
akka,61131898641279617285123546059465745224100860189411644101938872710231373942950
alla,71297048921371075343153587233837011883119298900784989457396631767738132591164
amma,82614709330776625717767386214020644455872423456875721920595622652758030277118
anna,106834080685532531087541862289830235610135715989060526259571581253614639858827
aooa,90605779821680620398084480969883407562879150917234512760616323977699699538098
appa,110397216646830211496479992050119442816497058823113654460249527575758614145968
aqqa,111036612491413161348175964884370780671968335152508581467675495048327567223960
arra,65659794803557157556638907585381093259608727552582957343088516215062284189516
assa,15249127450704945377604005722423975820962979965593788983771854795634942406504
atta,37275336312142203761411356582910512540330623889024645482365281713723715180235
auua,106084339088046758622320365740491197710633697147395576759344230031810431033466
avva,80312536593941418123416845886616067036282001491283227775987871995725806239039
awwa,106003024375680156939868672813045888193524789898472263966626727330576161242593
axxa,6497795253487171879323381868671941416567688269460694318333515931231142923824
ayya,102012003453890752239023771718952420047721477386586892671886809947028792729087
azza,28317448394817430922245925892980664220837543708648162256529581075010659015805
baab,111158617269830444005572499037742112064970349047285248077952968392414849502148
bbbb,105576221640703527927312993444025637644307540491811379635342508566672795990053
bccb,44900037572443144139197943703293929425593846097155032255558533260106623006462
bddb,6384128453594816421350262312475446400896583364646001842971633245393228949454
beeb,5806966077300639793590280173427057828811885302623077539690675781660043893746
bffb,57916199088050979807330407485590629585388000424028063094437539759963898842488
bggb,103789042749560056797114663296215721943873204460291477372381636182089939035624
bhhb,95895954804809437946239533197784224342607782897264476911426257796907758218654
biib,18408722622782111646975891951187283157032028201981840813809836885274274536588
bjjb,98661550832903958004113523169535790340698342439651468241451807401365408671402
bkkb,8034385901304378295477421107880981288140396322581968806704450007377754007626
bllb,113185147081861281951215254971281591109884318161170997149274090815078278687364
bmmb,36599107948685313330667097949311064489119878614636617418953678494596880610660
bnnb,88879510915084800621120094830012083571359484807212116614536233114910894027656
boob,28904459340778590537010388871403253884020295105797202138548968040270943313816
bppb,50375939440233314383116799498919976691987689223515179511171300231547919017989
bqqb,56103669114615638514882330860084362310463112639194287175352414725792586071545
brrb,112246698284281382119667630010721907406886160850464644246155882070145771029480
bssb,77483494258396763747396311472581094828906052414314106136968996009105949498373
bttb,39049677239570032937586093188656122034988577039473528691331912537477563063313
buub,111205470922183196472617184953698511467942135792442916015002452723216261069971
bvvb,44322270674607298070603091457866400852372611825257487699842082017672935298635
bwwb,73889351319345981136476451785081471837362185763593583689850341188268776858151
bxxb,71441598341100262784846208660432637595542117519815485721420033673418697258744
byyb,37649356847731470618188712010542795056666967287354105161364867301815693982819
bzzb,20451816391135507431776889182985595632414017571675628777311788477664767554780
caac,49834967322008117097868667398546349606521645312346132336238188452542450722768
cbbc,17861509612793711962562453631859980873235580628829504435273049576243662416251
cccc,68894392651519662501654670857831902120740332926352919668338290693156669181230
cddc,65940278416423882162226647995154963757746212757532701978734203666292596141593
ceec,21601590135814875034910934968812472308050635022470450739923824840681976474010
cffc,68592357082766489435515993674594431588142316434325910419148660402062065926856
cggc,2340890620186452007174163404305726328389893561698798773472302855836078448976
chhc,90883484063642124263988134807201451598802486497399896021155490081812130430941
ciic,19470662230726789832291895789650001981264929012407868792013628605030052640367
cjjc,6476238411923061262329523628709804577728302099265379381277724962725076471367
ckkc,104813760237999753601469782441362517522184299020225371727259206482596577599714
cllc,53106842513490237433133564638980247500281539695459527183117274404526242478093
cmmc,96093388144039928953461586347113733182773018648638726946349100373608736109997
cnnc,94259774998656685207260801010651277210651569695333910703270446790946137587824
cooc,87466038114267304551374182569887672348235382857928730121561837963385403768249
cppc,29003823922620087908905861105228446679410645215318868479027301801618736805691
cqqc,39822308780066831086486110879845000814429992770312591225505192636482280089193
crrc,102787376660270180097721441585492536784826155216063554228060594774965244318183
cssc,15520414370714114212493431535371329980199119351359915591337718045286681742758
cttc,30097462759826557502231220197955904630045803764134801607996831323747947698490
cuuc,47817925945185846635610651010812775417370867266622611404531537374492140928515
cvvc,93271100209573226147267257520462023072911756779095128055854671356430186796365
cwwc,55937230229687753796288118936876250900472966764066578188834921691997655509477
cxxc,70929735722687301212634971686634984680882896427451829728747090544670278592963
cyyc,67335541996203071329674480327024150749105609667484145549549945528538382516010
czzc,51734755364232431688625037837588945552447163063509100239626685372360407952485
daad,72319421798284975524660034045854438248751183271324130019411820290597896244124
dbbd,56085796957524782771111299960819269881263764293726957156953927152069603657037
dccd,114608593364536122359045987132478317518230284113257356352713446381208198698234
dddd,52321434614799584608674234408930547657059267212848588029247976736451514405939
deed,74231441136320441329063461085395015046787257899181858928178156891011971646725
dffd,98613828036685025399029721584894499471947116693836773879949595621930933921589
dggd,75628359904646591030759431374931827903286959697863659973101638382036505034567
dhhd,4156282258276767695927040565956979965256233625819609811765174230126053790641
diid,68693923537758211600113238981038985766128319670837252631144047167611959917200
djjd,18532583261197969635466350790520328270716692667002967161903249321376049278465
dkkd,48866316349564368403368191411752212854332674072248919205103220762916746670550
dlld,17909823317996811696321527260183781235252681155164360228732102422834415328748
dmmd,108693552751731389100031802331458074538748886147592490869732195719049554790289
dnnd,59597683874646102905215812619198413896866103724493142107610467280248659404918
dood,2422403884340503942678600789389860466864808276223326508354390988177352867341
dppd,112427282080816392666553592968660172549803520951374084410692405801693000160987
dqqd,40350199695526349904680658981611363052274262780801011275476117157621878287783
drrd,79207944748255183272716054002121480703962294992967152433457863593731565444588
dssd,6343342436745081157096155341108076730452195056343849194900540613855015041840
dttd,72225095005440117861410589930882251739855109811150494498263932241841446193288
duud,77321638079196555840978812014427702029604837974757547304952902606714419137813
dvvd,107667216626554924363119326486146661107409120550148761599927813960857871991426
dwwd,36901780039772963390936265618946540395503060492362236901289396782040838353961
dxxd,79363119065117010360771187180083227961574243996197717021782807704943973025244
dyyd,112799672493444263186808338907439098288169753162628111442608080827211142842802
dzzd,29248342087969883840993192467622963801026977847329676196261216161869316200539
eaae,54416191227398814571872597307756078714535076127315842961434663037099378499042
ebbe,70252671569789898599345326197539992300339847084243459901431789026476807277484
ecce,53358993202170948671210251821011384804316287520698579349896575713547663174679
edde,67045009871497445768927840504213328813813936665540990167481393223181530336249
eeee,48168973575618690655258733435762182454542843119932180408942684496357176537226
effe,22009820987302663380016677075413592797572986327072626645757921427235031554304
egge,100529647265196009853801699395347486624026806095945407696838991983163178944034
ehhe,64825796604756721805444919815609777018165881399589275862414819003671305011149
eiie,59506483493554199858150572524218175559518541694921825075077400283191438557616
ejje,42546563400714065907057828814752032058132973047616389902908027948247477620107
ekke,32925756015888954167745735496655274699747254525788999681115007941333953129492
elle,47993433649433676773509491880013457129335254171497021909570546607860058091497
emme,65025266706700093600056181314931998246338506949351653079099750054310424835689
enne,30573329378800920713451975820457549911921117499669463406541707571613191517044
eooe,12722687372638842811931037781043554100941334817652142508824263468776916321093
eppe,10280599772125711760504920293585568752534489897348496397730831937047512506371
eqqe,40946904882154087649605737454087505130147734925532915964963144206706655798703
erre,18297460340098165718321478249668262429749450217484637808860926565874137979922
esse,3156583737441519476309664844498074457494933348671394423302687991594921285750
ette,19389383965039032570112949596856532155925986453447034944232008098471433814550
euue,39824060052458348295316169937578806326264468128409212554335495738248207126611
evve,76989118818586958501225712603897170022484163083894812715755002678610008295464
ewwe,67823565924244182285541315847700435738766069635132520639226249732629922081780
exxe,108381949185589744329616026689965678004081584372928792829378452870552404176729
eyye,84539388858196227275722236401021184384153951877548911434124447702278796319476
ezze,64465408214945632149965885424407717941339648533584093137204643947217184144142
faaf,65723305719264330134685438428615685016491396837857559712112264544170126922803
fbbf,83968775480915036401358842092475907476766222466446035239198838179539825281146
fccf,3332255681832168762849344104391735938242647222998001115465804247753875396227
fddf,70648842601989127883547843188037519834443842133790331180397195318873757994905
feef,27298735744339347388176674108218644486089782604239831965818162466949524255814
ffff,113673590140400064594145646491509155539714648428475070696482988311686737920207
fggf,56132096135918801910127694495267410384069115317828020020241442951290889952717
fhhf,38546811826411625603591868621403850321737534375194965753990054724329312348371
fiif,44893982860558922297745836562411002763444983713699247176224801049747629879277
fjjf,58992077902563888857105034720353444531246643601065654887275716578362260349239
fkkf,4856504052156282160978320312049469851680857943433736719353102436916459747201
fllf,12407097311236562238178782669919939779666239485563602154027967639092737376790
fmmf,111232717266771482438688339618587840023122067969889050692812667314899145034769
fnnf,34445054962255123675407763344048929280013320220840943490463380788287530137872
foof,38841806877550894211163376735759964159322414742484590127764774386346491815907
fppf,72671054750028231292481895445333137425673210064700371689132145169447147302578
fqqf,53093992706267431720069052126726052089471602610160868834709555064216072886398
frrf,114638144278140483468892542192339880159495931426381655585309785082229537818049
fssf,17183767743113701474488685362627663413222396513893726654555905149441664789508
fttf,67508140692397403976371076499570270740305673627424831941921366702477469550749
fuuf,86329346854733335652964849285235461449421309567801183879042507619779717346573
fvvf,101337447246027070697242873118658599680154958413698594772463528853982688798099
fwwf,109840300783420372727442831750604590681056273547123840988028031453930658015214
fxxf,77568571899393626326084841836982642821173393666960449049073341053896252362570
fyyf,98665156671438914375238660331055190616525974379718139647220803742791641132404
fzzf,76354813777430660594309620096224367635212174901000755465636885377783154312248
gaag,28528075179991808875684113100467254690267361572529860811979638895520745003349
gbbg,104455936319370258519302950606564572466868332563197846995003768677011899731781
gccg,64059440190264438937073162389322248557376666174352368422408783359714859434347
gddg,101890341240840150883408778853576442610419234708545927836362276367895085716470
geeg,78863641968255537318884942630061928382940252350495010800096324246251117844542
gffg,1984609171568051828267459025043630839038764331775280458699378825366192955539
gggg,35403705497156134990281220470644695861731180352568613643762586970786504773352
ghhg,71412021804727199652327573868106645193517620328928963162004442602130733570608
giig,96166548119716575860818794143911297608575902063759097364808786330277669804867
gjjg,22200621003956785775127171089187688541102564807187439734553296599654185106214
gkkg,45855638474040310353547750781343351009579354654857828631755460825831416613738
gllg,84385106554813746857849456685993845315955900103461886052825822197953230576152
gmmg,91712344144162298015968238897520362194107528304860938406787533655300643525445
gnng,103751483061350200040590434123763466061830520127356268812668865127010038506258
goog,45239334069589518051194419429342976958771257056441834617985359203974087078332
gppg,18128177730824768938318145450223858668590152820261297543808444226723748133809
gqqg,93963908720603208102812841362123032382497303880961820287314781177008907891086
grrg,32648257332194514118466764892902872758115978390476855083332212581837186259510
gssg,70229910278007714399464229412566205685837304870619496951587666289671762577995
gttg,95163548036463072336334853666014711843534331374598866042542372932827862936328
guug,91484981451006190618146006793065784462368629264441770603609446700588402092856
gvvg,43859798810223349721103139310783135431271038904342265147790035117736343415927
gwwg,8315880005087907322416562122119267393355189760430637027564630682741099343817
gxxg,41075902527385875990416449833614994887222345387132878637545497097119994394407
gyyg,3876872866056653441218044022815004862490250549527138505840497296547166959541
gzzg,34695560353563350143602843060852749917414916158156093764971660795709418315750
haah,83931573981343758930627119388504356889115609818078824269041183564347920826181
hbbh,54380466385013928426473098285364793190643022529063885763409000790730698477337
hcch,5580028695523927178975588928626046142090284914711157120993861808606472884543
hddh,94117493794697629447706201080087580295461753292596256118535832945046270901431
heeh,87176506212134658487956687566336549884938101045053862448800715037041467072125
hffh,69847988349975412270856386525633364211742574604252139769564797152124668908259
hggh,110523586837337783127383261412256463684549334433522622262093434337206295974654
hhhh,109306121572960696671460584920581906195411975931534230923398267088578357989174
hiih,103734257373994106228500249832894220916552754211414528379640906707977784910982
hjjh,10711281382733342965668227113644579965310002565396499588713458857599637748202
hkkh,54625028294385472436237377122427525255796587156736184410274072514140366162250
hllh,12325294795848117199992256682764324633954965572459654621995373333115873848896
hmmh,29870322053012466772419839979042424702868628823800672148494530533997771855517
hnnh,53246817760109183130893725288949459394499998832958495286676563532900366614666
hooh,51697111713134005264707612579577125180762053781741509087344789947996942854034
hpph,108509907258697796134712717823992185282074960003257630483095841659076079625197
hqqh,22084793164221488589418787749732286857904692738897479945510785229261127798716
hrrh,24716740716509252276624174549290398615160420028598631393403605177425920330703
hssh,23922139035224515515945048384413447455999330520916399758385986340745178218673
htth,78789040596150349095785468194280158004159520899436444624332094499930818473130
huuh,114396939349275034411098730355683130912423525022433468557824129141859688485726
hvvh,93742720794800474309204782069918391214748753004529022841680558699370040394847
hwwh,29282652753889268297454630819163704849706784068601847912171983123170086227179
hxxh,104424899780556153495563190871913711908512288908282922977408360732811081709815
hyyh,55220892533009543853522459465715454762261794560396899411166884667477974555074
hzzh,105839877429744641730519861818885340730018261600463034453712338929217034000421
iaai,4543337685819379708633924525175419389641740203592088568905947199626147021378
ibbi,40200238133185836438539305653928137236473737290873978087946216236869593740962
icci,109220547012962197902216118479189249599765136744857962815054865162716156816525
iddi,16211907196973830187465051247021744848314142155886198132198046556850128031371
ieei,72790710472249546891101339880886514512499013979130567534859692600962902436046
iffi,43221353630838676310865198526385326674902288109789117668379780337202365964209
iggi,61442441585140352781166069140810409946382079859829493674507328818815557009311
ihhi,105419171422825339806596998566126250301315642037609669926595478178553848706489
iiii,64326907117027760009724151466000679900503650589033809538077282895391809107438
ijji,53376962313618333234645214290892670370114229341880517408908310144631002113751
ikki,89712295047339762785057831534567283645335470131109788485527927004740673805640
illi,17508917569028147172522391789131989217619400013937199753004504289727477967863
immi,107316512060050445439010107802100337519075089455373662929439698581343795142148
inni,75912430734194014647132564343608572476417281428822011272273064117263056944883
iooi,96240588455432285496957657873068846295862509653314184523138928707779612413525
ippi,102287054705157644684063549973622072523456393338303009063244931108214009163151
iqqi,23877615551515193744932573924039431902956238084111469945116269762857627242470
irri,4739351622531828289208845972699064103591078340066212972013402454841861810919
issi,83067257019258520712623572674079479929674246347062722014188388707457094717789
itti,75487813088749612553155663734008186496336384971640067185140463367430597100407
iuui,112220852822222871146555057838998271992012707526646303739144306776747243696111
ivvi,92947926814962151302085762174735233154653234190086856541775924078635777932074
iwwi,28814348727960264582802765217547926240262616705783267104795642611659068267548
ixxi,112058689041170955051868337269815265297055460325181979522570213925760171475697
iyyi,63609983625298825600188351218472074495005444589354631803365369847883796215564
izzi,58982630105195901262506834026732384526874839970137041710614816340362534262570
jaaj,25902618044842719536002624460672720717826051759300558363418204801886169935340
jbbj,39379451171684255287208972366890973954959138066555752425293429512581692495955
jccj,69925938155513798689766382092249484723517717693887622023947244911556266316865
jddj,22475389157435153026764122763070081940015769294512256553815304580985041302672
jeej,104869039090803450088065120160658550794973585209214564593840316291314861903474
jffj,91570320163534826767242389635548796664542736606045195817657022770119942794081
jggj,72166052698591899938079432828110123876125323998614396859341254311848322156525
jhhj,13973976380178512667220442354840622269558437546823109150374567422590915077847
jiij,13225545009518148383954444084881313393235385992232484911428054897983606526510
jjjj,33840057096713021021065532659979140573310318279396669234274283558577835473874
jkkj,30928748709732333077036191441315250880706412495329624954881619519965712213602
jllj,32080855290689672448506874714665825354402121606520067274090921718582640363915
jmmj,72611330409252520533050666415944951393106049947455458389365610017540871834535
jnnj,75385769104116653913571178817393731140264489483631910639268815140956626179433
jooj,73888404340138837984103615970518446543919137756758888229155642172817467873261
jppj,11648103720549752430155214569613679448450536661006448212058586010703471950594
jqqj,60709195948938357578493667792541237325950093093895888278938248146543980227182
jrrj,70813898491665871134383100200831066503582225927453320221109718195191812362685
jssj,92077479872390510040026564517134810596879511195620816093550321768610529359263
jttj,83772616982152556477285266061687624770807089559821176882629188098728015283432
juuj,71640536295069417358137786666116044246179543043090476782680222649714311713134
jvvj,57550594329857043001337011165959693673159685771795230372094988991221711395232
jwwj,35131422503299118980601508527800292674437264957988591150792351830618853357229
jxxj,71580084595188051758562494794240254142520322412148542937907525401885906510791
jyyj,2853568859939598058820221959986859130998933843639096022495909136966594060124
jzzj,32996537905923223114969055406612247472581376092332948645382046115604106995079
kaak,15694777974863044507342003562072763434649365571679245359010018491666148210703
kbbk,101869727931490060172458158282007008567305428048875186671318856693351432555681
kcck,39641904654560934132915035705517518198336164608310216108398203817123553849299
kddk,31519258372873648594474747163621078817495069160519181392253103841124618136292
keek,16175303115595139153721526659625261629981241029656763804761911665930776356555
kffk,20551323823319299013751257184950337528662075687354130632161316315263811330069
kggk,6399741329782476176289689698907533000932424746337581001945209967121354951026
khhk,14815551651568778951321905332853690694734788126372809479456249212729264606424
kiik,28206111491382953303035613874349747114574305480584899701450867069383467532391
kjjk,56537588088405849544961348561993643608238804724083226757767650595313036491770
kkkk,36800503069200925320399005594119566774436457776371809489377079851901720194590
kllk,2064753795288459311507214502808083963256004987303877578035973595473738483654
kmmk,100231551881377922166836717713631455983469475082332990768466132807643474871551
knnk,95544183744406077754416380707181813897074596626105785088549100295036838031986
kook,16973795273488993416638580830232615655176223742461374490835177727733079578187
kppk,105602927245461254544700861019969551417685372484664808978267577508352888649328
kqqk,25524764659170897257198378369474153488681021051329655605784818417591325684445
krrk,72751434234989263429748779287837600711126255353375856582215875329241669378420
kssk,21166037989844531266625978667919649374538330944691689702839410629740428698129
kttk,83400959085448583324348664999575487237006050178503920927371344919260074870593
kuuk,10630302012399850978942933570508286675986953382069239116195117313033799853418
kvvk,89555694089806163250939147255660057867610474455790654279211709741828528517894
kwwk,91140328460603436358798422487940912980628451054454123435428942536024768670002
kxxk,57128303714976876300268035490655890239634130893288580152564502645464197955955
kyyk,94638327859642140191693435252699203421844231883379648644038613055878482086895
kzzk,45103059102008877956428391893011089972857335005714382184718291237648267520507
laal,43775895594501572866570853178121382019500222363904747512669970533998720448139
lbbl,94624878447098996136690982802226807782318298926872588969345763813756880281468
lccl,84144508842527927928733308662992088725545303482343652721950840289962562612905
lddl,55722403939341743493819837374890641410208201005541975862428154173626013568884
leel,8792889276974332021887153099511854251732583278508505375595556741484511490473
lffl,104267156919673740041599360846613686758156859365232949175951043947916087362670
lggl,78691318846473797250689128918730533698996146949245547448579233004951491612357
lhhl,102772276051932684483994520766486099368800667234429327301962486311779804076761
liil,105688337796555378257499906471037917259238750293536787119058932411497696708438
ljjl,59036135463700157209349061696254749132943520831996240198243458593574789107551
lkkl,43026904713276752323761184744618002558708014845820314003831754630819142860729
llll,60090288402820116089404271571883847589113058796200236913414848377842088045712
lmml,27270243847434778012534592243426336929007348453485646240686175162363136474292
lnnl,108487161436514534364719863672145652123018791123604800673149999304444080561418
lool,78692651945875118652857755609353156551679332499478803406572389219668178834014
lppl,94477278368330246740545589826889234183055434682785501591880438290479410745742
lqql,7422341100241546110820513301028552421213350842838530746831947433889284239549
lrrl,69020891955130610391870532174227432488090284921118181320572779541152794550324
lssl,78779519880615569550817126875408405462152476983414081257030529688907888373889
lttl,102124666910296990904800441939734333034994626994932453753972908134488746080441
luul,18208830157825555113169735072752221168484587112273658824422563368364363653428
lvvl,10722493272317208420482376550050568537427897026579784777444123597084354940076
lwwl,50734353308929639956135720645272057394753611658714053601937984452660312085925
lxxl,24092322088647773455124846181050203893247075658464189383808756716118937584053
lyyl,108146188272086208554678939225458790643968098298854082276197555141875834516426
lzzl,92594252505416338452985732106062562195768321685921077769584154430686536740311
maam,41336277484275696637517714817588684627271141410464311590383296014020931743274
mbbm,67525041024515850453915595947031101271885988034694948660266625329631007051802
mccm,75694915002521390471712194178345356782382292041523977759780050227231366627009
mddm,109923401426739065580973723163639633740010854407313601836684597997464673464670
meem,50174240483531202194161256008544483321744486125217660250257690839750742958877
mffm,92297022413855814649610297960688982074091112819784717788820097589224883554801
mggm,40825781031711941021122351362906228715736352023746597052974537272546779902562
mhhm,66153005723352626376994553211462882334035589037224132541581086882519124505910
miim,29353669894755010652444998475416394448253242867816681341793381515787087161406
mjjm,114031674618720735618560885027754769098644067042325783390745190915663263443187
mkkm,90192982894763689737445955109999725502252531622803118494208670955591976102892
mllm,63247589340453270384248839432069631727924639388914943115467830124852207180712
mmmm,24346663533299986203145522500278981368437460723435986363719458993878482599964
mnnm,104242878972980870542259002124182181459534881133275734914366492610369276698736
moom,61993600051071021141135333044191604697798268332278663773857702558287707761166
mppm,14395724057383812683721497611344502842110240766438318473947540152026970970351
mqqm,1086570154029608764720787280182196673552422597639562926038509875847324726590
mrrm,84195779893178331620615282199387032586407810032514422296325161445947942657712
mssm,33919646258654480282963380943796135344220900811687478118306028845349058474242
mttm,58971838307743084918571105232170422458880593489325987061562493032303840352494
muum,52431550575570162890583333197120536196401987510899411151699582085306508631519
mvvm,84380572629523857987590027008980472356626569209155816800379179268978914716603
mwwm,31384589300484975627056613038624943838247162174025847510431767766407989449963
mxxm,112316187376029118418079741063679425897196472349266916719012032413597781878714
myym,10687018415699388850826062048279752079856427537919106245375837737733564459484
mzzm,33328423677611180409297358276325746496449718623533003203835075270208036527428
naan,41702508687651106822741093405181822793829482940915396245099828578496019962666
nbbn,103761449649502533190134200691739849430301423533167514113039171035540042490277
nccn,107295028110382288202103868668056708222513149037780272116767919003533146824547
nddn,7666337726697124598995314350960812941873654493768070205433112757098790044002
neen,82066530508352321594258923634002172671512954736913520581821312578596900088844
nffn,80510703032625056393340487392884284735330059952924942103028645130268546324459
nggn,23765715923665316093135985011265947290443105645467204416944471654473735362692
nhhn,65536323829880000063806525083310075099451910785172800044032487623338829581453
niin,76790069550934399946808513096922542726815652070774064024578056119194181492187
njjn,58180177398534515441913490514791589058258805583514790257493545060617427823507
nkkn,66123255559549007834651594431301967571330648277422014829346173100084136115959
nlln,56939658809401354903773802514316438177770042645026222849445125808958959638652
nmmn,78791696357139852102259443954429834552266270919706153754569358940242221574549
nnnn,31337003278634786873350249831910116580790082910723933428929009794877195406654
noon,11041691743881509982975128659226971891103039601768466171042686869802562667497
nppn,181341440396089192474441247290387253770058063074229282383541686553388834371
nqqn,52272893451137312664905554792447318558477407533642221482908797721138779659634
nrrn,113055308591154302897981226268780078795636238504448444260832318635630391094586
nssn,64334221294991613401929214636945182632801947794472527978478828516035603772050
nttn,90799586170248173163373381383347654496433044755615466392199064774798149608341
nuun,19377493914824118513004749729612875951813982113196649961792358540450122752719
nvvn,108667260768364171390773205951727246588045895816986161178331139702312491951871
nwwn,11475598513612058103928990099404956897570922481441373944198736076761622275513
nxxn,81320026614493659304368655549882555585592019639279277046228613427822959036509
nyyn,90727442905265262425247126414603110862786095820823022838372757597725507052968
nzzn,88895281007631040048964525979861866266611385051923816983891759592168370936133
oaao,70966666896191238495669968955875832855274969677137543361571386578286022266558
obbo,56230316909470647324184284371469542418910451123357302207358452343438739743597
occo,23147002714676949216043173964429419021181491693632380139693884421581287083057
oddo,32600208758918550935538618171170529281597729478459894476453878267651423880372
oeeo,24885330532329329200971715368340355203742499629351138356879133430374791691852
offo,106084845613925380230317203725657976738574140756498220804617268350073806268338
oggo,92500828863259310174315087350292611624974374295652517588850593689772144195458
ohho,69064273687330827729350380528656174498579595280690192103444288808524295172629
oiio,41657744506155051151869844033766033774993747165094630260177915250382225392464
ojjo,62054531764838973851989615024583698677815388778273912043878602945132858040575
okko,89942548684230244231666495991509565208642153205691995233239983017479486630595
ollo,79017160897101815890154271945393044377901468542351040092677541184646567093272
ommo,29338268677993228011230832846419261605124006248443330678315377305551353946855
onno,91381666558453248511904622306437422728754036688667180279589762115664416062795
oooo,109154754401035044891238099611282261766492978660364782587513238122267088407751
oppo,114981179786368637088366580409108973126721417383323275336096280446261674757405
oqqo,71848655938705841079763333654501195316106856353519904123359550923587612385748
orro,86927811610334633174268894641081212498575168374147667991414390734949633205077
osso,70859221281485542597169054658774601091841734256242713421935850427373367895592
otto,10037370397145366065824164140077214126123843837388301612636108927338695536098
ouuo,58168199583282833368676563181723588263114843629158795528674440065109205924166
ovvo,44921498174409451654187490979064149643022279831918187751258539257143884820550
owwo,62293157042440749208165678194794319326616540573457297764936964631993676129528
oxxo,50925257767656619816609299616730799231012318674015541587551553819437834747309
oyyo,58415439064968807620893988968925722922079451664585617263162121477777086143795
ozzo,8771281547790957282706194608024927539018937891342136498582514456486755182477
paap,21048192858751401203473604292686452623403608301151431074616763684698714500434
pbbp,8301949599698219930641849187295733300926208859650008602712190504500025622321
pccp,102165508535514522162343096695069998800036586046049231230662820998399276339972
pddp,75130690644968783273337028846554037686220274409675295636005232526338238455443
peep,42935096017697474248820846885591277165846199739596481854003142709744199798608
pffp,44846999964907035563324200485358938659843146021200016193096045728629815283903
pggp,106115691043957242787227176718024409296510789903115503549684700683052160336173
phhp,95893509292090153915479092881114511999611227299261659080517672578293081205361
piip,79411720718960667531611823688210679056149147305466818862625820250064577996329
pjjp,12629632928080013060189776465298870311809723463558478202994751224972532873268
pkkp,70678729404467557885305959904025545697665686474014711563303098926270546376576
pllp,112872865058875987235819449417585689475880933508906043440574405083973790710531
pmmp,76608438905061486378279751688987835445073018885487994492745186238569853003569
pnnp,32086470908701875090182016210449531337602410553630819652653023868111886374140
poop,33685813433792357608951602256398194980834648355862577086024557967524878164402
pppp,109221805360682977876431928184798816848684295240355773779463789455201167642520
pqqp,98333658680653819214349498948650656219510179992038576421257400518029880476157
prrp,69726784249031246951275668823840637947535597759204102453292253494140218153851
pssp,29867456751436225657783501827956988780535495502055983819406478080007713161727
pttp,100019213951340454830436966505510945870637186542474169461932875950328769655064
puup,98929292582426962855148528565912117056517841212183027969989089630707201562687
pvvp,43264809934042458965909842554144210118847280886184900645056993591219532908512
pwwp,106019493188059188652268251092180856700544130286306451044221102335567708999494
pxxp,61391816963734342489375057811021693065618618970506996627120691497354048761070
pyyp,43404951442429161161423115236967655566283016912625503539466842898308978599094
pzzp,17968611452712055279526425722260384554425347874228446253844479952112507477886
qaaq,89275291702379894904967172660918443795171317335418000467231025081399523354998
qbbq,71250899525451270816566398467801051076665526276014144451902967177277187451177
qccq,105107428423028375139839617145793776436515407182571492633567246436632737628953
qddq,95219068163432358917314404542923493453253748046281902612135996920830619609673
qeeq,43424337445902275168552469564621050501870636487194260756054107547034531342213
qffq,7879939978529978680758375975791738845638845773557066443790083425117251743950
qggq,44559188654526464651536116088036433865738810607311574937755146061696727252388
qhhq,32530758607345550798466898972747747764802876947654127296579859676475771427154
qiiq,80200074431887970260854082338808551813860363678530448092902314410965190666805
qjjq,94132387479524644807950311119748351607912164952019238031278589947008580663018
qkkq,90382155807856906647308311437955186741631895782790300434069051758050547549920
qllq,28874253358098274287876785077814597288246374736999563717806758835928585265294
qmmq,70303061386517424327748137150337314914777616339749151723218495763082638179540
qnnq,85359657658879135189168397547091539094705984759096120258060835732761184001394
qooq,113661900342846928461821704430757397625365905823578446043438162557046120312157
qppq,115362516457289644748572760447164996128131421445697447002457650290666689247239
qqqq,22932106128683609351686057367425295936547226162479235318296669751065217710031
qrrq,98280903039927876167005914145894078129482941728097719694466325610077342624190
qssq,22762968102652076334479283538907595335218779120898280626403935957789079610988
qttq,61046391439600376756864983851169286451807459444162668218171192693671738581469
quuq,30208606481862397530242569203432333239556806276958051784373481826893611233567
qvvq,71261235205406822707732056060928008469856086017016935828385398839244254429077
qwwq,111823305164964220595096565686031192765999294387282019044393198242599845323116
qxxq,17634310743859131740299815545059064235304246266120402085097451587475708580120
qyyq,68653673873225988389614917385980221394410854856179256065016135529851825871441
qzzq,61242299216096526063784844455902806945707988037050628722860766945314221034699
raar,55853133486448757401873471283446615936597368813635756468920122113300729541903
rbbr,102140520983580013860326900348289853211748171660722047830164751766026418550999
rccr,101205735996934551741175818887624864369302213913532902913012204907785003042724
rddr,76550787017904529445169615527940214339866443705343354607455373687832101006018
reer,69013599651294833527351546324780573744522514398549021119852343524292641327367
rffr,62375813141653662158089224774842087411055030177754439834023852892159227103500
rggr,26662843723416889839902086311707948454113389233548786064385064218316232749784
rhhr,67275560044891823187853821465649694707905467290808763319636247206354669824598
riir,88464640801356869939333680834250600806827448222242189909563337199421332617816
rjjr,56925649424460751763402105026472052414606070690134818481421854803331460783518
rkkr,58653215312612241234510645723738900762033392538351434221368803225223594839526
rllr,97566648323789289956314225985709052533382711106385612001951331846048074497184
rmmr,83592346786524960217804180699699034985851467591804224068491673874489647588454
rnnr,74603859849013141571935365362204424600887560214089018248243667264300379439236
roor,18185804293876659549234630792135452511071375411158271483664966804947579082987
rppr,32608100532955449281960460564494614057546851318416895004855317001269378722112
rqqr,84482075559740569611661571107380715163344328603837946182790644382649832659534
rrrr,101616315138474436360928724600467211692299079826637004431329701247590631904907
rssr,9242926682575180800377223757308740247492728753200626198005708257082405127831
rttr,40537240766606794360909580097891036508073080106041947769797312233274331592752
ruur,278373833769615040549057799489156231571069601266502107958883584975553031167
rvvr,95214538443668603333344385396762198500170908168438352175759573443489831500616
rwwr,96616063571949783884366957030666666435741083931187191300118748853525772722456
rxxr,38887520942413964783785539590799817997050997067889637522047698136129514162533
ryyr,78827744122833910799946475696625630469311348726932403107782038000456249454174
rzzr,1175811860598140357099854418390483204131113561387502564175220564869108720465
saas,68934216972826717748264666413973657821151156144614154306340479021361769061708
sbbs,96310479429659027639350587668618143437260927583186981792366589895759683666243
sccs,75697321894836085806534743830785940115686562235451735620477764198602531110907
sdds,19375511787906688992054297618722583067801545623917995311308196419354447565892
sees,1551756005509910304268469325035334177602247516715322527996071405223179039057
sffs,6733471058735162079655059913908777536693171818285827195681331625245179233088
sggs,67876549321180454161620799542544028854726206700167252767344478242522305878624
shhs,47322105119895486858250783473088676190581237459974471704128967419938192116220
siis,9856253802072627111314740484201961881114941156810407767570290558064096825780
sjjs,112032309445027895330121408010771059984208611454746032030772588767492739797918
skks,106776580523283502327250521886004349119816689408749639371559952977608632669517
slls,81340521246947051666617689862151221708585872239399318355370853419098165668561
smms,49313794828711008664783705736957771502853894191689987754885302047437593390443
snns,26694647339981372787823721497072262101360161391793173706881865556296968168503
soos,37587239018901390767248798376247727039119454014412745025878960653379789513709
spps,54668676265292275155727415710214084034288128667069982555832041541989346783322
sqqs,22926322955951037237432485071084064578668867225331144700737793056997226689319
srrs,107786524446897143491956165730932964300950156504156168357735211237003522446814
ssss,29715986110488622725242273930244920722078452837397512750480874104074727012441
stts,23581693953629335487308131062319500033053135200942657276771689016244313627348
suus,79448525815977235647209642155697594782141154504226264478642239613615936816234
svvs,79245886606382094581676838845834366287661721638750460212701297027486773863789
swws,46540723459252982574797118016194821722661444510391506500234602952032321973519
sxxs,72126146470841606747576446259714486772388588578182348518710385111867954466620
syys,86921389817577074422815716274660202815381284490613272633615707444003847992356
szzs,76664149181883768007923097791216046800281391629502707889917567391168481936572
taat,72833085577182137585231656352412477644321701289192301431200100491725534636905
tbbt,5677333023108152779626049176886999845421081126004878150133518089453336348658
tcct,12743940976069958112953149927059378882397747548269938447681118962378419054282
tddt,3930209796159763928737781280025291271036489660529069781446463966828063776974
teet,2228888361473139625160272895398407182813146261109359457479611390313743547025
tfft,2307241936018752623858046046988996934083629260543341416492716611357772269551
tggt,97188500808782498817082198236667185688018713683269174132832357925692111587406
thht,82370758667422648519335024061156185823914077941102322488895122478616172479396
tiit,115765599395153975791021102803477135586743987639523664309181311296773340971254
tjjt,8839658819286793482536446210561789546214983491981227294254432055809619623482
tkkt,42742308389114950660780166004849068560697102523484426433911419518360157685886
tllt,62437902140308494866316727845528431861321647065107987457895210110193950405211
tmmt,86587815015085590168302669856037981229614218207186140604387713222510096895875
tnnt,22877688820946957072162103570093973497823918257367912531476100977061176721489
toot,87784042856033376645844343712795646579514286866738416604078940158767738728385
tppt,38412909357054267097246855448759145072279115275405034118868936974187013388739
tqqt,57093331471878099018311598276586899026356113376852677615573944504408281106945
trrt,1206372050934830839335219376165438615908684694518600849478869763318197610506
tsst,58063352186707211839235865590777901624576961980483606227954471102269524522162
tttt,31572392404573986995422472862746091325883442273456187715551443062283775734245
tuut,48355754449395553386251911161978990019282824732210521977918377351878674915634
tvvt,75947919056538153108735137321165471821976063275051487089781980127635927785161
twwt,7514518705916771175236600216204464352434230694327722028168063033423800545835
txxt,11684281020643687743155565542353845159219627756085769886833613536709962133066
tyyt,51019861544482038178338216467756164686276686140900649456160049502106246586516
tzzt,30533294056436263844108775231337142406574242612951766384214957225598451060307
uaau,6098840150651099996155178984480844104745529941827419620687430445834169939800
ubbu,67912383077998253679776156827636405684132031219335282626971201223291142719908
uccu,114265293892689168794214597278021742780386806259393093889860028985508669324734
uddu,113570461996671338522179702602809484143462782512097043829967313302479963493812
ueeu,43923668273113852304807389925070705264365974023196716069870428004710387037335
uffu,77942451034802398885454608468806053601148594387652700238582717509228729048331
uggu,74076169911150080102726994209455169096580302831050976518964941014201604009688
uhhu,87642962224148760125901236060079302396226980143362362642351111581213312935529
uiiu,66361352370243730065304566173993692205124732737903741144332892069319585162103
ujju,59704898390801007646918147860721349598052312244026014732785767963887206920329
ukku,77511063142357454184721254781748614739952046420134310533898581385973038103686
ullu,84165809636222754763577471351352816364393832589403864913593459327122817725097
ummu,40103936002540613087891891861668902662190705485391175061881167073752956093101
unnu,34956459191812143564441192348932688327226937607770549271523777967562838894315
uoou,45886430615467241646584237785802409823588620176102360940985235741967472555514
uppu,108220037502355212971718574295439701252471009428858124229088490861628546079043
uqqu,93924202021617733744071211183875426224509276533135592839303139402046267885645
urru,69235424192798805558268837348942794817233314994147992263889217650168627258982
ussu,65961585215862282639053331290402166760187059493444979787065710839717640397240
uttu,12201071355620531792071504643599861101413507626587541777026256020981440041786
uuuu,111385533149968000823530007790905322931220555149803858323586027687430974928529
uvvu,46994173638124131009790853875337499362696255676744842123230424258450813468841
uwwu,37140313701147944183490908136690765975504371276504501682429884502041797869527
uxxu,9425912205700200152793053464951402823758171276777848584390916537335392997082
uyyu,43033530137896488421345280571729090594569043810075698839098716754002785773967
uzzu,55045082100493120121643915316315346135872705008047485271604597575098117417276
vaav,60396784245084446154636637908527668621715405314630546956077175313889577480854
vbbv,35863997359778539280377196583434339410929686171684586793987936733144475380888
vccv,106359890924193629984483655157837784359975532817994123978637105305984212263310
vddv,73701230919975818798213265019275730303791882167347231943940935174113384842382
veev,106810830994251431821330464403194382679506082721520220256531916839548976201842
vffv,17156123683244645937709705899256134232481969155335387631508633175149144686767
vggv,24730073506866508922391007375223084489003759631418785061591043231095519093991
vhhv,34344089185371055307105181837419288376873158418755912875612903142650388497689
viiv,38580850001605325261098435298892493943994763423000531612768356627445068506413
vjjv,89106183257308225360182296172357388743533762942241078967086689212150939481297
vkkv,37830200000299909904020814644210819006002513519754954483057859608479914293939
vllv,103704472507366443622234473904459170396587215043927380350138155072547687010833
vmmv,114176272997231589999528794931272118638239843292019262692104800914872409069804
vnnv,24790499795811110887497765661503079054072828646505665572744931994973547843594
voov,93725097445583960571945197668276478947700788075979183611231627303313915640867
vppv,23569806163673354312650104547269485975252435640367130940073804741782910960710
vqqv,81417643848842744354939794383086644501476667909642229543006116047550560091301
vrrv,50679526748795950485654013185914257837510628778160820007301204778485272493007
vssv,52291415361278408563473894396312307825570100773695934002245453405459399024172
vttv,42417719057463227118675554070745157078532476762225064100636429260270783311150
vuuv,1538046010538031913230278357106089601736698038615822353571101938844613930562
vvvv,20796589534820275335120190779081233204246365567561311541990198685204416063879
vwwv,63863860837034736535856462281393663453737254424104671467117430565128620562628
vxxv,66547005762720558321385502399541684063920234833741194690146945093875424096168
vyyv,15014715883482989642595609998016524925463408977600292834707152586635909068238
vzzv,112825488595450529497930886253959566257138038924785776243344560500914660581499
waaw,78569494453075174279055762166935755259207490165959321697601089666803491338464
wbbw,80926590896474311822548105280569073544813673179936267121832678360983159461898
wccw,87231591317938793324921187153359348939324297656315753568148390240395289895536
wddw,37110001653801516633982221964237398079987965719114867405185209573311460382357
weew,33166458535464201175409328269978632054476139927113401083026806924291192492215
wffw,101280246414177685020937500122249483693762007568133990247358568180661166609251
wggw,96427092199855130516982634149855187691850360852557765276479942278297385297175
whhw,94511796412170681585318784789840721148648696593660380778022037186370906809506
wiiw,56121330366166494111078849382036933865406023706719960763500681979450424653568
wjjw,98374214671176164665050728257008389312009614579432235514132139076204896930372
wkkw,86169359772118282255532444389216973160166318300068629414226607614830921084755
wllw,94978902309171922092234073199272939676917795065269430492314114945336496612589
wmmw,55731349203975989552412211064792805920294895529828197404714598743841550926650
wnnw,4516058581908627189304459175239240611923545370674217328092486597314427674782
woow,17649823349842475974923010683788827502637186816257188528659480399719839281162
wppw,637199490064995143589360530342621384797690883458901097702860940816338162389
wqqw,107068918354321634767560059179808414390835417164889611387912518426848648184794
wrrw,99475366971716954601298278315785702661530656516454975622631609661439591662615
wssw,60507128253231526214145868066897929685850005203143589626089735920148209413195
wttw,40634993572680384529505538416489679236385348871765281420891338609501356513025
wuuw,17164311008600868767549287880657310328954766641332148579350741734881836287210
wvvw,31201167596647498458459492177464247525294741665147231884131931459177069673653
wwww,43364456260349631656990853079974338854079453415348930488783244219598304088055
wxxw,65005062730568458129439524781672256192780033090176811939263526509861432335389
wyyw,9352947200764744372698780635423707416430277449470710980956889386052073758514
wzzw,24066288329214866872021303476720601390247926972363362053698430054673739159712
xaax,324490780486089036696232734007309598378569678210313117331701153105002650195
xbbx,31912005596075733229728204175908296785232707989068423655644199743690987038809
xccx,84547967494148706750713935029847728837023408360136825426399729784504039289363
xddx,33873177563322107925400822148257143286358142783133656037500577440293000735921
xeex,74476418159130982773854344841559172830080899988762007545826003936596577182142
xffx,20160083099120461478992432449813827699826367605791906061236394438604717381963
xggx,94896094456511367395177850368704006254201341010113137771458449609102298226062
xhhx,16949252107135989236237362017348062832184747383536859765704936625682259862239
xiix,21984379192542467220491480820470858336901146617219145755241054120533037678742
xjjx,10296256018924729680831866778120964342858712038377927186471157797871450767388
xkkx,69401407061580476401658336180877764960025688392332432987819070955536268589622
xllx,4431153889381903552416745064250101836322795647652158189238886709759320082572
xmmx,87892566159262045939395963768450251732134927590037226164732663453961727859189
xnnx,92715328135937594746521626820724617184083440665782627509412228119298825907296
xoox,110455495515980071326795712507565487670815142055167222915331129792924550620400
xppx,56270205881740122026271911701917873989242458893867104680483425398943421736500
xqqx,104917314946260329846772794836375400217763621567482764940040277192951898741668
xrrx,12096860169480096836316068249695700707092143080269251396070211121504735839480
xssx,74448126288990750037634045241942980331166338764910856700094197633215105407702
xttx,30687802709724514897729030467768762905756843320540775449495342685286973303863
xuux,63028896766472415356915537842759261659425220933125106208653417434546020332666
xvvx,57110688138269070641566185946602735245160748293107779314221190995602885468782
xwwx,64797737037152460713898649353613843469889187328685002781243398992888462070785
xxxx,34929487308322165406701811036394413992951147953516994492720709178761261684850
xyyx,51973247149467088400292508148571659177727234888451641871372075230988404437682
xzzx,41845195754300874525467585060387809697282918674268167818734302966963690770016
yaay,66080468835582089370366664244430228827517553973443667086782668443747402785529
ybby,12305062770856441530224434953357017710612915487589806587572259649558071022860
yccy,93121024362190898467411626026010647793639692277358658175183020459064369398542
yddy,106900116455996398620458240079188009769008486709481633167340879158943993702023
yeey,35426796342523682327179383107537063929535281035214296659919687791286412902603
yffy,86147151753348338474359371921104565385449601570799004517862103079300339118395
yggy,35772498819971122358334064544099109350019982118192195184718826152850204516289
yhhy,23366639293623429349001901717865033705863128514206953662707985110810213517676
yiiy,70764936770998075089200882204091417418767603632267777497972068473945254374409
yjjy,97221178275858003793997252752599034037465454611882688345965839849737921462708
ykky,55736316393342285168908090381232648331038659391384181449661515934030230125687
ylly,26295078085659861390940394059115805576400908024021480774208302457026404807639
ymmy,42607940976856066671117755816157796316083232368227669180221464157907805760917
ynny,30003673511739373339477909753316098559494470581260699650258862810019383429751
yooy,45431809634426533264952521396127685066461443822388301102797176653165757318628
yppy,105929789400296767724247093531337098462487646288458702165624777717167826457231
yqqy,109169160265965735108837591408771520320286492191513897978560488852582439091701
yrry,74797250822172530645875125108867130293234520172125306435331800476007669375766
yssy,109678086107246633365135402230210903619231033688721948013376544134845951593814
ytty,106215342828140704349364606488818991197182912120900127442080437179660434258314
yuuy,32796402139165893810727006298736685865487067524044397928121619849978559502600
yvvy,92569760070584663071727174298167272528741668940715583411298126926152613513698
ywwy,25906896842546242488798861780920995887106006823829942796378359370367160352592
yxxy,107307202090499327278590141599035953887990664987947681275994489149223241385124
yyyy,20726455475361659423857649108482670042481781109035205288695622937720000068100
yzzy,109914447108010481636832821393678830233814567645520445001078815369590268290833
zaaz,62351244459476624650902935824096806511310857236039860586183431515040712050896
zbbz,76694047306276862801339645938979503623442567241816493102024989762560905647201
zccz,67747537999818882474016569408782719263549640122628012043823738865281556161920
zddz,40133944390765791692932720168097131504779138692481056524378465774141867202241
zeez,72142571968111889902027153673579020675324052667785953745933099657248146323759
zffz,18204667245685919412889301083551835323132947669874849940988237896192517360
zggz,35710794276635676093237109586669334959567862401879664516849257205176692130802
zhhz,22304577107173274841112985497104143922111095413415400471973054813580827067926
ziiz,97179104739412621927866251425857728110235153579191687145637852814665233317759
zjjz,101967104650742924168141640651963481861422064292946535108200194377997260922848
zkkz,44680633219808961891297529586421218844407525780430812649433243864494902236497
zllz,72195999085028480201902835952520490612056874534932325717757849877025870635721
zmmz,71895235959196534759113458154204407797432837014688397294437944112345479789481
znnz,67830428100498919925563248476909003261485892768965789426638810545643748732336
zooz,74235102807074212117822586740952079934727298852601133238045890800952070336582
zppz,11503072106569285636466936588535468382799850611597458042013743704800494057375
zqqz,99260354318336888782144775905932720110664973793926836412246936247583916899124
zrrz,104774570428259551450727644435655905390422175534934816583904924970134679971429
zssz,29397696545536017555853100152912166588801544886061290498175069131941128824760
zttz,8898409709672018180030003957448031608847629499569912037595049674720314059290
zuuz,87992819689638135579149032446956231723499625098331233955781433147806858876286
zvvz,74332471189865295371119784677100738125221496432101047968662376126142997425748
zwwz,59408422638298753512136781652015036489894967491280103996408883485591211275280
zxxz,20299092210131144424403566045033810440027902709363194644569222562717215417533
zyyz,59488002724175375145657244794688320804082097416956948902981238334989628414197
zzzz,101001942208128072005581227014698157423081097237004166178664492281461089102808
