〇〇一,39972028237840054941095370561341377359592151777292732493301609957387443135437
〇〇二,24178056151797985115757368603062652762494788164947091792346072799848068117292
〇〇三,15833936236846332642358924405161468522760158244954350394977216141631348494088
〇〇四,16769194483626847020469911453229494666180623486499443469167474291144520323534
〇〇五,105636149371115804963028010583669832525329130628594453580236415892971383327735
〇〇六,63017872549744203197823770121516243171282148542644438555150410748164836510569
〇〇七,45152019961319058685174615388209371611754610910896802148844609963564134144581
〇〇八,103772297448353224169569801004597233656685406019539143100046673078891398713398
〇〇九,8743927457270767196638345863660256984513803225782160766580785814511150979254
〇一〇,31406131952034542326335542637776241340370724433355770197788581711479005291181
〇一一,73653025587818766855868517452186894745799658789892144105380044928358203058861
〇一二,96520489893683559417989314942299876925849411497018163221412057779696392283172
〇一三,12841193153312792547375314098832792319298099213502621917756302503887339415362
〇一四,32173846907582293759498718526401686317498453412199485335717562356167294985986
〇一五,51396934032570375957896807321742183270989216126387595891828594796892970314615
〇一六,50759652265226215481223521750388495458807316574836298214143915545262957003845
〇一七,80683008644555458293894087936779382116090591141584074100472133188064953495892
〇一八,73006704813976386091265065346370477470949507430119269217479406084032702445000
〇一九,83393649279474230947345655053471794529521123722041210934163203475535133578220
〇二〇,108211252839160984148742562341495264276577661488161039377753936060551889550119
〇二一,107235751067179718506723315464815324956380577870492600939582321015686082607935
〇二二,62828825405217123412603544305267012876984414391358666613780180562873886737550
〇二三,59294276505730458165991442838463387420513825204015010347382560657894982036339
〇二四,16151212609337497284291825505684831316585393717456100044069066366421888635965
〇二五,97859542117359855025516462217323546413105923565576881068564202661296728498801
〇二六,85033498058690381295507156254825210104960469366565617110588330458778974151704
〇二七,68123669276770409229405713872099304240969422754852805641256116207845700930223
〇二八,3976639147981340811980218734094044897270467841878718135973439232915726181318
〇二九,71485271008271743505613218157704643827419608618833938443711898731695655042145
〇三〇,88650604468150095352354410067269090183915474719886444123544187554603107927531
〇三一,9646346210457140083626004264290651141117549528610636318178763758839902326318
〇三二,88451853354193752326746238875350650970878982964920457243803180150399126023058
〇三三,16364202330530965082988764770036170849941675595223723020078287413270668917986
〇三四,34595672339621592871347331975337672316608708676863178453313776278396814079358
〇三五,41809068632613642702582552152558995961003117848867139499941622604163254794543
〇三六,55091482906763719572962709145078748333433228442201493348216733551987036134003
〇三七,60291068891424622607383012729559655213754384662682015462275375617979038389795
〇三八,22502455088465439926085992989692436766754050408859002233127498888272974636654
〇三九,35436327911949957730807104769959873507849123155963384423807242309430070335465
〇四〇,113260227099364878498651502154841083258429841160119862474766661970736780867264
〇四一,20002731463855837178806033761844426010035917202444245076075652527692700840979
〇四二,18983178105883463157488686407360820595680409149147591631115964832529508349398
〇四三,111578955048655219421482489370713846118956731052970328107043968321719875487837
〇四四,33960718680412916905113451914114221269357199980622956867605118687013013305072
〇四五,83016239010767506356282836733641278752239669168312374313057963135493680615007
〇四六,12403799842938037876156257098257391262559275991239047292065838428468101582436
〇四七,34804134998764593939520891824875199942910744693042923855169109527651150610317
〇四八,86599235555951368649732041484981302531099638058670995401187529435436127319032
〇四九,16988490347128387004203499173460821196855294887204542811672559917799686593323
〇五〇,51185555877487883351094365312572206360087319824284169042284880758325575186522
〇五一,77601695074208639822379286002147775417389990180022966868554576610704387183978
〇五二,37471775925012831753233173676396971656383513239611465661046632009920117456389
〇五三,63810334419351423975028928761966619137947439567102645976089702674693283825945
〇五四,94956690653537432119844610117252080394157795670555725208577381807653922419645
〇五五,101284820252014008829170369357757531331906753800176421002928298682717578505583
〇五六,29889792371873942829476166868006933800426580888917033797587291216363745456581
〇五七,24368590467411407853546413094295202277523516139269643879072719402604199612483
〇五八,101123953702456850927365643778946084386171883829962263658505738705495271712048
〇五九,67422545997001536129657231980105105464045948043482812034450755113363129347852
〇六〇,4930949160659137375425370505478430934197020302168451434825731566285226173629
〇六一,24751706725021435454368551513827826995850018857695994395717212229738994430815
〇六二,15190059511361623280195547497557605427960125334678903835580577226307844209395
〇六三,110518995407269519872902400290391983140679273102159652585724592894164055815907
〇六四,114702724822017006628255797205670572011966361630488839256682463463406467410512
〇六五,14305503697666721606973793340395200758861613023748035521830136051591444512019
〇六六,94193751229870741629230370983460648855775028104686590515249154787608981314010
〇六七,6584784066804314660260760439877008822283141629111417805327475429542518488109
〇六八,65181479848949434954051835692719528856220103541010565276718410653635139999811
〇六九,86798494583265951177666404892603012146933091441188933710124130207831893630793
〇七〇,8674185426041853133892927594472248562707050831742367387678404566312105582370
〇七一,98123599396027425546381593409101357270901509404244265953512438007319652999125
〇七二,22378549784935298996860153817798888735903819263138074603881042842252802925912
〇七三,68284243928844642880895617777763606546340583287251392479564761297588016889270
〇七四,59823588708169532406706504472223887834515013999976314763052311677322402222210
〇七五,71649250076405108995616250823473757544963711684571892157115065234932410371396
〇七六,12321529666190909957802603625954637823139963366814185749968764567895804877062
〇七七,11353530828122704096941813299706557944257905875748702344543158089951923894605
〇七八,2775361789661998572869104018370334480998444795542510753865210916529055535092
〇七九,74066403372036969293826748818643566004283955993288298171387811676138991392729
〇八〇,16034241200261109938717564887220924374378422045905863048807189262978265384991
〇八一,59190937659951498581803143515158170769185976320814973713814760268289815488024
〇八二,34013645732897380387903896739169145163283228422097699041485760790296227726607
〇八三,107997437813313962110943806574589754287539952708459814271097959730613488698485
〇八四,54951827378279552061709765621706204543705318157936754561130753344172929095861
〇八五,48799387520847185709798324782134947904523873474698602576648884552570848863819
〇八六,110788086641016298607689446611369827229722094225806331963667513667114794794
〇八七,107410939824671323033028280598706563244583303053320226557432112087734828661897
〇八八,1193451911996366937150713341336044639483711916798805481903062967586636454305
〇八九,43756930836323579920461818603009459810532058756321527094560758990089635202419
〇九〇,93005393880997575945646264819816600322932257222575876209977689126061826299386
〇九一,87665001763359751963721230897230204038279777296565886467519535123725505816752
〇九二,102948903322787175707401781447059532106511273666176973840062875307218849247940
〇九三,59944615843402456032061228737039157283546309446893856080731908985581030387244
〇九四,78179193716141901077943066351791192795306601643608828825758759213977298928817
〇九五,13509268361210325025295121074679927579062730427149073052909919740958722407032
〇九六,29058416865502606020840060948510079895425954629945136327354689106733308513886
〇九七,60003340574800351173413505490679644811771990813521421258337356397921759995782
〇九八,91666412931273455120633836079180695662228620775340804085791167606353175896578
〇九九,115578414944994736063906958253804965235116615251039872018138682008697057448502
一〇〇,33612629479029768070043662628899158579820621370404863249341620232894600670208
一〇一,98299602153510173844746531131274468687242571532954569504482749006906837966926
一〇二,84121759996079043727776026864623621885784246431132997513367904284720894120257
一〇三,16072200893134708370529862489998336483492068397638671619565652559206291348307
一〇四,83293407191515037680169612385396998044003229901276026271986856789651454007859
一〇五,105512203277410487875823717145689604842565404241517767722746083469488584805447
一〇六,65768172809553087334324088772761257711328133854711595458617773951078029376853
一〇七,43405052015669365347248076221711335161313435928659787532865925043103054889374
一〇八,75561781324927956753362686240735870647253562605280610540161776056439593590596
一〇九,70433363883752345461695936972168578107856317769350851890090680378380442951438
一一〇,65544422479807831544820600309182258744470800469237688974349830080143327413191
一一一,97412038777091662182778242086419048340192419973064123702511090722187236679962
一一二,79834193289197785028228323200885043686926879576463463812081255229737522131352
一一三,58489795945808455719686289341533108244411798650629533394839766722719169562613
一一四,48508639940203717212932104668112946828485870291084555136177192056339898354766
一一五,40095813413939316302935573060781147600600864015221378117022723083139494350287
一一六,36273229179073955419705576831686476670161766242916471393725302311990275913913
一一七,35878542322483198926526737321758687697685951305261008822605847651017991164511
一一八,107966997434109095887706155748732228844107282003967735771545009888721731659533
一一九,113815044420333053698950597824404935853477878084142643609090537330871365860432
一二〇,28534543153592030368187954762870381135920348926863304674342310844076418628745
一二一,76977722508498819243333748546193965529141046582435179609519169604444795190148
一二二,60997090689842804951909696865014191063421938509289328511166545217473405673820
一二三,86912502369348203059544623134526479716687105638284256683549146590862881381938
一二四,86759084848783995077223185188334776727394517398936548643955144546376303187842
一二五,20097589933641298075562186832571439036849568311476175004960543604732054983710
一二六,37447962642973271372759981902444515398596544497147082206609504137811152116355
一二七,41727691604373728018464990555472225487582246049998912510719831600187396172231
一二八,111076247221250841737805404439254089808388422065845953533669983478187039639834
一二九,54595288101770268168401597135560090987034955322286300132484019679361690060205
一三〇,81866725623329792471571262884849604765381339357015575253443700519725504219760
一三一,31139665784356367063826759004017944352779517557368593062910851605069670401054
一三二,73105641296944822937576811896024451112205636280911936992804656466794608363660
一三三,2544085468186776112272051993491541276176968123602483235409256716873133746600
一三四,8083445031540612966428348285668985619322203164704847945005158606344508017471
一三五,63968596815551616818450285529829710143863104126218752353725410281044705105004
一三六,46488934447667591897209438475425239800626806508722141029279605404519155159102
一三七,22657992245028306175166721747541275108896444477903159104005411798506499153562
一三八,95775649724484911367747466565989790859237982616077071480697081064652716077061
一三九,105490430714259856795730944807247796255435383020111755922653998504237288526994
一四〇,101946935447249464198801179611176579548617187613431278185453854844928550455441
一四一,42550634846064769840320782127699986163609820789495444559542115687245130305924
一四二,2268045105512502866656172321625733079592027636759328504487886336198815276966
一四三,61876813600777800099449604925593969884689164410505784398247037729054269455327
一四四,47837295163053161670835453884599043649339287094629099184979206864269382496393
一四五,1761197371802951048318087306094441342624282109254107213341468143707433880700
一四六,36991288490213944459821122114896976957755342595416188448734169901342879396978
一四七,115188874694069153337803904795870034999281349922531458599269316781018759155525
一四八,83086638451607801478654071541624717495984395053941609173643328568490422086888
一四九,109190408184837538475983119765039760829933713976084071195191179758625098067405
一五〇,19713241512702103780001212429342605389481159846309106130077105867913584336438
一五一,96385435497905186670707297596593033415869155626889726414825505573273825494582
一五二,26899074571844590281234233516221262898952484049545352628911559321683906532043
一五三,92972996381754131719391750183268629215948631628011158344741009914631260546982
一五四,63241160112831085744254201815769017256429627433357873766093654824104959904067
一五五,29365879639007757218801309643391739586657093055367055058999793535843984314382
一五六,83855825472038325184252401098232996898922316293320424559318112675715663526866
一五七,109987797651653809789909720666735979182657188262237587576160838686023955997483
一五八,3547110794502879406305184301102465990709193613568950049460213699018521576205
一五九,73549999510009161523267216977477840798645729521839169626586721685106739489746
一六〇,85438280766647267348648990170165336651351421314411002130609806183306729024636
一六一,84287710937281136759749612888712132235839913241408691658844621985963422523348
一六二,31060345338541726248243678837868873092287666515771566510358936366931954516797
一六三,108331217568510063579923185857065694337677201456471436328276999335319524603310
一六四,24591061856071497344734241875585089890950821735842522228582801275619176676392
一六五,27042879819621148716997384500511374237889931314427149110520239692494414081684
一六六,28519863828212232821737178013481035846185342889554865788754150871163487501276
一六七,34124222109710675977336481537460664034373670618214838068591976937546060549754
一六八,64557816024987766886468583088503282702706797107715869524651932804913531891784
一六九,92424543561621347186260603139882615282141528745936643122738118068881567618483
一七〇,52145593074832916190102955736948019320068371569667140663621703883304750804664
一七一,111993215290136148116099022369009130255634606566393902705662948882887595667985
一七二,24675227039209658913705998801338963895250503256391515521462071879745170737722
一七三,106891969921941435453086387525154498937972575357419734208847783577895391396750
一七四,62316766029467327493462379070804618006941760425205068834663573024756328106215
一七五,112064631738125593696314518720600843257202793939509055484669699984054190881024
一七六,22956070252237177830820922118631318611020429461743624775100615751040384864391
一七七,71134655154585061017701906137196918879609516746229896096114173117714713594061
一七八,8259443442505665805476342006800612419090672757196745505285926219786327322901
一七九,44353199618414165060326952049925845371972770861060509666733426455214308879656
一八〇,51524226499131167962023926872694611999309772673820836286644429602450866905456
一八一,40187147747897080617857564476837545990370977095382681531986494982370981078025
一八二,82092463680778754685529426785049698939982801040818802643814099773465760428788
一八三,79451239367615873954274374319800634716336957763830659254433881578470947379150
一八四,71651745585456033046871627076948115258655647864307711101690553751721266706017
一八五,23673436728943897143105506236543638874525052783824447498986363709104243018186
一八六,114480043931351428655938858878417858060169624602126328022479482874218459150056
一八七,101649331282205146635476632983587763986439306391891973674283872094013429707953
一八八,48773869287496705890691266994219636704870974299888742577809644857237837583811
一八九,32781343695061135483945858131613135639150444399326064100671522431506447747068
一九〇,8233630669603310279980751061746970346843461846455236203619159530476026971542
一九一,9278382836190277039242749377521923345827382411299982415317001241616452950512
一九二,56727466901492694452839062094314496803769529977657505051661518761083807096908
一九三,14126686380545318332260443970817869945757536079608133883708888830863030118549
一九四,85906207013625864844877031312798429291014988775255798594507512307696431864608
一九五,35711286960356511004315530961955149395041791918328781673314534942337400059777
一九六,23471728671050218454826343823977636092671600978157339091454882908354189988474
一九七,50485045275572414058128489679032180459480784917935123250422154747917722693922
一九八,80314917682828381892543054027927384656018136369108803684268744963769415519747
一九九,26484179058078350233437362038917273027003554346564521448012304514885282801620
二〇〇,95812729987173648492522474963482291599593772871488537141195483153421541015791
二〇一,56787556225912775792242628281056148511726968354822313495001099094708540012391
二〇二,58269028787106045590843099357643872454152446029229720129481269748355253401696
二〇三,105035812212300019689831842470301939225186509016032167872641020191340030578058
二〇四,95563090624260342299104235552991715357547853546106287409213844552606041871114
二〇五,100086037334277215165742648707904526972616303234952843086262246965575011796207
二〇六,67919267463688250052088687342362028882571766728150303428838551065515817889160
二〇七,59684551946966906539101151383967562606411417046092842309433559931987527322551
二〇八,58674036893291073926574950308455552741908740475265734078558869779560318051659
二〇九,55431874819663622848674983570676830153648811020743762746214193991331695629626
二一〇,98947577083818501317275076872891385201283453451188666310886764691475048887507
二一一,7500652414628480512646997010982959589494379969825706449323337258393528587187
二一二,45803562791659045355219241762892310784693606985737031097079134632794354960799
二一三,79921238050204628533309524163013313571246854024824683351862927106798053963253
二一四,37755464854009391653135616341517710704662279047188283054299145616287397748585
二一五,97854959579504365059810981744217108933121418658141542787875635562575286772101
二一六,74288158908265316099218740178293212835695004709300563994872989101222351789808
二一七,69527656479443810024065018976124634249523007993548973888000775526149648920245
二一八,78131457569420587018064524501890104924465772308202644852068937135476029865484
二一九,11980500184089336897108751256274865886582602080130612197057259889466630825789
二二〇,98245306009058844097017924319177272358294413637357689847269222488404910648467
二二一,84029044790904078708520995551311639439670080168118656999753152095528651965015
二二二,86628403086129281437093549641796252569835778929726895009489329727383581731270
二二三,103694693074566200408022696953760854697760623903599290735807641754133543383247
二二四,101275545302643807553823040038062883720666661322204474633676690758861962936613
二二五,46710709368980045704142821358050414779453417140635373582179854314441261207510
二二六,74554896928890643151385036373555014669732675913696187956072010226602239864261
二二七,98848437356785585111478838283501035297518276684748918396268776054929516999402
二二八,19763875357584257541647082493527066391902299373781166720977338951415685406081
二二九,38304568980149578222630477083643485865043773482957940837991017096627645911598
二三〇,72296170013178602901014625495402914146855486135295633342725697939567507406819
二三一,7938115676457300619124040479727868983382845032783865141130062219710210923956
二三二,102898005324216049328955605088656072526020235236437213826345758077184582621706
二三三,23091585950984345213781128531673835988445165293808421365449183605075667643985
二三四,28946624111726638137929033583534531994960958586528317763935882857996680119124
二三五,115400190544412797243270010468710143781508931740793114186051079500273697014765
二三六,88358135618396205652644648314497262463245269204561601888767633421534009544761
二三七,100533975668006321146997752426237456645958690100832034466805444530448003179137
二三八,18731277139957266501121810831058691694151797722881204416775560077857929963649
二三九,22190403119200464720830559557494859254583468282192607319571148487115914444218
二四〇,24313036507431169521251792470565439527672765528008134609403380790387510714337
二四一,36396087501494505369471670177776836596949233536600220578185307229583201756815
二四二,37692097996765737722854366973930417999467557815602811298226137315725601655731
二四三,26654163872841836718986961916471151393942433295151150980617460818833721633374
二四四,1048119904324874371152302499993835498988784317434983557291810483289438358443
二四五,25333726421571532566327647615569383755257686803086617262775873327059548702074
二四六,12172640664898122761409322814012210776124466989007886571093019693781348551267
二四七,16458979871065228409621772830326750510902274278128738684095867138385887694681
二四八,68016645489239529642972495278080339515947611488878845041354891195539196605648
二四九,32326550048317192769435665988392371934853441338621259644072005446907235060861
二五〇,19013784330486912848394512226994709668860882860492151247659980980152671534894
二五一,5825389246334912759181838221862942987611418340040386686912813287540113285419
二五二,26657173953013114980023964987376640789192111538384603348188856835992461688072
二五三,33997414422230508353345133394135148777413948508602381959439611726658423299880
二五四,89953593986346607918148693776811299539791964540078680512530843595809393201407
二五五,74980395034377793458159509081180738991735993604391106843020117705311488746052
二五六,15155705227032851813841651084344044331729769288232548705800398768880779596086
二五七,68486060612023574388188881813376638675815298585637336544156991164844429678541
二五八,18801186630259884624455679468649665846634148035238084925676270782317597888992
二五九,49156009213699069936111078706218882530974806775476225251757947839906537292523
二六〇,15498954434791395707143972968798858458820005734859509028124682329420517361277
二六一,63746453870051032069163041507387447490915773402765044770026293205547007798522
二六二,100611850550485325433015885664921703709837090764041906101891437233792604978719
二六三,37679254337721789007695666441528158367502424347542057785408217249291663578544
二六四,13500671627507373828745743165466267353316525017290309593397210617190291430044
二六五,43417033893411958034906871484373195120165901772845231954054683328115882266820
二六六,63097480691823632934181787744770179925869779354125689568814905021585649840227
二六七,98720766905185177488513282228205040700096582130636368785716235164307513402183
二六八,46640420657654691212818690641788594858531395628906251155967471885265488852865
二六九,95274224615996563158938030230344231975789299698382083968684873671156858835099
二七〇,94202175345887609088025646462255964084185767214955810906489681607902546781157
二七一,108831057189938691135571257207099570680383783443547521278537413759985295098922
二七二,40448937142848069761120927394759893737722281687312941106662250929192222087912
二七三,20029387617090914740717913123127137998172640855118600838286571940553046502690
二七四,67191352571436986543550338597341466736767419147838828237260900035612392511584
二七五,46098268890085257824020024376323095952518568444506199428221894203717927176765
二七六,18854613548559297694223198498489443900330222541771375050758606930460954975782
二七七,102817519191189426058304217363308857759820185322637683087077017981567325119890
二七八,110309950490105483036786108029723832601323811885348464677990555340411296124076
二七九,48638765787395685540095000971882547382783766780095082561849894469215016123809
二八〇,1340571193586367241299055027881646052917540634676779868518401431643173872594
二八一,36195844585239656816988754506238560685499602788269131962577841932576356831152
二八二,97789406220737396205963713507254722793304545451680432589446986182590017839896
二八三,115525649220097261496994585311388853608768930272454589872025442954988899942143
二八四,5275429063392474236468271377725568456068435152780248245343098087601822000347
二八五,76590746330714439334826805539350577104032930788409290636759230709746154146212
二八六,6423476339691757581221436401762890773015210667987738157426577880640279343231
二八七,95303709405490117608825930473002230446180133863946880258092199458131275960479
二八八,99768573068746394817683166790660215348168519154502604456303005631797160843364
二八九,108739084171726261686378703799113414204833281034258299252352650686938780188033
二九〇,45726756600654957356981476908375466447915949500202469109185791233333675674012
二九一,17733230989199661359319006148959176041433445945425924099621952838382899036998
二九二,40291387444077385048967775409972080269131988899209279853348819198126659353008
二九三,19351158365650989323219277168801226822715149953365385152820048595847057986940
二九四,49568969247959116669067450253888333093863771492511804864808869116343233999950
二九五,42823451338102276025490914750683305085663063973217727695313744161530658725269
二九六,98283161468934477037787322245735624013595282769857863130531036727020107358573
二九七,58108589919959428524373646879195942069630378533124181923542223190322416733065
二九八,83543226286105242885453162615699685826715441341246878691305801498963470632748
二九九,87151234067997698764726306290849209091358817297035010923634767680676890447395
三〇〇,59669977212005283016526780128379992830217323921040064413913732794666011130839
三〇一,74710782763490139716914436007023669080090247282146866591649033380696006341960
三〇二,67189916502304945979588856443263687568462239566593322114115958746228847839690
三〇三,41688311064392608389384600931134548695050275029215552666858416143203428650320
三〇四,98788716650864444917385470179266096520517639622768363538292117370145738926974
三〇五,91669913990832948100376668043354721244987783253717423830564837537788047862520
三〇六,87925251538193620835472136192162028205045604605584018540309748240040630773731
三〇七,3477464144475998507116085643375319368089426380783610068284297675642410661955
三〇八,29017318871617293792784614014528369682472640944333113819038241486731234654231
三〇九,105462436955102324886289683787165732296455824630499438755182779074227842391915
三一〇,42245397442494435554691623452052444579769576853012196238812888445648425553655
三一一,42753250282994192306205728604080579767117605388205419186890059399256883330979
三一二,93747947388256685932185646975757211899536338702678848941401522615182045764022
三一三,50446661206201895143668057614548032192249146757319812450742864616593965976989
三一四,100835562665779513454196932464845493590618634782152432310457785769829931726902
三一五,112938537386742182470617359592372279565638969095224829067512730464264327584231
三一六,41757498221764577491600294940099523487998760040117218510313042607920446288621
三一七,53509056987514274963594138114596548736789344682725050740469598039628825363841
三一八,50227020178614381287567808479936432263827597121601182932315337903098755665317
三一九,100824735566437815003047158214600674519787457881494984892949447894974161804545
三二〇,7569148667042625181177533718063839493657370983523326066610417092500307724020
三二一,54228335028785456035792155354520093982089156447653202960959716289322906575801
三二二,55009436580773590303016976197468949295110681808338283307700959059652217173921
三二三,77029172370187524032002926215613954122953370083756436764308706524024916010828
三二四,57132892881593296098304316602823928079058269674369574418976692758610990063407
三二五,28080851005492643409438800745413715620714839626919904960553727118606980711999
三二六,111650658489837300544766065513592078114180447331804825971827594371872021652844
三二七,68660116751295859389891598884338730702536473330104007173879854311290670515613
三二八,59331565973214735037238228192345369202953836679310323678611248659466062088866
三二九,966320300420985879436823680592913774098818984078299023715806551578604121653
三三〇,75744935727365643119782443612084880045708203434157552214032470376606260105111
三三一,66083739470857766660448363537242986740142786118635947155875052915886619359572
三三二,21499370924901981464497410874227933934362997940102579461755741929901139489863
三三三,77165780076283229681205955736835616066849598499226894533725543517601782685268
三三四,97954898548674624074060480559847887290721408431537909387830012756599985941153
三三五,56773816918196616396736825598639480305943830558781589925284875624695250410700
三三六,22312442125540049440909245359567826108007112223700058887408090353433998420786
三三七,76044697717736201178234971752674921023717074076533492076500190756263785336430
三三八,13999040495242523180230100468184771740631450108487337599831259691549016708126
三三九,94544358645469655543716835176286012375047528847012186167956009688508298900743
三四〇,55423394733505252799706482288613893216719261609566169209025745878417034975424
三四一,11397096381919588384954332822046138709704255304407598672824232483241478517682
三四二,33910875333979072287552813452780499842385670595615533813316489494571375536099
三四三,26433421538272722843513536713808364467977990954332794553940337016702178198252
三四四,109244581296358783065697134414908475974326794359402612699737013043647804785253
三四五,94813724565441558351703595294001524350653275004478907067768672270162980916922
三四六,107062335072085123889081132886171583591178295421655670340491023001057434217068
三四七,75724000837167209841435120836623045647161100829115283115389289815034616267092
三四八,57196269100998809999115599072278520003756850481456621330645896915222287350537
三四九,97078235440094102755886156092790860569419669059645398088668183947722705693174
三五〇,66402136203256411069375536614905890893602730344774564923499178992550702638771
三五一,90604524665187202319705563512475498753420685064732540869026586024239753105615
三五二,82968929258867402445657949455324863166655166011014007700141072998401025188334
三五三,88188677947970619218286733896398654006156471831814002174513565341909161075648
三五四,27937094373321274406523965537765733875435671186203039099820968332553143415427
三五五,79934268866703558221549348788725124296589692879571536448978870471098534646968
三五六,15338815378697033759347462835284720934201036204597858766368733086420776967388
三五七,24719350520805064368271038384874958149919571266977269587595723898520701404049
三五八,12536517517247190802059194982030604677412853702478648576560951600072663756247
三五九,78604335616298328675074396728479433338737922493866478898893675755962174478060
三六〇,50594679538343205881896468339966533279235511535625839827754214949920244537509
三六一,104492534254431353441658372370797594988300773091781934354233596306904294021287
三六二,4774206025903700856749533187713707432117049426186383557723331833098821850871
三六三,108919746546372347094219855438957390573391457809616988897148749411004030276377
三六四,105608233560131339307131016875901839929102121429614381833679843499865170264996
三六五,18512555439602773295711314651989294321207841432382352568482734647764094610942
三六六,3540587960214881641128308082344634563474095359184023399662375203520016506761
三六七,7099789228599970105356185863937008897891941597861122535546238653187836589697
三六八,43827561412364721227353803728639955597175330112930829026830962785327317257622
三六九,74633689076459653698893085518579977593731362798545777549000402212893272093365
三七〇,52558943069036802156620599839359442540860759564060400169783211213221317238337
三七一,57396410460752592592715084089732581272676340690584363056560464483842681350839
三七二,45508168974988879884174058771858824954297258611308376694587830150471468098593
三七三,110685451645942331571903737567299013262632711357515439757889674733442604870787
三七四,33598667843927464440848332702721495520577141458410992426645486355782912253045
三七五,103383675101967429244157820370912589174956684189277125710540367927903304591370
三七六,28547550838023040144431657029629797453811975944449947744653361957997514845343
三七七,37719794815382234959546587489691242420934223904102946680144235306750994317111
三七八,106095835091070074582028098174970355380012521966917225605091461888103318580358
三七九,79250366686789221251677653235199465404072501501103236061486422037807697303390
三八〇,52483737039966479317424084766650984305152687629206305533381297187340824312940
三八一,103503209346135373989047010656149341959159597174436626532415295039026387424623
三八二,56884477055730342258123427053160211039337012029523496125566995786290212403020
三八三,53738027849252142165182823220575041590441368161660561884801231691358950133469
三八四,84849248559755208273325741456172230465406531232982983166347302694939858836121
三八五,52231655645302478767533495623955083930314914259400898218851784009794783272943
三八六,95994339083943357466941222276057325553493464599032805698440080430690242013792
三八七,62898271941222943466472111849997437164985446678571161090441426744190487714188
三八八,43109130373308505744788482886975031479079961574033995694697804709601253157507
三八九,98487557981483898025917541344398825378149220750105679352913178101162612307088
三九〇,71272265130029767557551208260755126560701748432825012465783225077290594275402
三九一,100584622802487056531806433085113673938091800017554256798765748387708383665077
三九二,1949369377617485996065834348746173802538382008491544701949193482154049782843
三九三,84860705951240731587621905035471823987635192975889650366114767412325952862079
三九四,83330848399815546911791535109971235493147244313109674273498400652325123646880
三九五,77694033093243559251876855298330054588252617386276774335816223887852199433512
三九六,70152211149608088595885585945023502946159050649261510259812164262307808260412
三九七,29064989821733168590568910370421596881665267307877220857971033748442858020633
三九八,61071024472988200944427614737708308231537574420819005330960193181250019800620
三九九,64634114151402050451111272795846798445510141828772809542201506695902078734176
四〇〇,30794319815636924446668587075672584569340807209407814573125669949533383800789
四〇一,98977168625201609158329705702049625576665896947198497507824070597744796498288
四〇二,4835715913240905202027663692675575288404359760087151567868967196538483246103
四〇三,50423053491520397995178770673133674742832067351804507833908765812305684645302
四〇四,31333323873348832491082329591926828959026169320286701198809583929473715549345
四〇五,41489405268679029122438796539640429238511364574802548825156146863545928057892
四〇六,67852048200285365373528243215814035486782881551039889328645364346159403688286
四〇七,82897686229649230620372198945110592416071974705806910208599483740159167320308
四〇八,35114905948382113963219256976304705179932960240740693563049558646712275482866
四〇九,33466791890251646850549958269291520907216806163881749102034439005808526557984
四一〇,108307773911692412951014969703595339100782119449562473594244719504852616288315
四一一,22460291622739560063377041754487765044038574703723504379044940722789795168215
四一二,93351827224904190305434697798296193660202613754288509926685102003015039395146
四一三,4662963307249520884301814734178267953206717123457799878127763400150982992858
四一四,29883976188549999004955519291519975633777302625840398516860915000409253790178
四一五,105750151872277294256644146652262929756754832130652473671744180013454959332308
四一六,96712194669341229284710845809981662122751465861980315304429115489247803583585
四一七,86007032909449502672234235497974142655091002771762508096257317084025520108344
四一八,108199501157760076900674613117143626956279285215849924120583619817838187393962
四一九,57149910450778890694874926187030418974100109773588454566964797282072731363045
四二〇,48395545900318764515394522843143379452184860789686641715979373372922406736828
四二一,12428619706926601790250576401492225488253753285858146851434781669895482728022
四二二,80557753030318776180777299149142980678463936747761493964613309392623230308309
四二三,2897564500948932529459822946928578103396707925334095569319830443753314272843
四二四,31605944956618500832517107200253202230477953131081097092676666967258532551988
四二五,74397759832402053339511505442834938232193890384959336796452758129142296230464
四二六,66713412259023334451862987323065873358102366138278619909149213898900700635203
四二七,38880422399306197389954319267038072815625143234763172794313560172576864700763
四二八,41770572471298167864144308775091957424824259629084943485901699392759348523122
四二九,50403406266205298087515514528412184791775862803989171996634776623386359465078
四三〇,55097015197282009016053221776499877250535016978126582872977096855927090215519
四三一,99714695775392507116438155180610497977556279086307797465902465315495357241808
四三二,101282233368683756207089349480966862037348666009639991259346245104104295622236
四三三,16297059516989886032695404694464713127386014959510553901744770912829967303149
四三四,97082654968091520337562684298379005947565365417815832568777391106448383709327
四三五,113093197333565523402383533415402377707824672034371942705364488762552926656406
四三六,2040426573540776709424246409192787752419875730051365264550009733808009259283
四三七,114428601820986221266229057018053694366510827641484948565986695187900914444819
四三八,45497369291702995178724108486280280147896823695867281256823884582553577094353
四三九,56992689595532111841653467106119395758015511700333488338294054029035742383289
四四〇,17597120784706559192165315237069642857730219250643608779675392662884979601575
四四一,107260459030748122975867569349778790935879539589680178902748335705943815003243
四四二,83289795041676513516366097982355795789128422945191609244686780811556230864489
四四三,83724635809975995831542359245120085103596642059107855571183050676318929296813
四四四,67144218819133602002591253869803644545162712632668954833931382862296953405229
四四五,16988524653943228358177865543397984849229099180671256045167576292597850703552
四四六,97682373956403666955824179981004145561009786727522651888094515231043503955292
四四七,23628875698822841582913846329191275597873123161885142746564835655483154812467
四四八,23289330331504381511994662995243938353762152394754739328426120507778241407737
四四九,67480084557985792067377485578651015081831710790821447864983698766950204124983
四五〇,39529295943530649128212909634096984160207393257261548869231531054349231193637
四五一,38110722805168074446771375423222193100665741012595612094950368965158992681698
四五二,27848295519475339438759259758043188905357694150618308027635711217156443832740
四五三,37515299372781171148879119269070866040762422314553232580231313809985033057728
四五四,104188174500291484778007833744304948783316728915393982909774505865712493202959
四五五,75367400502218700030444395687157551751312535645005161440242927400861356821731
四五六,18971676712357164171718149844333694212585617831186290106171622844291591202266
四五七,105385383892057010852905376047852700507095204947299192923233622210222786037973
四五八,89553426735369953787576945965086579002809921677655648181952442135036262270460
四五九,56733505637248270164414355105670140887788815434324281547727887870447181916416
四六〇,55936372793119402218366622779709710787298516368398357025856811722316004996445
四六一,59881063043056887905890083875020554226988417345202443601315708858032007827041
四六二,40070231158888595274082593946211938095998397918647281023191145517557964224755
四六三,53865863921910788479743347565985571923072667544505403919367905033584846333369
四六四,59092660303130280998984730122351719712849014320148433528542471812192495132327
四六五,85118192470239360414513932087295679221468070185638372430376889913029509725451
四六六,63001273628402390387984630990116897239376064275605910437838039470382095326002
四六七,2318898707635120440618355926484256770220676805353930802897214515641228407650
四六八,17866817415814284449581065020631616917324320464096849785703081390459904026851
四六九,34398627771275796166573427236871651850800050991093168935147605251390185919487
四七〇,80012300782411996032099151734592201717091025311371478711773870874560773663420
四七一,36659065035166037880152484316080383812076415203454751132151380677532895354570
四七二,64630527791509025891904213946056172793918878444056889175979738761321549797161
四七三,113076664623866215549320645900636282603961029484807467680181634710959603987116
四七四,79366538464223092769497551849058520159357116910891960712267039360687332394598
四七五,46596571188905398279986310204685907801954970489119347125814766219661174124389
四七六,38598000109731234399444526570281315165420947087604655886407192709590820185305
四七七,80562471282211100227859223507351091516903150018558633594010903201298376416179
四七八,47391341722597775689562610428486091926979443809978341845372816117907911041474
四七九,49380009131793597659905112659455217107265673273110431295703983269524987056368
四八〇,5485604314930084448237499550522573942789700237294804539293055037935256268692
四八一,36016905214660190322043226351914165078014248787574241658425647853126514854797
四八二,92582029476604460426535470629214209771019999055540551725922710282126511688397
四八三,15485695934906180791119788858019248790323278157682746244614796306791390714674
四八四,1067362957111442261947559849998351944100105332602013937927767088164486774825
四八五,110837588313740255450537401850907486301063341251440962126631979301505599560382
四八六,92562693657067145812304886377264319038313967374053653683355896752321541634868
四八七,56461436776446501418801437557326868800410002745806253928642929794896665218816
四八八,27015826489486846217090216518405953294538865713100256260173999505885308551884
四八九,13103709226721065771341408334926428547854265676616285966132541212376139715692
四九〇,44124720662987355067423480505016152020900255647280411231931054508337779380478
四九一,67196475507443015442793921625802084477440589708962619240881933803219084206386
四九二,40395187009753331574825432433494386211183385953323298945689642020006095017129
四九三,34212535195868244576364443343038652666998106092514210887220445667536129317129
四九四,40381893614778894592207165003203579401469367873287103089328120419414886254371
四九五,74640009001141694106348093588127008358271426509354623548022052245940465974905
四九六,96928139704067827785792472869547714482884819282795669692047683715495263809197
四九七,83760300708466847738889955641362013371266169786524272879044144184400746488119
四九八,104729922283803471622167194564994719875127660346839564859380731103874575183877
四九九,78813684438252134684031048518954718423686592301706548384436333814562058500094
五〇〇,82512789933350056004614299264610433777268678939838756626316780724311705894870
五〇一,11234869177035512496419056462819196896971258160164365716545686082869647922437
五〇二,20181834161950032229713537203038431769128550909270443819637806348753743482338
五〇三,108107949296801822065463497190638998385664490931289835779187350652400967116228
五〇四,60453381348043891765673344824502834643850718832736506925475206239699265283994
五〇五,20682643464007866037273598995241918070148049409244559539446717082334917748203
五〇六,112008358953648411873628650961674567999895874098201960992403457284755666470332
五〇七,59252623574249179222346039753788819325271530595383444666036368046205092490704
五〇八,76007518752029011308003057436469580749595214372182303782762011332298774706660
五〇九,90925776855080599804655686003571677921495074773105108087801428242234408740835
五一〇,107585768928288496360475442594028409119951300131507777181778221863766609030331
五一一,102464735270359665002059927148284216645628253001583177566481676656545868220710
五一二,23026365836347301922508264650910186422023711098082829476052924294769134611848
五一三,52074639730049522702074285386661112923059512519500335668201158061638291155683
五一四,83783830036594645734076757314037784019063873310834366423175415975929343691863
五一五,17780180620005477895872367066011687769320261944939247813360766967591637215256
五一六,5411277379208864461451568391376505676971275707286892129149207096167898451699
五一七,96692896407265499537905048575815371401658618384319782137951297943174095595345
五一八,113555090125032627372886166167506287516245013924741024886543017590835859117272
五一九,44398155813763600757927790864077280176854994737484516187283648150676828021397
五二〇,93332152397789006713843621880454846757051639617034458806955170485647326010064
五二一,103522979039989398648882839685777263753563275868409305100828521402449907001907
五二二,31571001225310498811737006670669986919626718713775240705690427686511528660952
五二三,74414219731865974207022460699797377444827607106091841996481077878485791039058
五二四,111369882798335582733575656467938535307790414026651877819926097175380978702127
五二五,49956342604652947141277804448798220742345435963572265542679539868250672559088
五二六,55645724125067032691879775590491302868670130943773833172832850713592843143579
五二七,42656257936626190017667709819690433175365420551812617634172723524717719206816
五二八,69707369070834674127300636984883788056082894501238111991497330454403161544585
五二九,933161547152483382891294843557743597277790746416657692192194099218769396610
五三〇,20858498179280639346210410057596872519044978023105447533390802883121106763998
五三一,102476970399348765648749261074303189911898965034911317415205304438958279816776
五三二,92781728032176759830972320506074767776889559574103460493379065133524324674734
五三三,93414984797172894503945134274693818844221864053150867418586755128898770025926
五三四,53425160511960814622051934811860326292973421489225733086443195460604300906507
五三五,1542136481860640612281140563285470321714950275873244169616228064330445971333
五三六,85879497818541793688540592207699987485676339451409102212395527804563880151863
五三七,9712836848294144500578452189775634793582665061086081416922702066524487672764
五三八,51354690649259340901872779203139106579268007416407149075085428326176527987604
五三九,6522234348805754269399455573984576376383895819497904521465288591779441897876
五四〇,39484413773757286620647144925513830880160493505725264279871063021120099153838
五四一,29865735995578515435694818073166841331872239800991469492148237163909292424469
五四二,100043427281632976570147587621299583852621857901234657982366242280307941258624
五四三,11294579586316639337105659301790091346293142325886076005151090636262755193459
五四四,103632475635965531893831901116105555465751268582540360913620047101227693105463
五四五,57203342806962830647723589348328633888321791254266003574469091189360511587313
五四六,18790320739650643609050537509784511090170653845094210799805011234602247956639
五四七,27148316358073069927261782406998005378537399617179497172226678055733887986746
五四八,27768535670330931820181938173421637442817314563889317023912502920059212147211
五四九,12035449454354788869527576880070766335226605901930400893284719469549971885246
五五〇,58410812446150264326564912097710626473144193352735749127997324766749173292699
五五一,65553418294603619061481878077349284336615873525809388229938857111612217315761
五五二,74817274208961304561955820482290547694395469419652409206800966719408786669517
五五三,82766554125906740255328630081293387354745087045729037368468076444213722173130
五五四,33060843042103176009990800690251888668291591579517828217418008312133532790594
五五五,54360067976987606524963973501582365060883799710256866586938448412024945015672
五五六,50233892752201737058727114289389460096460132419979984671146064026138732109776
五五七,51824312630799757164956608580027649332625436861700204864989155842595016136576
五五八,115160232542971077739408011066996732780349141980574264710867788530113622675921
五五九,82561061959965123123254742139830296925503460814587454305542219401969128403809
五六〇,37522554867925031743125407957928783378178064129260912329521244625640346213654
五六一,73693707724944569878746554463145617138751004072759520074643226390208522392371
五六二,47180558301318448837226024618325799160837751644413230092102516077829222959992
五六三,38934073386652513914527560571357558503686057589647478679753865828645350996613
五六四,40282746758678735210597928605286016773126829209231896423210077909912723829575
五六五,108109255245734795610270952102119870886442832136489039433604602985102499898976
五六六,67115481050872419497243985593738291956421816112465503726609374922491648541765
五六七,25643863973681272568899698166820675499491580106339705356058248401306728321130
五六八,67577278803949012683648756643730325012648971425067418631594288197344558320953
五六九,50657995317599218079868311317788949359800779754464478436710716788536532334373
五七〇,69057853656047995856147897839905509037861019698275904596079351883393997371507
五七一,18015588992797350997310848352367296247914048799176868414401697095245119853481
五七二,42430467281067199709089259935496379173731403433626056631350847088128963925605
五七三,52315181865943297425429074911777103250215615216746864777503378190140766644796
五七四,3837092504455954039008573881471802158747901094303069229301786986075233405225
五七五,38426040546571414146834009880310205055883647102163803074148836103426474812116
五七六,14523650186880553517672676264432960167737954345287714492333218291214353604244
五七七,11937564029014360900639058391737797264673611983411251928823851922412855157595
五七八,40386696993267324781679968944935889431350124946314366689508515366431812483631
五七九,99886764498877532835624479730778844406750604800567795464142724890070592022560
五八〇,93104121641335801826967862714206254114259697574956046400864325005244679874870
五八一,22443633072400388284266808414629844348652352459281467995462149172354878832630
五八二,14214165056617617563743565414502037008770942179437124522820217045077975660419
五八三,83706339443141569443573171188695153038458721745367696945723196457172023024988
五八四,113309563481608746049692156722967429855389575410590024413958846779727645392944
五八五,10295556017960089091551607345098302872874332118668343247080592569487214961581
五八六,91623098150991339997035911865184064716890638152892667064512701567660384681161
五八七,44099359852328731062122120747062756322577784902206287881421157713229042371732
五八八,68086601083091557101398348386911702951248082517110659246210460823532734169156
五八九,45909945530534437837226425987670664770968186341035559142818342512244295422994
五九〇,92489644589945904306130624093003889522911157605773480860091325903011640109601
五九一,109352443867036436052603550415952084611169358573295796348585131339281573226260
五九二,26532809890079962097900624538666479461548385859631245650202658797828269980816
五九三,112489041638636686870464667921995922910091733218897259536633672114304385404793
五九四,108909540448859586659339530835050412448073172999807504447610162740725298212813
五九五,102261581453633840078948059541189946150006483312785917633515239078910875410700
五九六,87810857477431842857984005026526941728474029964807005997696739487687107120033
五九七,72636311718370480267522075524826646064450286257779839554099426214454527293942
五九八,98356912336151496762546988174832771297377118205235059351115675479350407271734
五九九,83889341043564523178551760364514746206535757614017275817560833403726620725629
六〇〇,32736255797845412609358550974644900557425055983001423516360540837036843507409
六〇一,28067818679910772351474078289486896594152565542646412488382258623148918938829
六〇二,16305530500801276719452343282579097728211819259746307722228128885497666826853
六〇三,101999719058654568501160870969740584377392512205584734067497639486562124324436
六〇四,23966855227421414081503856456118167272575936693982877046395493496523054523238
六〇五,81668073097746426743346223840546662774137455689133527350506911796350354312142
六〇六,43553398075257470537292755553236781141769873712518368747712972126166910304954
六〇七,87279352015279481755583153635538728029014683826340225871660394801090421366522
六〇八,10268269042053193103137927492203148922204430471018136339504555411829699936515
六〇九,85777378954019601655259616021433222884148367388747768876422878490090081080169
六一〇,86809074714610019229537208564221028784865013918480130763105739601494658568215
六一一,11474289296772502667337189077941392162051819248527043991611596843996701949662
六一二,36656005969605448763477709315195654292324122752301676671210555897047021413394
六一三,107743924780710232617130417021093369605303625865288698545046879883703569337457
六一四,27276259734629625594014908840328773280769831221986586528637416272284445573309
六一五,55641713586002878996525643844639270487676505255893310703706351871707309402716
六一六,9282071516082146179646232759672533392167635325146849772061914713438941554606
六一七,107980425280998949227436215266600544289360565648397648507206480461167775962137
六一八,65685892562047084136183029212402777273767978817244790195558579222839357576699
六一九,31400196603680482836717372214431342392400522720275003777407906935476439473999
六二〇,67266072478887378274815113565271472925537701775204640878863423323233641651303
六二一,62961062795443138043959630991914452092159503161689218522417207671270495527036
六二二,39871657224586865243828503132595899072329197968584191639407681304744571435389
六二三,96418848658124183900675704511840116065073741894692718559965784332136378926376
六二四,7896618755543257952808760022121211582966848749422443074546818730762794174857
六二五,77684382734658994608960517964196528505992909152824458424912810220757113078829
六二六,87303711980666495654102048092650739238376693590216604548710040684242896196339
六二七,115100299686097789698713263559103405848277347762441510147684017432347437576214
六二八,44191846353997146457565598213594819981539609248753598431728351612650910180241
六二九,71217540511374009236535717047880905898091087477586898193645289693274653988571
六三〇,9996481648135051047529403683373749522754027346115092376768075380034179926235
六三一,3888095508288384961114850231131585455380130182166459447031205494880841830361
六三二,98793124379476214873916550594045103852694254907784964392210352196827769690511
六三三,91084835748325619732132715715605032550792372370041082714328883387315951811840
六三四,80911738786314824425313371695500242132589692124562288026877750083406265028159
六三五,90230879096206440782157234273781931460079634846726952557553849332170882397453
六三六,48310060946311063498495694468089668494017756498319572136185408436149454581990
六三七,17940902457243802791135060330424722031358476171757338895414223720008776317179
六三八,15176499926601165689694429395841991377985419139035244601150139481684472921781
六三九,106839858651775496629860526530273828693775108892012377206687396115731543158190
六四〇,91574594894733099548706088986616515990279236518423688990173178476145919079825
六四一,23177585339856653185792542706582245077168789123309682560685883567364315324030
六四二,75880146748698035462035193820487533603695861545169915597671501292429216574697
六四三,40169807535251971237588301671230006117445020068869756426597112432804140681306
六四四,24274641603384082218601674998388490363752417738906134787743750820262427913564
六四五,87413461738157556681475782434857212321156095829729083338605175225677220610509
六四六,6690210533849095236697653288435067357098978756529781980313260617572668059617
六四七,58095839071225134280435564927530002352388404199009992713462548455827941085013
六四八,114353222170631874204932811402781643697411848895080633947801422194370131539532
六四九,90273638417672286531169918943717086604667179587091583977569507548172780816856
六五〇,104696191572222514737044482268280597817586972316111966278131224910328052723182
六五一,78788205065350887530167772582915049683215796386751430702681433623201108130153
六五二,40976626624087571223836306161868753973177092560439504265486479486811773825685
六五三,92802935107539055831499064000268855889825891296467178100660994811584481558382
六五四,69088737947883471644539774247356971013815081729415293721297087761136894011183
六五五,102123941509347467459354035511243658880703922293517091591890253229660933625299
六五六,80196887840634174000376678181468499349774202823035942778755554642762311166331
六五七,47711305406472913255426309599165499762521096289443809367389633761381844366371
六五八,46603806680566542065531419170058538752443927052438762133554608942869928203001
六五九,86047722248580273322625127932711140288545816472551659710168758448430146467134
六六〇,83174423633259950028302795894400571275342399140995421139102963326675807096000
六六一,34621275522575577252260461501799976354754139067937445751511542216358536019848
六六二,81767076170908291140580541755387398983300992316030141618271958709180828583348
六六三,90758536930222334226076363935954716955908824318417734200714701635323423088724
六六四,51345836118853950607812872271051003279851598321025896906039042657134668722044
六六五,56585608517351535558013614254660471422623787393886281010425971733708109253625
六六六,115485589719516016426557154593158813999407571626641156590749977562436648508232
六六七,25459064211001507218072621312874854187570910821113213045330488414955533143001
六六八,7489589392428341175610522071572712527151255648060967453982249212090410186937
六六九,39838922862934361031113962458348395051930747604313293979379045993784493660054
六七〇,27781643886500821881096133717881987211052808122675919292064344058458380739056
六七一,25918163354244062042893895253395384793492702169561086999974446006284446989110
六七二,37476526669003252538168055039712646594091178662128066558556465555694664651261
六七三,97021157489845040125033484070083237644046356448863963993188178471748670978444
六七四,46719959500507519998367001132829930478035594150261139870223097685914240371701
六七五,2795571184739133204083373013628304286553508617161607113074470840492647196288
六七六,35465034245578869281815946445786683114642630589787869601099698114197276986012
六七七,81604390522391333959522298504972012575856091673727757178977051499527578645802
六七八,7917966772823683999847036974011808316318977563486028316930396954029946952061
六七九,50655196572206929450807012084634737369649790937415483911959435382318994088350
六八〇,77966215408566099545584156165031926781411327098696686696064647428616223037791
六八一,112442990354883548525753641931233681259939962516468934987703024123810761166381
六八二,110379437324421372976702488317717977756993361276415317454867939171837284858303
六八三,54541097458148146530310097062581383435266597883849232214334592395202192016990
六八四,30620904087806270434804573925174889023394652954850678510320266810463752221021
六八五,96583109981848889971737613374131026548122841202700269716519615655274201435790
六八六,18061259214104204514713584467926533514559501884303278534909514764651617107283
六八七,45148068941623773000044128247546559176654374457809344661938909551547077819046
六八八,59171155713354241546401816887462944063196960905978134500124550176468145275202
六八九,95796111867212337577051300169154463829183894454145198973562210884278668884380
六九〇,78424171526581089987843339171137344626344542798919359947518335534149311653394
六九一,5920001049058710116040484713721187836705966837924401233978784611236888360444
六九二,64251512735142120532685406071637888264826184357422522680337524688683294334525
六九三,41156374935380316884870916327659976715339054250536456003712389586009474791047
六九四,87279203743214320783654245784895898712410061685733549268919695141252280141540
六九五,90529510693531487627483609103690577525298923610875720751122992083846302502996
六九六,48687350035367333233371386890808575411993187405536480876131420747346841666926
六九七,16379761568390425795074779726303523204235713673607424093453113212552851670332
六九八,73651371755574082941366938051490193943094996728506634195562570982669065979271
六九九,32652884262830149688053517401092834896856428039297909418100966619117963542840
七〇〇,26663898281826867691099057487241322129887866315733046106996318072965799355087
七〇一,97522941294731986455428335597134911365376590210779552274163720175314289899779
七〇二,50835864392347850471974896519643453020996498155885020873907788132258274738703
七〇三,68729988091987691890191500357260747494397258042602833955552221060877228708937
七〇四,28796210734456791046560698388449480870278327837061230828300662460446370248185
七〇五,49478904928601331976654080988277948263266056667622134883136205208826573895541
七〇六,19146969055861218930351379870670848147134435417572712833383418128501517323664
七〇七,31388731095783929632900246421352231517911383140155374715806950637681433213669
七〇八,40628137577056035038653735899789410671860863497983422776305818823534610435706
七〇九,6926212002970137258843095225971833564518005708679499835786116664320497335173
七一〇,64476294136419227261581887374139799924227473504684887116200995753809317633312
七一一,101749458452694324611573668779372093102938109178721341890223023665498372431537
七一二,88275054578920939188387165724731243799373794052927396794434305160994654928123
七一三,32117013727436765559115876768964829819506091464727126265294322714468396962958
七一四,12081708666665998639253946603998616295351618227588038573127997612077822882316
七一五,112807083850581527917141070776084080548049085867133057415667399035790803655106
七一六,78933249476429444731093827429568161665265955366036179817145409345772365070137
七一七,68348698718235049287118711654282923014838823874671560359101692015092718093476
七一八,64013425927549860180248165265754925599087459059371753457141667660251013903994
七一九,87116567480640276096311772414636906182250144916705535600263037385924352615535
七二〇,78116442679614700797582465107053347227055187862561638105509504040637819039659
七二一,107561396908730288626525826242790076367330151339904744906416232676676292834978
七二二,78416739478573370592069978608782276720102373527742101888552450261994055612336
七二三,73133800544123863300690967145820042366329622078748731484093662095441769723202
七二四,99574651046966044499108406844412076892259010268609468015864491777509029952492
七二五,3981061602132797538737930521339644128093549100283309774505927403845461551895
七二六,34656283485640206677881749274846539226148115408679744715277554030290162002597
七二七,105608453238934545838731501624991405851208212894453005342248308706122689836997
七二八,7862363720503134565919818184185881783324906608134443437849215703300323542560
七二九,40331815885255379060550087145520635539225248521810747823007971743537527262643
七三〇,68598498069659789704606460164512683868820092157643198929066180214545709792963
七三一,111467439703254286659072942898552254023431530054464938551129234605208334364491
七三二,59297013647776829230756515510798319075165969054581465755980990085882096278171
七三三,79340388604048133763176142670877812840886929103212742780625498737461734713628
七三四,28771534725511301783671355004203882744087063077969523526908917117940412017756
七三五,32341999424664445569950487344588508549718484129687624321510629716665290268940
七三六,33907183484947089381779271563744467207401254225768054328792745915052918118400
七三七,28666721705865388530730702599336530902313150437808796370861215839169233867816
七三八,93492765638172245518431558119024942255242151279148349012802017117692850444288
七三九,59146230869149835893127475483493960429904747215259932200041546578030481161258
七四〇,29494586753133471177307879889332499704230013225665840990626549475387036928291
七四一,37441999738032660853159789461774604063507303195543755826038346409635121845965
七四二,30405536720279099705783694754803453565391319882824384854596731054017701853991
七四三,41601286394057828491189430971161592889399298511166451086518169866052601604092
七四四,6241434322520207771869687705576088867657013725532695109572525677283044383264
七四五,10193479652086058004308129363743899284388071810178148083701547907706932654067
七四六,69373958492115314367481631596585227916680622365526071373168606145072441298622
七四七,49550617941219908048228456025848271884988675679350472153349627407176833699295
七四八,32740725373350310177489435102731195790164972983863372241056301285036058837925
七四九,68092250783450343368072350793739323716617842320211848586144592065678181813232
七五〇,88418337268438109888634703300954479315419227237495324864388932091310367138613
七五一,32839998614144547054188592344373268313696152999767075982322611711342987584327
七五二,68592978113069356879078175629130182589090915209835523771398982738716845694039
七五三,39361724451506333782418307495003547222950839338377750582899359124262288725197
七五四,114884131457887299871902344393119024276030298447563669981389625384396858763280
七五五,5946697716191568607786826854034158311282829245620305428858260512958323022006
七五六,108630106891046586156387944079525127166511593852000861363247866264417489047710
七五七,62506938250586634415767351177656254242928852250887528749717901217320077550168
七五八,109009192516862919437143454782554384785034743982791736485769258098664864959097
七五九,24628832636293543868779413305041162826364385872735531842614100545824916869305
七六〇,88687741277949366326484078984085007361219983484269058471160729396253774333483
七六一,29402729550460922890601133818675433074050675134988232614691290541211583688348
七六二,2889142165618450562864315765447386061378008802753482571851196690777165303498
七六三,82573198131827790496995927494157603955130033806571972945203876004989348665347
七六四,6452898412230645388868099672835477606681156340906010193111925633893931564385
七六五,66627172220040344815067340111577942697767574116311360213647289025213086956400
七六六,58794379310641565359575670685109642965628980694726728915561015724886785970248
七六七,52331077990597294651616037150178172437189833431085962810553796922701761990985
七六八,95674843525383969049336076573502361338939451915749750729424305617422040071957
七六九,39890008086849686624286350379004174110432935555471410336214595186691177334586
七七〇,61404311465015666718301765548517074380838231210497775100933845628825403054842
七七一,70162499310569190734252972832911218636112551472584947024737275550317242614985
七七二,42665304744761483310159028892242683374289557259403482290877292103954464286684
七七三,11618411377065194629164589490967763408656400295254831876752543140535198211957
七七四,13060920535695268631499489976474928257363775088849017986259832083625767405608
七七五,28051512610503810788378251902084639859491137433870331638991966493357121689604
七七六,27595216476654601977040732834537391846216400942976008706049420357471956651048
七七七,45881854396864118275235759063288090202772902810833599946979264555641689436990
七七八,20690563875699156093203658100613205162044841334836386714536706589474995476382
七七九,80576301950685449356564108068880504251534726954921326706457059784681428883533
七八〇,1556650182611431079694944048346792740191042106925364787616986542818756835620
七八一,88175774989960499674431973824095617017529519329672220550315516926318343037779
七八二,24876486003714407446291808061892716023846664914249748222145964027597999902493
七八三,88298092904599675584166736964687190614286457018582725418745854980627068980367
七八四,82630802773852971973518811777283075491702839984418828267187012454734160474570
七八五,68917934742529932315982047010453480216266114296042826222164235920364172396305
七八六,40852175546979758559451576062341646119464696361747721013745566770355459643676
七八七,73211615322775577657976542514347585710215318805047192129393545674286585478639
七八八,89289415984820272929420682092371463199288492156264547485626817105513397853818
七八九,112762935488916528038695845853635733002053681515882142444421246044508374991898
七九〇,48135965561931329787998201409240734829520687046934404666791127133009869470134
七九一,56501896073637318534256236587147894198971282987740210147956358137095524741862
七九二,24518283264887656127241034488344530595704483383075350341111090980135619254714
七九三,23315306036361029767356880966617893479886867951578112702437879714911878719488
七九四,53904005836569728718550766916039456002455514450429704197638308780459221696476
七九五,1557829111695425681731630651303999137387419179576616641284522118369699621863
七九六,23482937849028605949153706376753433919007968206172329586855976323561103076537
七九七,90339019168719211140166750246836307531363021925022411969167570761347802134648
七九八,53873144571454048212103811065025828281964940699095879622054431046249052861728
七九九,12292881979766232224538462296122020499603022188608011560670119612902771956669
八〇〇,91950407196956554820961961054712456909164757065093916856754413743124166966311
八〇一,87420665709243947817269950182515842968977145869819025071645864256512634436682
八〇二,30129895152540863011286528768844054719389104187105250370151267122985376899931
八〇三,96273761223332716822008341421401374543509644312179253059534282077873767376486
八〇四,51691372368937473194303019649348332105497635042680636270023257408644627064301
八〇五,72078817234528752571710879145305818335162080100995720639517408337062223536819
八〇六,41777790643487682701985192210615147898795682464283852461094293226500655619821
八〇七,24544566422304799694491486609818728965673257933225378243764966297179389617120
八〇八,104595860276643585615528333936945977828629424164500359628180368834177128634367
八〇九,17609310023888347443967572673731195593696760452508660386337385630734267680
八一〇,4376596938143604663727410978713295714552525306794074243669331560243826310835
八一一,85059842971945795608020388873829254788339103440700954480898494135338298507408
八一二,32803132036636162299207964087821968789267895291652731834653102821041552388445
八一三,93379659995269847659707644499562594833420492321342281081055086547092456763008
八一四,78824226260520057240200842407723670741319225310760080433362158396429333897282
八一五,74796722807398845875940383437895804162270017967217976785698560201412738985842
八一六,75672657180213938796701001618152435385148192423042588413833388651788790580990
八一七,48730580386662129209413378612800076070516525442819927908094067862853966796192
八一八,88663176618487850897400371069371034074256404762095077097310887467144092159060
八一九,114373775563952178689177935239399800107344689441013032577919037387930293977844
八二〇,31132361264838794222851363879553502424013201668854002565222904546411882513762
八二一,62421288213803552537226947810018004313966261108329746798054819683755091980091
八二二,52032807438626094587370522812230466640935592890062333419077359074858951755480
八二三,75204718891463442201126403543397238751573357494580769868453071833180321374389
八二四,37822246403351070128370052612789130480725124741280235166633029011625969677550
八二五,84336048519498536492583271783430491624515983127423509222080935973415977673061
八二六,30819901118382273721149532490794790882059056114171081403519028895129999582062
八二七,64101472407121626730756673622614655822694422755516556667576051172478910505632
八二八,82370378836075406553716366676951843990822416160099237400946184875770610944187
八二九,8019115409952117520987143004534134342613887184770114509344569763714157981807
八三〇,63938197456487517439440087839375245395223041297441666268507965828237511219995
八三一,60624731892893312607120015564722340134882569997922027980292802522813386028995
八三二,79513173254300124605547464906304220671769297057030515297784740941759251454311
八三三,55818079980750623585447795379434761349125481187966665976275828113360454788673
八三四,88489382227847194372473471228120192610470330770672154407397091157722481343715
八三五,5714489763127395731592114278056235593392131796537775864013169821871946595913
八三六,32191737405642759871062812556218247055745734260661047907689217286091396891813
八三七,59968221561940291731634756433921714171059442442776257787828747345911332304463
八三八,91751827676277562039108603530899197515174752717488838535681004828180482551849
八三九,8099083299328330286816588338131752481450539034715707421622008987564198361190
八四〇,19838112444355802536906394581312048247425458470934036458192566996481219228615
八四一,87396603597577643972292737847976502187348215378400892506141644262241356428212
八四二,47151125399237500221522948167891381738595751089536747355973761546991622135587
八四三,13962463521324756116572838195243405604643089205358184569607717020686076901456
八四四,107409977322457966449089701544373305026106409120768941427386888560654140827635
八四五,16536888019498944981720575255942748996576188796298647821982014464225056251273
八四六,38562810760198644224369651691935250405272733305789441342926008524818883159498
八四七,101954011575241260813804017793441689399616097987589997373904462605909103868522
八四八,67395259810543965715128719079543138975717942841300052247234806111144038556430
八四九,57970557281083599738108974038897285460418134384036847736235675558438419018811
八五〇,88973952053915923545597367373918631619144296152690045351185558870664446297034
八五一,16103403853680530154162778865471236520992056590047316362372976422182952039573
八五二,51169877726901293898722843684086586904722993678608538307180005921706549510804
八五三,27059593971354584490260272970619519082197620255169034331694335468624817203586
八五四,97717024822080346012816507910162085310385326206357762229554688005209084288069
八五五,44765547997400143403264968272681801983019672383033435428734153296501011710104
八五六,82796219548372018317258860944157866036143584198661841950755144680845993780588
八五七,14719252343613171534658488718817539531868124274511888720800485738167466119257
八五八,99003966717024125614766331724325177294684855193823621054659451510821367721997
八五九,66332103093160139085976133977980616275247257333978805339735844716697345074559
八六〇,64830925125794229553833878025404120594238252154832030927878265584132064512775
八六一,58224564175397177269506088465555507134867546381899883300288704127071943157596
八六二,91161915110548248761545693807732993068961677318276555147538287260718443785328
八六三,75410096472968138394420227505139513165358623385363761543835954099640362290085
八六四,97952965205490590497662864516716563364823962788279517814370572813103337861753
八六五,71484751965674652450621641493350511798581306688349524369758482610605010970367
八六六,98617696167991920882991636801798169972930308103274101046710739184198546520906
八六七,21279734582346797269237230579419180392360873404975490423625842856583372941066
八六八,29078089397822149978458433972196391857133224155829535470964951632918738630134
八六九,60337806017699477693831973922284462389711042042339611076392492389335040533694
八七〇,48056180257520093429136227353559933599992517045943509463542991495025344899555
八七一,3682891114055733428753193677889382832478893391052974866576888980766759107385
八七二,81466652121576979525475086000910115373453915347408157049785085175127215347986
八七三,84837521346203778436487223772411511699249021947498702050660944986861171142467
八七四,23194718782497280643860710347695409210007493345841983439159481596069805095574
八七五,46020396035570263615628132959767569244618710776367815242931007272081417796364
八七六,41126526242115419415247740061112774710181342696429558067151351912642305256824
八七七,95829445013261653483556562867765956669909389773822915422637129409597851954905
八七八,97655260333115852376513183973593322884697064067907843827718083544430409664133
八七九,41166995284358964396629215467340688015347086464778305132362093960495053268193
八八〇,45663335081006447952672240372027405080726574628843699045216472725418516019601
八八一,22454510084510481164227069986657191774475554482627428297304644436766635295582
八八二,12419071121416743875376803863330134876493851013796589973352436742485236834338
八八三,39276753365046402757122826908300652432546718469447291547115863880015455459423
八八四,82748434204473112643461178556937153077433872696317639196715580356586914310462
八八五,81427067824132810498396708204397896975150628656815894560984723344610034268980
八八六,104218059344302953027068797284535575996014948632450541132544631566315840303823
八八七,84009323277861133554677888259491527930626929119821017787990568166424737211012
八八八,48335884862929226541931602309607859836178579600076919861886239316830736045723
八八九,38153557844731629915889149611679095817871618189280060067720007289379429903803
八九〇,48160358229704580948409131491281817063500984984711453998502388806840395440747
八九一,46919820312778192697193513409372551638754881896732998504063206691373015804854
八九二,70741804710695665581932701519283734948548636225722736382170252385976742946962
八九三,11637195229358559458940010321574629252096492598123383434903309666268996674239
八九四,39595348806961297105500802262618989983824941236267332816487080209592621964716
八九五,75212897402316592297869978017597905828407941851722932428105821103831098450270
八九六,54521352294623579949123466669425844600066731538575537658804968653961180218567
八九七,92139695871499070231235329300173565451255666660878497325592161184454908868651
八九八,103843241553205968506984755103425378321696784688570133185661361833546871501857
八九九,21518036778252615298867449160102367438794138732756941922962117513414875558833
九〇〇,68305502600835585408067960087873203029445214303265265924640720658910377404123
九〇一,92642935946489053951268931453023671748708138973385178102272745647948254034866
九〇二,17191795818234688294019857335411312390437861328402337686761670033866561765208
九〇三,50057817234650010010902353828864536381613415598115173608650805805282562246233
九〇四,36888849769695044912030288252329907355366384780251874381058939738301626620374
九〇五,74746856510141569153059940627540720049874825388677017231522695279930929767325
九〇六,11321021000681155246460305927309808600999116780251710185500004079032822488585
九〇七,43095389912253672721630298137807354876501684755917289577894368873612550529717
九〇八,81852875937882884029617397575312011674677719710238617105882640771591515428081
九〇九,115248535484475790945934047397219106101272996084829751407715747416356742648116
九一〇,100570145419233591134871493948340963349654909895467453456338407776309649457972
九一一,95299352568811472304596646575727796903033345663413169839260210877818304839278
九一二,9285755809423946252627507142234690491497276850044045425869922797099319841928
九一三,68863714856641450911169206265673123570243860859087458134483996465031321694473
九一四,40662456098097002358182968575841827202128202488677263968392427230558236365786
九一五,3245427670682961237527378658227512360689253038594548720251611663237504158884
九一六,78772146336859408536421385572363113873565624742783604740206961278113730552056
九一七,276115895460662501097944565882709254336117555689619522506263434133304062835
九一八,80523803648147310918182052772805647200808732658660603325376788820724951966824
九一九,105108608839973249203242076236144159510847954857723845885186472011956254574944
九二〇,40550051049007089649180787189209847442341301377478965682501741063365562471239
九二一,31167337377531259269753599102624004307534078683363706590723801273282146183677
九二二,75116442993296105513516926638008711842345341454994144738510903989269515404115
九二三,38950684577093539753691532776032619606506865427562801713251213536521794109710
九二四,82406654034107427016771983534188433830583104319247992342671378147604287702000
九二五,33920150889767656966767189932007659083624542313455869562147983847146948935576
九二六,32186134721660208760222127676460250072519655885618722938105132666659219870160
九二七,104254310621340352073121427444807431319458585791201702040365234522284187388291
九二八,105373668170738974952947135984063280852849747955392518683572667717620398040944
九二九,12345126156145482924135350516749106345927419101488411917058947650815489660754
九三〇,78497501194076527517436582414888491959743826635020876028831932467893004949338
九三一,82236016373748375828986681419279591096866315613565438912525149854661563208460
九三二,97653487355069755961437119860036671654126657900894627901739136858505339356390
九三三,12797673915729359114781913332275089849091049478113921472306936784446452521763
九三四,10950725767477687035493084859475605129999591385018667793729256422243938922014
九三五,36797939242815276761725179189081122534799329781993599324076012732983378205034
九三六,39425260207139440306190980289277169904618632025035607317031794258418222010733
九三七,58662183290864536798149591118701163874035854893548695565867555824497954504766
九三八,86305307741040037565386005438287454798366185742887342243258582679074585153735
九三九,76213147111694392329891002790321261259809813821014150370714302136683510554059
九四〇,14795309127439418908570190688089998601946199294012188498516614842711002324553
九四一,70478662263517595202748055727331874511110015038397585982249062861324668943947
九四二,68979941383978774476444688542716380954962936535440709167487386692009658425557
九四三,25546436253010264240473998800801723574657412339849853063118840393866878691794
九四四,70619883103363164819261099727563406633412630816476503130301305346068034028006
九四五,106887209548328841076531735855511499692773046871115282587193814496818192349457
九四六,21589358111759132384426018740035953870650370024962133935724867396769674192883
九四七,59786497370245283465093210174378530940817598809993499141743978221992658317250
九四八,112599101516472729167219271960362374342914779493919541554165311765965897747976
九四九,92295728682161771754903104695563259305440555754846371023235261554862654668138
九五〇,8493945314475716790730610267179212988847854959214937346504038362188647789559
九五一,62673781149180366534701417635964872466115437483697438701850425527931257774181
九五二,4153187103766618985720153494561888980259589155156468991424575683145907232291
九五三,106485045280421159172794880692459933739422783602612268705181120595826830711683
九五四,97260508989739226668116463005093087477251356815882496456419103841072699066790
九五五,38128536303478058515301342131393622988978041393138147069619997396547948025616
九五六,95322809126498744512589611035177887066203648765624155802528957814552846562121
九五七,12612421102300612086000707619135350425810870759929824150112549464329675723218
九五八,46268306004084630055745566845537699482902287339100655389636262900928173941366
九五九,52677975000745510446872171452788916403001741279772113226172786418708403159509
九六〇,69126279385656393640739270565638472373299248450743953492541830189692062700359
九六一,91617299195437707107458565076855322871293757448616529627224876950260210678757
九六二,7857473993940217773646577771528946179077820724015620213619591268777582599184
九六三,3071312007537237547826070889174088941819229651665974673012689950695576312690
九六四,101806090880289755433047258213748633470399051339690030646242668470002858217848
九六五,85683542741249928770317307642243279964704744328790044484784659255451842498290
九六六,71479878745791136824773402456603462336397174284617222780232914101181182833526
九六七,87085856556682063415429078070589105668944281428024122037494277385910613341800
九六八,91674931437811888058371793234859279102725196205261664477791900234904082737009
九六九,76251735833315244473643040174049461442194179983728673612617084545814029287434
九七〇,41146940607847598452299235624042252080910796660335596536706326702386182162147
九七一,114591904353680405426638869328753745009396286303353739836801294680406806161825
九七二,28477177008875557996652441378186541040504525360294233626083878983062134609719
九七三,74779337664841646318548967081674859966791857509539419765585848127816322768445
九七四,18790051890248302105144327812187571271486783777228558310101100724298726687006
九七五,35768640853799784320158467299495326949860139320701137732364409509543817916583
九七六,97888891083391866872032876611836417661799266839370503569721375900152166766261
九七七,31372784829768717654058314530792880800490849459939483043058921525088467920293
九七八,111652222442702901434657509839751469561996160012707359032923775976355150896375
九七九,56121700638238597148303362748656035529729639079619017231092631020427276990267
九八〇,73082495299672165989461723825490449857141789088879553001735960048163111375782
九八一,63129353753674305465769822461694391933550902120329830555456505562529273820517
九八二,82732845614327380338474859477394409423097780073659592292981013377803801706456
九八三,98580658787486975801978288543009009953259169727275110670438030319224914611092
九八四,65444548542309382820310044122493181356642354646474551399923481954749975522007
九八五,114907265397062910254115037004130070536099572862312891379530502465277702379044
九八六,60392016301886228178484267766344062545251679457838275403920336470370565450468
九八七,61028957836362891175315987323095732605597068059216344839334806742557602970000
九八八,18136658837840196940328302087156268576827371209140255994011954781948676754086
九八九,106514914209928816900589228559524508630788131347453957234845444370205631476934
九九〇,82725690791273029832356311505926770268441856791040762509792956680478697525819
九九一,59362761841970375008384199570396242129069973625017273623421205371243323968875
九九二,12419277672543736155866530338198020223040831675268581135534581134586198797264
九九三,20263569223165430385365239985885594418579850828922538255307401449468793008102
九九四,6248927862606112455244149058393192855792376444207522731192113853955143824278
九九五,20898921439924420150824968708563906819340430845978419465491443746430513598184
九九六,28988412644772323986632223839155927601798891078777728902179658056967976819719
九九七,62551657672063589833656478772931160872827518829776844565149484348767570588379
九九八,80041155085261651627472533846098114559391476725245278526288953923102842012271
九九九,15798377125106893588805437300861200274393449355757243918458367294278551466816
〇〇〇,84816759099157680550588979557009916726292795044271887307809939229755752467065
