零零零,12101331212876857491688122245201133850146024291910274350287030701503447284838
零零壱,43132622714058902323490335915533526671794928465678289214643017108927069589108
零零弐,65009038012323433476762383397650800463322105506098595194767973011733275921251
零零参,15098446440706968543267393374807738641457499281237234877528811165760648673230
零零肆,15312252633899506471269100831795690948186549397519727705915982567850457224269
零零伍,81560432793779580026397876691264884732002546630196188433196815788790177483335
零零陸,42792107069547110932813878272108924788618816831227063800990172079831829968576
零零漆,12226995702823061966556191222137624924944889652534360830825637100163340116919
零零捌,112097506629470434476601953827681625914758449744802842610251860767336044856552
零零玖,49651339443484537336596208006013194658590988845015205072398748112721491970072
零壱零,53527988249147081331755065130905990897379624391010350763388317192596464507427
零壱壱,73012088620088185060952377013363178141492853039270295068277518051056710535889
零壱弐,20925812165361264723522620934176205646538381077030371819883201682966971483920
零壱参,22195452392753988292423491295099986501903619970418072704634683391107688160019
零壱肆,15465767835745172498242634321376059677184976870143094071054623384798644573350
零壱伍,3004951479908660421129206613561541599426413605458160624170224924977316953531
零壱陸,28149464758374756407888571896524631364064002455334645944383783320236533665481
零壱漆,39279708166113716774005789914908271568638436274987230281541052996393465673465
零壱捌,773233492825978996597840534617466972960055731930575613147596072100691043096
零壱玖,49502929918566750437467743532146138945579328216424681028594035543462662016074
零弐零,49525440259404393037681198094136857047848893867798309684729320411547573490739
零弐壱,111129239932665342459601628558932969718882836318398517478605146874075508008788
零弐弐,32237918209076003177599879390716269838255540511879316711534065410361474190963
零弐参,44689781727565559831248054799699319289045614899874755488528539839045114509561
零弐肆,105652664140166868940373248244545565813162473087664668439318806597011165614034
零弐伍,94564895941876481862492542532170898152909838344983083621884298799059901115576
零弐陸,58118173602228967839377127499850438615548839645978770490242752148284154253043
零弐漆,109548492281654654368418141965622036935287936897725896919374961352105905938286
零弐捌,19757886730675994665735310260549531851443963830403765597941254314268201012244
零弐玖,1897413201860614248068161688601451827807226780226228247345148599947372315647
零参零,86903640519889054861192238884533347881908001854999282354498437109372296562602
零参壱,59690942196784748893233991979621259093140999893679077249505384697349545648708
零参弐,35735689594482029260651722363793110471130241784899249860939779334729880667320
零参参,86943535146621438699598150621264466248278403852689706048208993808726281211270
零参肆,108707679588232103613442299418126432550380582065408384827911099471891225126075
零参伍,34517535128502707137567495269490214265904642103300790852683416649951316915440
零参陸,90125234681700721892768683421755175485343882863738036086398950082220583344305
零参漆,18808421820815687563964173308553831515688325405243060290777165202644732631233
零参捌,90053216703279908377138087011373460590178465959781972009772514404665390849321
零参玖,98749374885908785772538804365701575512419242606806548100724982273337289621546
零肆零,16066691576277104571641849049123434255311756816450286567826953737876557196810
零肆壱,84462885620315044659895971807055727078918864149492782152287046227515305184936
零肆弐,9748824159813161356043322436470469947472495717078629428714356017663913098164
零肆参,17325200019619642707686827340289375919363046268184627108883791248211254186746
零肆肆,30114760703690543350218521785423021408077084104041294031879407205103009939140
零肆伍,19674040059793647993048074552961729534696783515331375983731583207293252038317
零肆陸,40903705511331251069678893380043071384697850774583848637355305938306690935423
零肆漆,92836972291553549575288442504571814107896629493077921042176925127137692004745
零肆捌,73376277522382797087291201115336238079620505719621733513684148826795611163987
零肆玖,77273959197115829396877657802418661718796680040343795604702631404005018243756
零伍零,42997876888513971422898560749092190576627354148009332307969384705859088913057
零伍壱,14223616455297951282571874509333468118015298490014675365021557550663306000365
零伍弐,28085157648347575306764406084365947844032246274922700914360506629648994790276
零伍参,13057273376756890136320308750636204487661977781982973145457564242480933711837
零伍肆,98059355777983960277102848568874061882169930214790414990197792163708093986516
零伍伍,108259091347205428556608285261779242365142236063780541610297498641599690083839
零伍陸,107840773612101294208613556244393695178641495217625163385022671862517447649288
零伍漆,74377396819577349647457346217041758330343074341831007904243002364808106960769
零伍捌,59896301301948203470425364232539551481393503895835624816126547838699425637980
零伍玖,86030916304330469733111861862195373967682064078120144454422243591060066146204
零陸零,49674946425324482962274320269742465641264808402461493365881852216892016421354
零陸壱,39406269373355654076093820818359742750113867964090852425362836427390108296407
零陸弐,47955081723958538092264075427637778334634101175029255071598044270802504306164
零陸参,40930219705310629109396504364378963546047950107006092718708157226571967805757
零陸肆,67419450268815849955002843276984259700506965988647615535602206701145865292996
零陸伍,36206743489110289746182928383452773719555787631308560999896643321839284636170
零陸陸,65219780816839670445654154133746749581913456569278121420794856740835902108240
零陸漆,45167073422922454096402747259388868019562862868680930302366098747603917202384
零陸捌,5460104500383902157109417312870964856862840729097883191149272567089255413828
零陸玖,35889345125589335348324253898694425143555581353522467795863781065131673710800
零漆零,61522152882800382532480565964042525021919403998004468581792466171724819931009
零漆壱,37701302491911737521018111513600656741104399116590351871389930034207207558306
零漆弐,90844678322478369676061169889434766264885136886135036953725001262608703238830
零漆参,94706532070713696534195578888860045599589573996925528171790759095111381162878
零漆肆,77894071970821433625751347784767174652712119162352425760684322858569352462645
零漆伍,12221173851466287791143794880759924838248102885129607775842251171297710660948
零漆陸,18083123099683769776796293808839759453460751774527872967089209919514808126446
零漆漆,24582228365099447523000743866308904976853919951399489474467787596557660264638
零漆捌,100222691302134206880034043431557439963127637143354053580322540753613715581911
零漆玖,71225456803740298464310811265992061122321328389805742122646805841181509976527
零捌零,82483635572690783215870753020459321662543615463633968407962653718098419238976
零捌壱,3392195422436957895461639533216947808524929818912073594956117118776675129862
零捌弐,67927600039395844452747569212057798443849306591769177284051366539944061367594
零捌参,113840918681165003964533548057152234553069532406481782179466383945375760929778
零捌肆,52472685933625102083846216842502273596616969378119519708604209647544791418283
零捌伍,2703879404204839535406560458113360701706553448400944236543044682753903599180
零捌陸,79524322152605090588350503597399586982511267517669248427855603361173857974667
零捌漆,74098515998787264550088429827509073703443030900340119328242692345670621872175
零捌捌,105328969095943028126847743951871866835234522239802855601067559104938134515534
零捌玖,4841342777537030428876544772764071933013562434237114839462035458409479871800
零玖零,65166624712463679912842534361084371904888254384585357344422393963747250646024
零玖壱,69766201291735562929787896314013193691610226286002866031099083861311754463307
零玖弐,41689803760580210887209154354907373674312054131987315570709980178368626110032
零玖参,105611922970736553684752468713136141396709538418804014388980767924614033739840
零玖肆,46591063713992865580280386983113952911314684572895673847487198388292785177168
零玖伍,84933686239760987137755506147769740515429138284609237149204790126315288912504
零玖陸,82957725377920178768742017036782598138634120285246977212742710419719796675959
零玖漆,44334605036492310806147247672535247030604480020921997732321393114281086682527
零玖捌,75765803709890283918401507834019102454947738110058468882524744908480231168656
零玖玖,26081178120270118491136479592703856049949695636034961041659588471857714076703
壱零零,47734510512739174852400336230602992532022471840383198084526672197150896469895
壱零壱,17805581428561013261546344126778776274707788439477789104633950488473418803587
壱零弐,38194071726164141383762366808129712435797076791825091015891988295092998275389
壱零参,64639575107840279895807656813616349129908009936574849126515489357343560823524
壱零肆,96080095137153468532295897582789031196223913744395590578867106995100374317771
壱零伍,65032647054884759059600854212251249480005749701226045371058190574179211617562
壱零陸,24618162343480721599606589858282392559966585075601523090795443648166647960162
壱零漆,93837036267510194994857975043853793199580209247281773403783532506468570857575
壱零捌,20151953739285119519857345837005133515541742046666975238851461967781067879050
壱零玖,87623937064577169707200809879627927868219911764796802007684566122710244887540
壱壱零,24127267047239352797590935064158792794118773493354422998779819593271085315116
壱壱壱,89572984150818819320712171168165880195085309998756324162370857844625527766630
壱壱弐,75736871045636407927840079897292637829397387056920327162034718763326374334630
壱壱参,782884657782115339319870784103653172919069789443143454837539443815741593400
壱壱肆,89231861862119726103960016674641807326551680297709868548110717882725014424670
壱壱伍,41894600026541415462772760654108837756187926326788981808060448068351022163603
壱壱陸,44950637361336126727014454570356475959165528006593454737718165948295840583216
壱壱漆,79372012368349247092153452327331757524517340470009598917599054288095406463592
壱壱捌,28656113643094700972986254713277739244482171956685609624395104469574514229580
壱壱玖,12810726479518455821609546791548799604092052004543992024729153160405861269386
壱弐零,61528838751049153097877571275190044001221386423938529722697099428820953957573
壱弐壱,49771693426804702762377925811543604485171878992821596479870964397964103811768
壱弐弐,15018138402770196032971516354974790899271846546186623715261750119581889315381
壱弐参,22077719929501384585681529262345225079796942763236282886595530124413169766299
壱弐肆,40385531701709282560017480289114129181419337692507512361663364045278231557873
壱弐伍,20090117948599854769657600693702159565894612232241353670810279883001835307922
壱弐陸,64976348967135027902315352111362796662910682863086680887489462495064704029273
壱弐漆,58484009373013395149972134292509866977280700784352353895360535731077945023332
壱弐捌,43554678524640823662847830327441526266517603021385396485936168787351730841479
壱弐玖,95403511366308732179526473680936414510657897028204402150729999270370831440194
壱参零,67125850518505572114162273681389297580888458669534680188268390446979961838196
壱参壱,29045147170799189897791277548419615257723005313442889944325962913246509264782
壱参弐,47008123738837935386991511770768751914583440291019196823070998606397970384278
壱参参,31258726792812584972735870466064682636850060374222187538688328074007821726617
壱参肆,98595567328920492336024014994855020964535942533618563864095065734431341501026
壱参伍,103194859762213039318230182142111810695982501032618048053605571640336498376773
壱参陸,96532365012504258145375616218460766376626337405207866180514431157888918451524
壱参漆,60608194121198409474592534156397132441568991979277088978605524590307234862385
壱参捌,98547215897843846211889551454062990867877321726565526317080942968608244025032
壱参玖,32592356865627784762626200504079677958219542758188070175519083744021901810914
壱肆零,16495809313673864526465366417375532344347560443168228381685854619404871421465
壱肆壱,77990933817779992807066294702951962810324632110260111754780049421878500873344
壱肆弐,30234049316890623597303031807664464534233248917588591344603104497486068238742
壱肆参,42736124985272765883655114123392630882410064195558404456986681389681708848784
壱肆肆,4119248958567869107406588369876704219440565375811347478726174266209812362014
壱肆伍,7999648606235387604424480307381351785360677733568667902739601918723161215873
壱肆陸,72208543142629609656508224057581596686150171125442145292051713598296403604247
壱肆漆,28308634534781502336955328603633601258724025748271423312943895609298465457471
壱肆捌,51046041796892991756966396036348551900499781952973022291862789622123416869856
壱肆玖,77756496375744810260922737634911491727869331189912111714780761288229805787689
壱伍零,60820948938040188018107709080693667731167362775760456528489696766496961727754
壱伍壱,78826091224059960301527422823796665476998680285503829642383228411581301028254
壱伍弐,67616258204657293105011979657573602363152547588245384339716134030623506014139
壱伍参,115700269259561950548386985411858077570359521460065392172401710153591793070246
壱伍肆,23887401985951547710781803597541921312532458517880791149943077736143754987166
壱伍伍,115086165598703640054773016751344858516847370301840862080517138942566390723086
壱伍陸,44699319465008139328891054795825588725865718298399435084390481710701352387777
壱伍漆,28571629547231254998817082986267009676881763215823417601830652515280746900657
壱伍捌,44140894509153717276774176371285449986604474257194031369950467078096377830145
壱伍玖,94430585350935349596821233217970289363074961648179910998871903367210445596690
壱陸零,106289831565118205881628173087043222634102262401710854806695548116873045632
壱陸壱,35774185009943143996448032734723498091525313172261294751907432926358527483672
壱陸弐,101809706021363536956130373547202579880454205594705006929104602574342783632453
壱陸参,18797599802869823040059037147536155915647402415051154086452825631637659429613
壱陸肆,107010287838623143636161433963380915990739413297604175021373324327259058558880
壱陸伍,59872462027586703030780496996210856295759785341251010161241530120001968633248
壱陸陸,7614458265476540701749636894836421391172549608555432476082565226632248875975
壱陸漆,19310307498606368687377549855316962848135325757410758359939352135643013775503
壱陸捌,108346004239364497644771460142039003574563076932582369444632502284296387393630
壱陸玖,51286019316484779619497881375438382672057700069852126120489497631332128289563
壱漆零,2239602926971580778347485999608584944854979621882812245650789894388841773022
壱漆壱,94746646678900413715743867902469301077735743104743143726415723000177157179609
壱漆弐,84009781673697439736323201290295330641213844101570507286075653926353398443246
壱漆参,44392636375958500391666797110292950495707216389642249567714638333462403921089
壱漆肆,106037717331065163849636577631074997560707641405459680231268953441802670288909
壱漆伍,113371146762538024914853398548726373040230968702080973463586741463033918691401
壱漆陸,90619240948875902182363867449889870667596197301101349035698811473760514978800
壱漆漆,58697627844760020305692450192348023909455581340240157551717791608965866905065
壱漆捌,69410964233209931623704667033648091994048749808270186920668272774547726085533
壱漆玖,52909802805361736866667969355612125400656537016870500588570483054825063298912
壱捌零,10956350669820074782325859499334331394137041010769462322388480456249116783418
壱捌壱,68536972011814844435582880714015990052051612594055509378830268330950972870430
壱捌弐,80902773267228491097709612603488405955932127326045210869959856592863307876013
壱捌参,6638957596122169851474594642786421886799746426401826460095172762948435379419
壱捌肆,43925504633674099330963630049809939569028127941704009741573450820400830794575
壱捌伍,56463771638423418152112140822801376057328959719358074098445883642874448448722
壱捌陸,16121687413360907389186421686141848797637777705485233695478779208958747529156
壱捌漆,93350985098562893865880773233598625018871225274782209469515946037193876692706
壱捌捌,60214651970111954533543596038534994928873736409637502559365386319066676801951
壱捌玖,32157011906260685580232345762150380680329798555910402626995120248887667611037
壱玖零,77357413603698324451139659126312258395456930153603252602182756250334982696622
壱玖壱,105260825266671986484812607634747552397283520229392641323165413936443649072933
壱玖弐,36460195726628795543953691429784202334551507202769728825844259815459998876822
壱玖参,4107365364232845597866619313664513769734904574155635947456099075941694806893
壱玖肆,47789147605149552404784169697919744396627646654990061907606674415923195934404
壱玖伍,35577970023768381739852368919345492638784032609843685851191799296133962995860
壱玖陸,76254823643953995049826313347251012129092083929212598752773108575509365219036
壱玖漆,77070923066100870117123179584432662874720723596846234511783793014074183964561
壱玖捌,14593118870023343364370445137710723140236389372570619409745010333050429806696
壱玖玖,55211422528863334338412123916004611456360697803065224576233134959751388371776
弐零零,6681109848664363383616238311232541517334519220540627382102935265509304558784
弐零壱,104537534664557618389249282131942596980728962778124130124105263330944852985375
弐零弐,19541503287298594660445203715708523726101423934797996061868035842126049773888
弐零参,56723154582556814856499086488161123489609454704102041401950096716501570640505
弐零肆,3732616795728463773601057349970499257639910344767451722597831859421544237636
弐零伍,105890896619771156551970128978967015219451127367161387087438174165142366924980
弐零陸,34817602303341380175786877886589446666571653058791539343636878419884140116646
弐零漆,82530037961521306372717916364198479558542128973090799513763999688837295027893
弐零捌,70086390939892868750469146852263013004270747736140473624363060263871880258072
弐零玖,57706860659265562593616023508108619813124334306831847217795056472722085987427
弐壱零,97370732107408443502730293107850214295442616128409627629439144245671364827875
弐壱壱,21643897942981238369543827924240399880141789937153375955188551524708882135456
弐壱弐,62377331299447800263775825123784050147231338354808625300731033872478915431673
弐壱参,30883117540115169454687299367183086773162308280681839352835048396281396322962
弐壱肆,16781654215383446105811361362680728629085864259167524696331687538032713726575
弐壱伍,71574281581703814451225503721178355119071875948738212731700095758888102212014
弐壱陸,80236814324659253323653230239498674544058667394150026501072367195188152981618
弐壱漆,89368097178811880146848954724482608456345471502566741066631176924984048846479
弐壱捌,89085840201389440161163938029519805513092560823731959953593953912167073943372
弐壱玖,98604426113219148679566496408585176913956358039555408779927095042989684677175
弐弐零,35488240109760738739784475892014790998887319337010548492260300287972385457390
弐弐壱,74890296492021950844729892450065470903270115643205178774030227185787167276120
弐弐弐,16242069364449227646252957320512462979936084762113870565591215134474482550078
弐弐参,79551981527732784569219470726204731979994360126005448944673587856951409166284
弐弐肆,10658299079315871250488311233102530552604432108335116657884489715301285958939
弐弐伍,113091179970714740498984397739416176917982966912485405252049163476238852954598
弐弐陸,36802467118806297734413439472213068095363123215951114864257669585578239810620
弐弐漆,78382943595265342167190702494024654989360684198300846348897865878021661697419
弐弐捌,79494534819161287426329111126192259801211991779105518548588201731937307524829
弐弐玖,69771116785432938130077476922577758483769795631228741989237735201780201054448
弐参零,76978707995564882625912522988849220372908224834759996856502079651983227976867
弐参壱,10642231921954361066261248680162911361416700728044982934872668738076311035474
弐参弐,24734795436619789498445411975371108856438995059480366166579929563858654498841
弐参参,39386913989112806977286492177957502621579085414069908838527771736162676368726
弐参肆,58919579203763187411182548640034685003388630302457684121327866707458772217028
弐参伍,106826022480470212009872533961842785138667142617885316680240927585344145887551
弐参陸,80277657629117034801028578594070080860013003576968160697697729696825632538293
弐参漆,105013970471031080042677779068075610423548471144245069990685117761243694952976
弐参捌,11740395316421396919007535835659957128285580379823470427252683321796653252942
弐参玖,67918259609931196309807777069523756121549685029645389001520037809893122315934
弐肆零,108137189360997938836768221214613511720382656806631548738395941398928816347336
弐肆壱,92140179549295291386550235331071141443076864906584401804088217242594843571615
弐肆弐,50184824175184624723336664188784558763816951311615204660405406283367584313586
弐肆参,83747076235235075473425891629897039687015511333603382550124208587072218263522
弐肆肆,10592727588706992535785630475677550602695930986965956786010420070422721749024
弐肆伍,85430876175544390306727670732655602701522207937497704683296130033107902113611
弐肆陸,54865393323021698335978094665153712746659922682041391218122338913354418904468
弐肆漆,9659293639739015000373175048824324660826437985946716991248384113305323715163
弐肆捌,92086374006588867824576576380589110714621057083947667104285868589790777479270
弐肆玖,99388090053885370907017855069538329229850448299559864703134965075569423789261
弐伍零,82018338906870449239546535520023675280988850983595387567732553087900175463718
弐伍壱,27407301316114849107870128611131636452346691334508927894329014071979698730945
弐伍弐,10340650193549208317820740416968667179500657197334964201476840184662763065924
弐伍参,87367931755038619532522445512269433616021765669423458091139915036406703746753
弐伍肆,44563185228871325704871644479580571455581336797191012974457037615915465678231
弐伍伍,91701048337235081968876339878397212468440188003632576634101625821071390307228
弐伍陸,78680224302135830489216022652672819727220930324588649170187750251139663838147
弐伍漆,91807386737265871918530242110883733967001654917668387199069730267662081361589
弐伍捌,3344732951140209146526938903432092981481539205115498852916781707052267360897
弐伍玖,68315323135395086240015983649938934438109865620862555237599260751527308947984
弐陸零,82992490998986285222462065420649060097759259967652825456604140009188539136272
弐陸壱,33713426162867062935863483311253118449593138987450765061430351166106224280444
弐陸弐,6954723626653264722335842951352573354506174979731654783434955582918951013087
弐陸参,4230669503008856479784300889886807169948004050016005217184036697328692392827
弐陸肆,42485653716446233345113546121058964052926063228704083567746334806316307825311
弐陸伍,15788882396207340865133689959426508229469569089686708888428078099267969811430
弐陸陸,84699458727915103176772134822481386877232016044033943472431154694703323602237
弐陸漆,99622438168645960421573454229211401355940720829435148010978202042621922278076
弐陸捌,96793024993032312824481993360824939398667193483367814706737443312345927889407
弐陸玖,76068681706436192458141052801004560643372026019112857757951408195160675522074
弐漆零,72298943869902958123872466686483800365969817927947488616719076996508448317575
弐漆壱,15258788878632144081731533437248889361570160134004366122062339982659150286639
弐漆弐,50421732175219206434091539741474583493858041166693211428375639208569155256327
弐漆参,59101950910817922040890062519661397246825601226380312046262574234259433740077
弐漆肆,97369261639057079262611316289769537168885468368255208836103869720193157936070
弐漆伍,11434729834295787966883164843070485433303371166766596359612398131670976164280
弐漆陸,34033083412143061542338739628572294862798155066510533801624754397049706795026
弐漆漆,14365372939592317473304343130400333956705794314872382492283358856730739554506
弐漆捌,75253690723335346880396410913772741922468597980271985994703430341449759143208
弐漆玖,96855664196939657732688453444103709302626666466030354371462165851163241791276
弐捌零,48117706330893572848761593008592559730687976287203483620404663551170926637478
弐捌壱,108625009568231085364330129944498602758649408493500309166834294953569895414310
弐捌弐,101395812419416403627640207090895415657839452019377057915149291611275725219193
弐捌参,10826003648469334432189617548870458915085445699527026849283862974334363791879
弐捌肆,28462888611535098915858100586178801126063880883323228663533585664290022773638
弐捌伍,58849886708574306558778710680735802760615126741311403205181444190205248652049
弐捌陸,18567418817083307956771791141296288544007834823696815356684257125955725630089
弐捌漆,27095347920151911595532581656052639031447155472891904125521723817783505214583
弐捌捌,20006228312035760373864612287048306027188088185606640649724319364563436508479
弐捌玖,2525038275778644340010573983478699167568516234021183911375831161594433574897
弐玖零,27018217221109814316536364083858189652240167639032611162365977398882610191181
弐玖壱,92319531358501840769860356911894246320155307964057605224193717498191495562339
弐玖弐,27239044942936169262496680690630620587780141520451969303517582223482461926195
弐玖参,80788025278411352979442933796319506959615130254816099889222303213603930924722
弐玖肆,15025673555994046665940230102034405485068482308783899949244267217338614073326
弐玖伍,106756575268479265349389934646539350046256097035589351012822510590095443850243
弐玖陸,92714174824636121427747123426988607454063616259235749209719133246857411563759
弐玖漆,85062556113812744025092914112490391199613487021615964687403630314828707001104
弐玖捌,78944800580934099348826795126213424325182111545821429980961015633451839644906
弐玖玖,51468238682343256380680042390113159857525439578356841207930758699689170762265
参零零,76427686040689998189004139026704270477359126920769845901048573179750217116198
参零壱,20058464961632554181425271825840041956404808358403126715444077157832803431239
参零弐,29832176857218725039280956956018894945527707585343259709234198785642326781756
参零参,84479932451932988837643501884040819242481576493703133244990415760855647680542
参零肆,86306372455962468697838951504487554894158858176321719731012873026755988066337
参零伍,62593898281071420007124791331959954005023015166284604833348053446841735888249
参零陸,103337886127965520627733746706679586413269756261017141691990027415427551927523
参零漆,39924657511039953162239922209701905715382704525494989312293182481311967299416
参零捌,41380307074377101686144812778022448707848438558658917774793741177012814584315
参零玖,25269342069614081869825869454624034424691551335015950777684674723761250696106
参壱零,65895698356319264537933467769985967620114538874347624295561238577247006963404
参壱壱,76584577499769179575498970607594632688873139459092791863118865173849431726128
参壱弐,11726020656929979498130353931213121573041953518377436477182756253716844751011
参壱参,32140996973090910951709164083238583307114980012323093323117606873160828225450
参壱肆,107157650383511599285061971321282893111527676990195699223720086037092601994784
参壱伍,68704139947816833854889197393420262757218393463822725323110762956176003674938
参壱陸,92517149171427781144070330459610402828303987297399477787572181263870797315286
参壱漆,3306204590606005755404767643828070648182773455896827838366866114074371980269
参壱捌,43077636827567552884558630998854434791747210786850585603177822793994642664010
参壱玖,76455007568093333652412178742682601437832257088171009091191673524930673175303
参弐零,85618995092832785898580674117881379019001781072536069479167592396531053089245
参弐壱,68275782378158978526974291106770963065404487333855641420622055744444414878986
参弐弐,89682417699813116604065810680911705342618068286663386304812019240323388453595
参弐参,56180190361360617439151134455090081105035438364012312940386062838736673203072
参弐肆,113633431984883540521034488712892475321637505745830153143202161330734175952756
参弐伍,31340557952899552200320424797355538096000588116282989801836044252457389736178
参弐陸,113039643125429468661914642447546726246730958849560848086007699315464201477852
参弐漆,37077173175033247943768821472445012399706594643442039486602766142434666988358
参弐捌,105123808362475976227812605108006374798743152000638411107096614831504662944902
参弐玖,59405144236412287994167633427632917567710766644779872947619172026287547132161
参参零,14452425782631742457492349610569168799652403631007725395841034866763823204415
参参壱,79144180823734863328550308614130484540638748642113485699416414599171037448068
参参弐,2378353688908323245516810274795305386110739781579441173795206750287168299036
参参参,11115441847869801596339270991572214680565872296088396123155988670356274634780
参参肆,66372226833498348389616919737516444920435422616135572454109607367922882910429
参参伍,98741333824649098450429314501115379864377818178928673894093256048743390566797
参参陸,115733025782653150531750085416088429212776362003977494876714059573099257560644
参参漆,81378309011440126470894601112623655633456590204476330031855631848147982898481
参参捌,95707351298560255614733040287966310365829561294304178045477929054249134602145
参参玖,58192943152457450719354494139050350147811886538751088394276461637431119196664
参肆零,55724776801242184976551971306634609046046148716805262537020628712350478480898
参肆壱,96198324893864844968030562205748706858062819287778643615740150188818254182761
参肆弐,83673811463660062930768259704152423246027169412019504056400445862657015656757
参肆参,109538152160437384060943853895124075979981176385881031685313281579375175316984
参肆肆,27022109624251153332229057698458626687157226362113114785149636575890423565927
参肆伍,24935553624421190963667784794021382640074580587037749253862785499661801955518
参肆陸,68870119435247775656825479902810188644451203709751492357961138872024299400875
参肆漆,100424456420859499600950726722399903345071869960085191936519715054725587791074
参肆捌,110625559138589343262823059868469561938062999988116670926599585608382818183493
参肆玖,43126347588890382796262106148207946218231116918863025407204809188725398204885
参伍零,8503318330370383825368516088127407125116323521565667312649279869204571980116
参伍壱,87257299849508786326550131952028049693305454186305485946579910305025334748790
参伍弐,5158845595337240113839288755044814727734181861195775382281594441991864835411
参伍参,85146836729984786054506245175177690078845066870445418437932812682729424142266
参伍肆,59449431443114527026349031394791501303230478643844117300526720918253652104539
参伍伍,50586630566658644731460530271320653525563074513700487137488250766031482609663
参伍陸,33878267538570550520381715770254024957515490263391852328780164485129068717519
参伍漆,39994574724302033889663918158400167522007651947341473209220980060082737436884
参伍捌,46265265120111231345868917149231597820059456633749637215457655320128486087427
参伍玖,114659087597875183572320309173068107676656809531924957681956838128021594953552
参陸零,30804568501155583376480027067814310386230685404643340787172950983642731526719
参陸壱,35928828851035599034798518690477145559000047913574756968567360552380161994981
参陸弐,97068559811083641245051331715377898840797549012975294370393589086167729910397
参陸参,76365726156686190987229034795859387937487573759167748561703434323401882842443
参陸肆,2956850424470538756309742302304260290947073143174276401167159184693496443904
参陸伍,58935061132598294850433808921679154525949260702819056089507760847194669151693
参陸陸,65000771360538474010259790511614668940996629201909933063435883232875237697096
参陸漆,98638440753946059021548317703232350892389066750661401087037152504010133394064
参陸捌,94146319773495014291378801612626883941585539740727596781226495873197670910663
参陸玖,39636476027944307237716596842782604843652508908690050060920528700827004116024
参漆零,31541126646651776690592736469522005045223935627957199521568063546821865308345
参漆壱,111726669712523913411725495622757962759493283953309503247773461262010740511543
参漆弐,78671938367617192230736201318178348179434048911685186961376125048008935618633
参漆参,103433215121642929151197799168703839334766516303082123885018467732282332630154
参漆肆,7347936078460439509732315780736621309162489094370392656352113237776152027305
参漆伍,33690125825608619753167825019319272828629728280945678340394196296552759023454
参漆陸,12779162198508234136875006618533134765400179193708196194142844175377838169374
参漆漆,18763781365573017163635853431164666573180992521325329073035212996047072047223
参漆捌,18303941367470152894608374443406420459254528789684732944518848953752990622546
参漆玖,16111036095368926947606666284536988447302101177513664001129961348402984557781
参捌零,52496473580122440815007966056460018830092295528074346482390627103827460813795
参捌壱,91825874417310930930360923045953050008490800521316170813947805608117451983838
参捌弐,9232639363021318203194560758424660563923879332486555683431363071679728611135
参捌参,113658225662516804612506580731000741011649398283389194936567769480864073943239
参捌肆,107375212261940561959053155163320288542218230980545378848651324253812752554628
参捌伍,112365211800146579005929479495699629643440624894675607073305368210979011630667
参捌陸,73410209685793528820004083677775494022588468662053284542619259850091505265837
参捌漆,63220250556818139060229673993067912102276090159765644056546401510456457208657
参捌捌,61006685067697705024908708070725487645042080176099933456320228291480422599860
参捌玖,105515030961877839529706972908740386021916725662514123316898020850971473823844
参玖零,111758463251123461104858796197329580397485426981997476101691985212521052225985
参玖壱,78485656901327555197221231178896478101678819128288087815115254171740243124303
参玖弐,106920829207506685555009233860388412596865043897313828979256305915660500144003
参玖参,10395038805067111951372433631773933465945142525667745471381318106836384327483
参玖肆,86297132773378447113359374107117910534623799624018661596152253568662577439909
参玖伍,114430418397341838370271134989226535184568315951295375893266598442145592141251
参玖陸,57915430322551413148912971889135282004793625671056520654576206695972995542406
参玖漆,113171345341162901098570672008486184110040744135251249098998156633126887985720
参玖捌,102881347633812464675295390669469592431824764534027583393805047925732667923511
参玖玖,113683764072038628869141938149750820552970139260803378502659175752135330482903
肆零零,112864892598565030399396401234272195063793607353101103769891774800898536234037
肆零壱,27384027403534063925186601230157404369369680760074788571178310789194035246281
肆零弐,54365901458011611852574013668339746844371273155642093088579833735137488086812
肆零参,113260860451559004177352498481198624102584483481224601426994884099557975124891
肆零肆,107615759270251894952521764165800657699716075849231367101303362583486225976208
肆零伍,86054610657282092676371009672870558440068200310776733178882007326540724361228
肆零陸,24281047743120113128307124463402136557147890644146940494676102153945809118241
肆零漆,80318621334776288512232915967780396262245758954591562635599898419474716726384
肆零捌,102742309397297669116209067702857616915400808475797857927737342587506325395173
肆零玖,108364156757177224885126567285634645424654962395327086959408608901773818827362
肆壱零,29468013999051262117950132861984152831841822180967137637329414684166592480649
肆壱壱,36032295718212520945923300240280452913473843455613217590675823080801528568144
肆壱弐,107812650590602570534399928585792466817179190974408852900271769230668193805518
肆壱参,24474142438604696501238691206357387931117758452598833251839897754029454163230
肆壱肆,72662545621868099815869812102550977747258052822300095881291270489543022424335
肆壱伍,85623067703511590545787498377051573942134559630985090629124566785927918442203
肆壱陸,47322243429428390332258388608928298889258431537069184695058081725667942120684
肆壱漆,7842140908820112488383543750393577407028529725730192579184764567462925648267
肆壱捌,75653767976950861572944967510001615214030881540870673185503916444294137754070
肆壱玖,80284071967558293791153053691778719399306586089810257817454227283352782304200
肆弐零,40640595365076628132977685600332207316430887658075614907900608069760218776224
肆弐壱,1153649602247532872142301118555225057725289370879486210013736976668381036798
肆弐弐,77453045434909377654409560839952872417184842811442150693206288831973619315989
肆弐参,26472757546756151574304995232991085875401310399624944232983050547154981593133
肆弐肆,3366219096152133591845890950628473445853264985326791933556234441834227773475
肆弐伍,79515200808505956884010905258665223317464400373844694057462936488997572470802
肆弐陸,34552048467745192366578651504934444134072125790503564851105164715205840546063
肆弐漆,101735954755363264348057720961436693177540543902575567398217919323077477778964
肆弐捌,113196210819665670551254671569400213328655081000327192316676332590756981955619
肆弐玖,96324891516467498851880717747400808298310798127410180775740349809724033936655
肆参零,91572992847276333207188510957287477174482980198732191634065585747840060785622
肆参壱,78546553688423270966709623636579939510623958544884617035649291941441296008917
肆参弐,104193242616426780836185248358006961845337147137698045515123961368890037998794
肆参参,4641801164071865389782666695450730504966543374447846093780396362132996330065
肆参肆,113034742932430682120152114183743414341396044996863057821251373156567319621440
肆参伍,35001618582512675034907243451860608633989950736472345180414451134066473519300
肆参陸,62544180362241571988081871657288009135986696738622759118055594301508897123725
肆参漆,57081117890641195855662141650637739761004884537823506422795033849921939562381
肆参捌,80118313258592956518555100567923023881605350393986125512159758435107167306776
肆参玖,94734565710153513265624857300913544335276320004021190506337560373341582586889
肆肆零,16626015083092822010803323089432707460435820596415822927571443132578794803447
肆肆壱,49332649812815694187666754819411413702972359802128660199011766749729968760363
肆肆弐,75968951086214470401995043558075486716384696082462604434936275148730164240000
肆肆参,89004455357526350855754991380195139705138435389325561026065087811444001885698
肆肆肆,60585530189803529553108449706231584496319311939144191748131002635198845558869
肆肆伍,21980342164933777807410238076920140601030744295616583063517526553813794987134
肆肆陸,55424026231576869829110626498349450719069007383717275034858581308075792032456
肆肆漆,96109598677883089273560393475084048154196063597509444477835240506512665918117
肆肆捌,106523960746509604053124992066407833010211663887460788406049923445978424416451
肆肆玖,42318566914913195653703445711880078266632302948945894262836385830351531949841
肆伍零,112440383891492041539383151938375565007508883715797822557563125499808796399005
肆伍壱,24492878236766895244416465540952161563560438113567393964285937129242821265668
肆伍弐,25239969795487553978727797738015853516816335250243975147531796059247403648628
肆伍参,66645945173875705364364786426944289422902421438031863448870026999627821946436
肆伍肆,18020386970934547843413082286406197114128360912156583513730771776646079490326
肆伍伍,38353620289864572603901201468897885143377668621125607169725671507801475834417
肆伍陸,10796770012750725465198585148225402950805891511520648248400219952584817505580
肆伍漆,80558000756091914158931581793121303646044147535148084070982510405291795385954
肆伍捌,63484120244384294880788691285735897753083818587910685413080645620907812488783
肆伍玖,106617845883491019670759947445206703016132979399160687077099776898912924277675
肆陸零,94393354358250342275135105666989140856790992186775413291604195131717848745336
肆陸壱,104165991431490326414653710965766857180265385550521686746684700056743494236109
肆陸弐,30512257974203518007257479926057472703257002811818708793688456422904637123792
肆陸参,39348725162614785039736028052718099863042827197940332799993617826943379085658
肆陸肆,111428830507072611792431285077999524681103739717331340101099689313094048176150
肆陸伍,112501349050575468058685260933225188167627456591976928542401597403332978138554
肆陸陸,5147399339538502299629326553295875906062673101129077811463234805603133783818
肆陸漆,68495476894335390279759673321767914964460486760412411277153534100346809864909
肆陸捌,39423941274263925394407934539832694525373121696812424900190423599633544487642
肆陸玖,73116140058750379045356407952761984605482172519778118143862046283798579817107
肆漆零,73384426837817711272171323874955830722998051789537907547750221000465201189657
肆漆壱,10045545683488064878430136219999615502463609543269604955365866271907318528567
肆漆弐,114084922074885631402824263102075020348292922694887721241836251816963311897043
肆漆参,89405143469710488165726155361130539482634235421635937957015744814341332939703
肆漆肆,112397529482598233399341627981827783905893464912403021227807292642076250670005
肆漆伍,58911157836140142020913570822824178209753835426711966827669848290474811518849
肆漆陸,83232859218933358153739237146701174609573572894106502613520766907076765027288
肆漆漆,107489893091832807835693928094768315730062953429807848632220501845804054879778
肆漆捌,89059435389016108115233735331809117873865304052464376188511878773027938903435
肆漆玖,42735021078771770426298384274704878662146828011221590514520231654216441070408
肆捌零,99431489066903700589504038703293120343660140286727763908028383593980258557296
肆捌壱,44068895397125277609413718350092463168809215370923453789238454163522472778579
肆捌弐,70686302678207024456770983440937788902795897567570410139502893136707097733574
肆捌参,114127477563250291630357185054469563689997510236519402178983088222074984666990
肆捌肆,93340182985617205754446913953828898978537421035137066408050229670890403016051
肆捌伍,94298699584389280131666493018484626735205050997586545528227498272580665287756
肆捌陸,84297979040382183243336315171651958876442956824119022571918519777651696421173
肆捌漆,75952628887612557883488715666641522032110564735143578515176254009768366555208
肆捌捌,80092437999138832680378952374538888759957685000609013058875007662047745169302
肆捌玖,93077682524427670495818181091839399038303174565995218038369146700299351904503
肆玖零,60868477468696020485528551795636579284632511096218169418692150655350736505216
肆玖壱,1951746783837424540113790914711996830022781497494886660600740563074330690344
肆玖弐,14454406484122995015001586114463855380868326911486088772325691647862654893219
肆玖参,31252211450453041232349805493902553008371424732756498894740381549019191397149
肆玖肆,93799766289479099631686093535528231821443579270406325649509353716686086626347
肆玖伍,6616381315689910221912267073924360535658638697250997094622887666769306110711
肆玖陸,9796353305774163127646801225443851296498305952046842773277824842737365463558
肆玖漆,53679593709397708178229809808452884571110004470246723444448650109595299669097
肆玖捌,44597354696332236507644262646742177905218138166334143752831126692624936238937
肆玖玖,51196696337714203075280801069029867502757703648976842977592475503571016864017
伍零零,91490692597008278925776948840241500541697701334241591571304485121885068491527
伍零壱,91369005358172847168594170980027618902681028090640871044617601175825321877196
伍零弐,3153631346919778370224553801231193641674977978586867051732092814630968524933
伍零参,68081146799111875875336634641702393466241471561884397402345927100468590349092
伍零肆,91831158552060922433942900533326376125770971675377956276438914737064817766755
伍零伍,32882908297128088987769061913649994490389490915734158336217557002570241612641
伍零陸,53201750557734132015044683082138505813022363892241596754201041104774056795010
伍零漆,51281697748201870811690263523175886855306661697981075709814612473860487319845
伍零捌,30743259228816991761737582894585544429693702904799551166297898578771053915010
伍零玖,108776284514209135663882065939619967790554915498184555395100598970607198768480
伍壱零,873624855676948796675781811348918624451689863876656986697913115475233183340
伍壱壱,20204708635082798019641665918226571298233100960892998426288397890821774844570
伍壱弐,2616948639133749149670077298437211162839027922386358989811131493406400894850
伍壱参,68665006683990764769231499031102744789329967632415149281550513473554783606794
伍壱肆,52956424886346176626768056778754370671306612481129484983820229305306232674485
伍壱伍,27755777366698057810814907667194157115426472987624884662019380703503432067533
伍壱陸,82142804692059503432021694807032312173768543903085188766554080010818749058827
伍壱漆,80878620667878151293117779580713260095424760745448258470283451395041277442890
伍壱捌,45618799002349609258430629841936897678008280274219075489115928311576834117115
伍壱玖,38111601384700061530609088137488587446322508335064226520880701867461740527554
伍弐零,67357438133725415158432413967317462816273205961708387429762112516230736122323
伍弐壱,84373648193899874564616316267260813564451594844803457559801391291870488645231
伍弐弐,89510905113973051041951216153539191004246887146515955555846916627836389307558
伍弐参,51315208719874955085857749096826830426151434968281936381251653507067017447281
伍弐肆,4091134645152422978747183959608273072569694530876507387031977467452130308489
伍弐伍,17880918149457511573415036061001436704823744640204903808088521297971828753783
伍弐陸,65920960273062060102844336954093385621754777481265856519293630881611106325716
伍弐漆,103436614393433282419061628768033598958867343786880120039937988740841347116449
伍弐捌,86590957816497590897538896980854002737274407099375640617594972836147138219420
伍弐玖,29873107726600329720615786667001883253664362829771548144269239456829264219562
伍参零,88565909592485912998161837225004780226193458153855248292318880815417442449814
伍参壱,35431461217242046225324642932300789278198603586698249483510176237413881455642
伍参弐,58879433301188237459604515477517903658542427403601164843388736826968139028258
伍参参,35439053724780886144067842873484462146599203714927388391072436282026054100942
伍参肆,109498252192109309335154828863113382185986734333543501738623213542421167305911
伍参伍,88501812282044665528440205643862692194582405228684592798113180854087442133360
伍参陸,86517454373452986212216294359501739172963702866057994622414495767135800130490
伍参漆,94003643282139055804177516831728602570141806905752078714249270687481320122455
伍参捌,8213748129074696017136834104671727241516491871657708154244986024538000776917
伍参玖,45044092167157042531157904159739367988844607624853968245917501909732501885844
伍肆零,32243382175223597191121103609416904827902502911577852516907487794403556675231
伍肆壱,90560806708375158647580105235986202685106472010888247938358056647713052384798
伍肆弐,68943442292004503461222767008701829934657394599093709472413586736786495148037
伍肆参,52693305534568604399590661860651091894654360733929348618757068491650461662035
伍肆肆,67768595008065508307061625853341350163774017045873480978161587621959104760491
伍肆伍,90981540945977774150018452424108348790642749749297445971357238936379633532861
伍肆陸,103247281774002058243024965571607627406108416723651655872864414968732828314569
伍肆漆,35154230326004144949356445462596373715589456852925524239624551461367958099955
伍肆捌,73965306581646091368122046160642136562526654766534257421392737196121578922668
伍肆玖,79148796154794404892533540455636368519805124752426266902182681255692129756833
伍伍零,114463190283262136899123036616964699565927237040699563937016462549019163559785
伍伍壱,35875130680724260440367980461042247259353114180834811594409554742879980394597
伍伍弐,8053804114178879608836754255453312013630424307871393056580102482570300131180
伍伍参,36671547150761739188853552820386029458362134119893745114048513003615697288943
伍伍肆,94169034677759612528873760270636047913775694531319139554369904725348764642205
伍伍伍,26516747742600157439470991834030478204758037880376295900257871351686802451096
伍伍陸,108259759936662488084988656114681120993237641003252199544971214031238468712526
伍伍漆,1518380028181120665619318631206935723287045591080513216549432071199140090229
伍伍捌,108943884485894169921069924468429796091745882509452574672105725637898440451115
伍伍玖,15143785872141932511886084457452852093833253483915704298742847260243721067468
伍陸零,55264615911447486013796993335851675862803406405560583233248828651559873128417
伍陸壱,49239826489370371270357844802980792174366033074996304287535235908671806153628
伍陸弐,50990632921195298481874050033126627400682652609675923722142505231377366739070
伍陸参,32015900724360327223001526514057123609668222373228215897858109279452337947909
伍陸肆,111414320765927059586622863761382529441808694746635071276827962302618033749434
伍陸伍,18102546581937971267700924916372653243108501671834671690105897114747924431922
伍陸陸,26369470499122053258031858312973395586081261662075488623105298723506261568241
伍陸漆,90471655954879284762826690099257644492350391167187946333406794463419329728518
伍陸捌,2811548551143329075383261457609660916030594675891834684440979342979285158577
伍陸玖,21841290060499510716876226559391773002824774170008509266355736626998832307193
伍漆零,97040560291722772453356053928171000316243445536504017430456912735676416287635
伍漆壱,3811407946478826920841694327465304456933190539008355637990475395540015851547
伍漆弐,55218282308419672610046447890819737573719195742148490204658626148137238964746
伍漆参,108973710422877891722870293241180380077359236188472617011082969060618034786539
伍漆肆,106878137267276152462452193928353178774300071963361666282845428573182158837514
伍漆伍,36857160010694244256385584107686142062950184369317543125554051937580783577519
伍漆陸,106737980484745753104920556505042458218076229380571571334990694687565961630810
伍漆漆,74848684930702655728094000821612627346038620660156652402122757181940423682679
伍漆捌,114704317499426581049736643378060336985465825471981624587861927372435451592504
伍漆玖,90257902596537689354509917200254471231005143041539134197106969769668855530780
伍捌零,89085839626690383262227011147074003877680235493450427833366263252214741533780
伍捌壱,37642727836483863089146298042984258283825946501313643623363715421798980221363
伍捌弐,11445886262055848814200576185730676713472340614488475655600979853970105968859
伍捌参,87093688478596383692864042250023835189200806380273609119722640131241272289620
伍捌肆,13599648839760759561656894190533631962770221892837934203210010481890605334328
伍捌伍,29265759874077446240969181074786739764879119426889268816651311964441263365252
伍捌陸,103144421633381899118667599465097286367215777088846795006316275783573510732538
伍捌漆,31563047359278348649531434516954972388849859825443590942979288094211554915724
伍捌捌,62707254458545444709682164840338407799584372805792563580418682421209656987588
伍捌玖,98696661657623792681775332868451906091260201240822018728979411347379924786527
伍玖零,81539454393473956918623138587323716330140384049866949836417123554700785816022
伍玖壱,84962176229359207475383693927228216825307131448275846243320849902643699082678
伍玖弐,90324112940796462238204345497589547895322190505262836541397497741584424115150
伍玖参,108258129544598840205559377635743920310661092251362502305578351118743080473538
伍玖肆,58891710443857921682672229784655840598494588506153206895293136304424467519669
伍玖伍,59491059504955007248921367048321461481875325289103217031786462905084390543835
伍玖陸,90268343958732418470331509873086549001209284713157567274136412358033325368156
伍玖漆,1907053425956462621997089946413375816425677780461618357559390293234729050295
伍玖捌,80749794470713533876943560168410542464402068991588790720123046080641126258258
伍玖玖,22837024065276559572136782819712377195602285263565138203746562116921625227063
陸零零,111511946626185858661243295434808367877027266245227743001842627799271386251040
陸零壱,81981669717164446223072322167002488868360835902939459071813681723411144746863
陸零弐,3899368648718516186168306721999734201569634231062024350014471041571707070351
陸零参,56505220145157013190774507984321454282358529791335665364216408127577783121502
陸零肆,69176812356984452911692270362803254950457844469551027356360127531161087249948
陸零伍,36142403694999197636280984281578109342249431416589022129198708304946654167306
陸零陸,30615749995442692588559486645580918504429412363019065866906380141982946599300
陸零漆,114403396498455944826731206346248495282515567381263836328356874366488900531897
陸零捌,112980791949416017164161078620796968819486359830249963520529748330882666728030
陸零玖,44647930663995966935045532312908251465737944467229971248159762537106936115437
陸壱零,36190747429918802176364265619222594024869339815494742931171705147400362413204
陸壱壱,85492691688554965196368490573581221810598275316153018857459214597761846516259
陸壱弐,45704568185848002382718018961943134334114750071463553665603442090059885398655
陸壱参,45058750968104669464539701401950510324706956447706136465265454034760141970156
陸壱肆,48656283927754600888487991599298492651558847995760954135391222810407911005773
陸壱伍,110826669950628329767069917399215742034829576018705665730439205479117040023359
陸壱陸,101589021542852322276446881583142425011888353002832160310872850974331033218788
陸壱漆,66709671302751209182834518832057676371565529936648667220226506087382017867026
陸壱捌,3405174349972046071405423679294790026399329446624063545908009742128540335288
陸壱玖,49651621647109192952067416059482501805146449965295903388584647088795536086219
陸弐零,97561698482102378236944800675102533896953958091967582836019509813006306680617
陸弐壱,25802137274259140991300488275504052719740557758649304812554985611684679316552
陸弐弐,12410020493667723871542064341776538385874373621307659455588917441382187005624
陸弐参,101683002033305492783226692912316240590019987471347872207338481607382547846986
陸弐肆,11920801033530781183852545710501721576529457082147849299373293218445212447690
陸弐伍,84973587409988873171533895576981870077833580741706850913199389606653777438991
陸弐陸,100645654944771064953517454809094492122970668694170246151774827741715215128814
陸弐漆,96681233249776433328795116186897421886422178128695518996001228111430099631558
陸弐捌,4678916898599425248164735271457644833090230328962132722713485319555157005747
陸弐玖,31610233047149506227621859518617046489206602038110615256010371263111422638810
陸参零,30420379176213568457374088316508278368355515159001982300953924375822502585300
陸参壱,70619810479853749961497914353127347630983165915861242116004111450584779147284
陸参弐,67991872445513247525309893352795245174663743636051676129048274323416864863788
陸参参,56457020497482821879744283719141235492438719234724489150044209397347635950500
陸参肆,70765391507251516674155657214153003395972598579725931583818987499352262384408
陸参伍,97488915471259119619329962439313979188267817892620671107470293615447635555991
陸参陸,17561224991859565663421565172185418049727903258837690967450863117258069111918
陸参漆,41493324054977159670970759013779516582892234720886301764130930154131743327758
陸参捌,22935056717570275801220169361487946103178868120832964155490852171527599253001
陸参玖,46015841006184458372059438463624166920187261278025865088236880477285295852418
陸肆零,92976219857182880160987094262988887944461609527974775691267324845451599074192
陸肆壱,76285059490725181311805430099461844958511891471523474401956292369443260107567
陸肆弐,73599194872880460191865560088341650964897348823946823736951259401045324087478
陸肆参,83135104604117230098213072013085099190743185773808973916144986466838632146717
陸肆肆,14922114067212540423703171776221062512746714618291754854184719249000749702270
陸肆伍,101072278383139315591260435216123803021975327495738768611114281814989927846654
陸肆陸,91106161831522871149139491360837783941834800013032837413034161297011084180903
陸肆漆,89482157866880168984108418534320791589902396715002113577679194415427148295255
陸肆捌,9985620532689721884243426927214129044354964491668301874687370496114080146874
陸肆玖,55366738352415453060851992234515488058364677049751148889854156652744310626353
陸伍零,19394559700026330370061934926945216301992423644302812697220746649705326763865
陸伍壱,6867139913834609473600997699170676496098637616711624050055693433875057525018
陸伍弐,64766856090972277839007807408628884412801195007480285926334434823445263710995
陸伍参,27167391968192987145026473154237321925296818657375678609333738302782472587094
陸伍肆,55103329481295514646885326517860088769884479175489666532762503837666463074620
陸伍伍,25017828814605306205194695130881919466196812311526914625030046425925584380375
陸伍陸,6373455838837358441959585046156768223909185774429572824928295066496493919099
陸伍漆,100338517489533654439778437524642333769403616325778649087187085018430441381208
陸伍捌,79319966482367574123782597665123824500180515120523195115493719066019803138126
陸伍玖,10829423252518590831182986118307794752350154271438035989605828595280409928333
陸陸零,61837467239282517233689837572775829427090082162506460879404497237303106248063
陸陸壱,93902981402567687027191208128115012183325024741736251542454986119963331118995
陸陸弐,61611647112093637856474254977725119936627967600218465245359497366854176200964
陸陸参,94308068714742661177173167749367339776515903676522845378588036401084024733657
陸陸肆,95311823710800732636302577050999887053336173842641996757939708326410840029932
陸陸伍,109813394612406192351930182000390231821070849200557475422192088533432696643352
陸陸陸,22329425135396816096356475491438678391260117166279638332281518134509596459641
陸陸漆,102941917888755668615678884495233092559316452862926204603063993814763615230283
陸陸捌,57661424839667470337295065181728289402997074817097042296817855131943087611638
陸陸玖,42651470387943257095859104246060851328818377617033808089914915054458681018203
陸漆零,96754370309426290299082115259767640373807755454960319682079892306162957112532
陸漆壱,92012813969159967155073193616570790345472772175974874901395502785418413491781
陸漆弐,91636127241383117336033857134038665120470374905734097216550713518795524468295
陸漆参,77857053087965652536521611364556755642188434484090047717426255815278683728731
陸漆肆,12935310468567405619720778054865197660298534937652163491965872793913396117965
陸漆伍,6349641418526411150689560522269804135915837947154299741075686478574372986450
陸漆陸,36718717890793922957628866150177010302041414619228581154547450450513710542110
陸漆漆,24471796305268775568944367485085185755937238365953218980636429498157252260380
陸漆捌,25091854713529764738781462760657584808131700985561394400023399860401019356930
陸漆玖,6410349632376284942594969162880859904466425279073098827123210364034732332754
陸捌零,101820637091786225907695893370431033649021048052798321052577162051637173602103
陸捌壱,28862375300116898758806667061140439398395499816126904696109023751501644128794
陸捌弐,49477114517383419133368900800411447578634223187950286014937367159588205751647
陸捌参,90648289691534527733537197140517286451302139396516566698236474574566807720357
陸捌肆,65310291417225902062905486512356013847726399783621315270955584786284222484391
陸捌伍,85889444373358213967790966760793718220987576375278423534805258649757142193993
陸捌陸,89509897597097772450549940305674892213628254150803553292300815851733933595138
陸捌漆,15774542734632747341412523971520040789556084053662082002244222232131876822116
陸捌捌,2322916188094323673849480754913654225062819230830743434100184704974451087968
陸捌玖,34736844797243052368197557878562440688037721497604719336539975639770831675885
陸玖零,92308132541187508073579055992448022013735066659164428258526245763077928675424
陸玖壱,59769852607184833151491436708756417174321458331520028841670627926698673462473
陸玖弐,110363061344607715824279353747539654732420543786104613963814757581657229245702
陸玖参,103871249144417126470918531799766360406799256420164511444962177944559493283318
陸玖肆,115111291545274217836964934868267416550441478569802708801535476433075142088628
陸玖伍,17798670241149909322616958224331274030949859011661268113677298027221758716024
陸玖陸,92615976983375577006278052008722865920305437110410505293468588953864947564041
陸玖漆,90988349478296750993479728887419800464599073486440691527682614541468654678169
陸玖捌,46529785519734924247946289517414656230855978746601790991832699372741005898418
陸玖玖,97544249686175531809860379888601673262990783706171866135521894845586665235490
漆零零,96664478523397924668941903157218731817012522566259276458238337901511061964511
漆零壱,25032507683191677138057244361626140443733512033352610306894229622815446920144
漆零弐,38761303291864844123984697040354725201727250896985261255072935661298914962826
漆零参,53790968921855870399285559507620541140854854428435560124283206680053763384257
漆零肆,25858049266705807658988511554243884233075453656036243813534269748347884508559
漆零伍,19145095531876711702828249216021797200041686094573575846448544680070367392347
漆零陸,77214044894984408341999317396416790889566477075355316174712615978878570363998
漆零漆,15948454586932293533778497537300109962186985582828384034101723845252623951810
漆零捌,5632994878993335644053560866844685772332932542439354985407372245462498807039
漆零玖,11848001482830851387667807484594429381076589115276303741645337359570426373374
漆壱零,598194058446655944022419446488045639800559677231930700227078432112113072906
漆壱壱,49540589796052777222529989867744192907256932426411584333296826592902069026899
漆壱弐,77012916697810455005008976045217080724186102013807326329504321816466555901663
漆壱参,97611009912416735940193932132100019562169873363374295359160494266802509720322
漆壱肆,29714239034868229372912018343144079891142703649762576019876242811252867862026
漆壱伍,107766701948644139943595302334977861102583296477235232828513513396601309766068
漆壱陸,72593753478987218833074698369203587013519106333604211212811901304744895409223
漆壱漆,29706727041046526282400849672081585853607036635941050981221538645530730808725
漆壱捌,86283065144796440001315584719908671689959934041820377044187876052386534783836
漆壱玖,4871981424225881622474784191738395891350498605009812645180060762233487814249
漆弐零,59597625861007366160070381863046498239405355538959750372976505366874274017727
漆弐壱,46851894942041907033988145447056046884047897321000939810842708196438098459221
漆弐弐,69556227181770913568067575888705591716952457572418096606973456602639479559565
漆弐参,97147647235584685380040240148640739169888825993419706297469622374888646542963
漆弐肆,59588740053093537044246117422754692601891435904602621886913351327900931808410
漆弐伍,113746647160121409094430724161677979296982718732858254597025656467888721191078
漆弐陸,29996406855140852198517559767908743235759248602099567706784040475403117215782
漆弐漆,56078913323447985234603863258985426578358398266028925684886469717811879746350
漆弐捌,19095206307681765078256194990590855413008158462756516351567589857847386355296
漆弐玖,27296883154915002087215160936519054741555674063718739691840450426913372094473
漆参零,48172048993611286732871406841788645997405884301728336721947959744146858848618
漆参壱,68168593209850569363517911037475868447230093008333678598076250422883965640694
漆参弐,111318261983249042731065548765771338499989156341488788555004331001620404770638
漆参参,18863616812829271671938010161244395908861518499449246868291531800983457538956
漆参肆,70829044348275978159027759884597349494010103765863149047960079273524508341193
漆参伍,11651569698473983089792377295428108674127177904947561567372066162153273865504
漆参陸,85601344438976893360575276960396014601520867797962873428663419534589582792664
漆参漆,62683574909594029746095279150415261004065632523815391976342856381568398823334
漆参捌,33411963561139226382967559780539772613480681034283411336027728200350064874408
漆参玖,23134847644040645608067150881687912194518591448761908049862507125254481729564
漆肆零,104467796567721675779738691051856251683023264055136010491323482913708597056194
漆肆壱,95303643273686416543078229668659228201939078784611990042180471041339970002634
漆肆弐,76832573116416569563651889203300936004392630014448725808352709176524979379240
漆肆参,50589477886658278725468944016314684246091765888662864537858284699131402359513
漆肆肆,6382329582187219969461284142312755624735751211497892035640945232585612338573
漆肆伍,100644112510072553048459752299959589626979547506010191345434437524829870365322
漆肆陸,70743461337707054505952911643772703273820072715305357426392349855714983099846
漆肆漆,95628311772899846470915477152556787075064003574300044465898943157757303240137
漆肆捌,114734203689980997492912497303455171326606447719905504528150815633526857168516
漆肆玖,40581252021663835791861381308841204279876621877762859120732473781851378216686
漆伍零,27952180945231291758534648046910059789321016015779342915192163302399313647762
漆伍壱,56685057165152293273320716352583198966346565544402294920202649384595677501136
漆伍弐,31389219247433003456402648080240756722314394450957566353090516206693899725943
漆伍参,113211809883774366773167816089698526812588226690960649353277840044451693212488
漆伍肆,25609464646193490474621714486446746420616689813942802027524792335616004983132
漆伍伍,92490650538253242554346653782223774284754851843558270576148729246064622867053
漆伍陸,107459924269572127578721598725975771383326336208518237754551569034311355458761
漆伍漆,100699392502479253552050600639570002491098600039843308057870982870318637594212
漆伍捌,43439819964014965431386192968592996933910256757329135710901679286695715167849
漆伍玖,77340702792056624048105861171431973881915447385294011334950990818881918211514
漆陸零,29758985524548417061020734696808850703910854251367107093565931440756137631272
漆陸壱,112833333433487173858058379461418192048371809320241780307954453484426851497228
漆陸弐,75415887312083731517098892605667000346536450426372984815286372861034423807701
漆陸参,115511404133728153032493137761056195329719894382917442926143644104858215677597
漆陸肆,94256584373831686052159803021507814121784193463431355792810087469923969869315
漆陸伍,45301063302598312450466744838447264973120287439063759958170122148080594321739
漆陸陸,76136637076652653656766834404142574647527140220272030067353692700590607802431
漆陸漆,59875577526278874355632117192461502536726299741535918748263662821791130394130
漆陸捌,56788829142067930769590664563746311384168142479739506716950157657482536152198
漆陸玖,43648647619195881462373727894642619161525090535327927474421308577091235791368
漆漆零,103541401019592635483588195170387357012823143211541395300255915826825568085157
漆漆壱,43626569764759692723304270823165784693189902610632191539421240748963321619539
漆漆弐,99290204748037007298527775174653867953434831419222320262769938723969565058761
漆漆参,40312937894485957844465895470608689718984733383889068829018536696213878940067
漆漆肆,59276584695852816051818823083565250398224878894549463080962625946869202629159
漆漆伍,59198094870366233959825812009707640764287584673914600616831533173413455721624
漆漆陸,42686174283185845129449283484048766973672323932584313683037726734330644731952
漆漆漆,65175719109832436273417039593520769491315171726497784196778013204180222214065
漆漆捌,106699750632664419718200700163663315534840328862976601932319226112567336671501
漆漆玖,97809145014978699326791729554631962489601680784615554311218496749004179213851
漆捌零,47006359683191995744907651380584221690045366752753771460710360013745808198777
漆捌壱,28497730304127262215304463361833405723253520840949562002488281848167183259793
漆捌弐,64259764116324017211328663124848113353152729760137394529084112290046128768043
漆捌参,34162541875706045485015485371779386769042656954635516289528792106812873314773
漆捌肆,37217992762807491204059509586132195598950781878504108158017586174249685502493
漆捌伍,67120246548126136933802448416289930886500201368017592575270837170341046821762
漆捌陸,5706051435507057242184847154688113704692077536099907117852522972866085507763
漆捌漆,763159935021267714749432098019573814604282576207495926714649812926724787212
漆捌捌,28990155939748697848170939375793164610861694203689967556298638957975326679839
漆捌玖,9988773909112144301759166237313778214331025280332606111321214423423814040191
漆玖零,30967611478872075498300643902477975508581970035563595722150106433332499391124
漆玖壱,92023600885680917791723649047753876129431897794725742577423059925806536680212
漆玖弐,36208595973117360376583339108626344763413316751944270508323865896429039096288
漆玖参,103959020242319961883894025748107819128517470952383337896728017405456428710791
漆玖肆,100990131566294853521976314143209662133650560031069677434786029587249211319540
漆玖伍,98104296116851476643137434899180635163021245230670057281949515576307962626653
漆玖陸,81410722658771543622551483850815877836115587447249434480637456897706088447496
漆玖漆,34381567817125875145976572944000553487778491531331638417969722611217625402418
漆玖捌,72675787519468621192603969053096490321504375500084616630649260953945597234769
漆玖玖,89261853777796780885100267734634195626542579248964199243325673035500544839910
捌零零,47319437583886223379046241788137788256893081147627845056411693137979446718799
捌零壱,106528862255196671023079511047533189679639544005007862161769552737352046965655
捌零弐,75782747788711167347233179649951047470116196672279349010433123063244835451783
捌零参,102324580814343173518436849913011483344317604319406682309901938725868891911792
捌零肆,66754080730375523024449788848755151533869717304465012694191070331642176636511
捌零伍,113382070106195791440412229024851389297387932726948933124679029330968968105759
捌零陸,17680738098041670428879386263529186482810927318424877863533211283024480518566
捌零漆,8155051089523302680273378764928358024761935733799571082353736055974602352622
捌零捌,55399381198582121897225209435197013591696962298345263406572824669216508638438
捌零玖,13818447930828382174707514223406193170250588731571690236340313262654142790489
捌壱零,27000428148769876952186228284804003145918666761336604934557653471340823476410
捌壱壱,58465009409535800463609299819486090409204492758971250566017882824105431952963
捌壱弐,96651150849678630129067119193483263479719803538210822502004491463087409151769
捌壱参,62550262782231770642436203183794758267160220766519223866030919183989669617629
捌壱肆,22982465323398249697298190271426317437180186897902746404648406101850317796463
捌壱伍,83000508745430274735102934197723140491812799791885253176518152356996179186958
捌壱陸,51393033809263920729326941378004813722290880530914653683641705463567210911113
捌壱漆,8965881074634351488072663886947364186840711321615961151484581623307326520983
捌壱捌,9581376633900385776393279592737369098641211380358355167708017282227030980338
捌壱玖,102828699576997517358434493701469140922171306600832885369636068354601783462244
捌弐零,78897043804010339744904326739860617359888641041298132536802734368969200670785
捌弐壱,85988271108178080448478602776253328697035169135390417826129269876565483254068
捌弐弐,97604781404674046499241552347359545359587850746427156607551738552922962107527
捌弐参,100327332444082460722128637192874491949401470549651985387768072837153035695346
捌弐肆,60966363860546048327610419462045822315045005324242910046612866561364124933877
捌弐伍,79819646340164080007278697655972339544076746889948704318285383798610720556851
捌弐陸,77757620104611046175057297470642635878512604681295787962935791279206584589415
捌弐漆,88311296497578131359323434286122062728548319991247355945130189348579788464046
捌弐捌,105679648850022314383561294735730562443789241299456446586754887949790585771562
捌弐玖,95735428858283589578302030385922099555526156874456436018490212377068758345997
捌参零,2196138201637061783996879566313207361456036814622949684386467629402582596928
捌参壱,72325338879769232480345406191269865680618509913514237569195595205279329556119
捌参弐,103820454644670732246183004343436263061846654506686977389255607380074442810815
捌参参,44982239244826864583021793250541429371343300229693123354250550083799036831017
捌参肆,88692145793634405562145819432088225857202032047337873533908058029334496313379
捌参伍,70304921775767697846175818387988668975189356018183270196620390591024084354447
捌参陸,9344861818367095074660468137853644816815124149012897475344570103527969506784
捌参漆,92221394654311253803410765422706353179956361082373990913542773465174018296474
捌参捌,60942802978982327438859251548853099504105205772242200814592324842629885676941
捌参玖,20261267330575268589303988092845284831969708337071315255280966953938992183818
捌肆零,14791582888235144796713779202882281685418259122137266755852558311302554918775
捌肆壱,13515887921696909490587502482491323798685261717343515698983942096544475095280
捌肆弐,106488292731938161132607253208018661477034356865877306752155779317781108605071
捌肆参,106217235661208327317920635214918680956324025980793856651693923543412409430078
捌肆肆,32721423208038830614273615102289494771351732556994255190472362163767620411673
捌肆伍,38508255773618912006781057039773809814661726658625709050062891716440657228469
捌肆陸,96382173566695188766622847419790235189321251882467932372466454906972720671712
捌肆漆,108310680509126917254467678569973079272116620601089195522489888758264929422333
捌肆捌,8450386711082963218883900962580153428231017088155681324810756121507321127822
捌肆玖,104160899285760673470696269855822256255262812264621794599460932424006970224600
捌伍零,110538429713283039329679699210007969003776648435339798059665798972771786047865
捌伍壱,97663536641357332633120340868341051695534262354757315675599191687774293956479
捌伍弐,20626072574700213082764101574445669655022773962571928385940846590173356573301
捌伍参,22701484923196248142016301279017266047819572068975311315186069411792260487847
捌伍肆,70937930206931226323572296925419502289833108230255325618730726755801447674781
捌伍伍,16188589173862707582973582547278513607746189563067216068027643631220195524632
捌伍陸,62664490357448702894903015282261137857372678773960565398686433918669507710004
捌伍漆,70738303297974097195805612602810068810780553639468118283509173422642205323263
捌伍捌,69599884110977676398793409343998869328575731747223494369082746694291481159341
捌伍玖,82206120279265201122541438755290450947147877291712775195825252340828062864945
捌陸零,54890852072316756029626610806460584834664611913185744735398379380993671313331
捌陸壱,42762250449141327986505618778361179129758752142377437990142799177044951414440
捌陸弐,11397651843353520189617285680533500015928162914742006426478589737360606176725
捌陸参,102724516953300181341434246671086542733058538640172017941664949019456011586388
捌陸肆,64017632076479976232231711058825881808619862976089825268239580410602642987558
捌陸伍,49350370086691773626051168828169237192509306366687456785804816909808197330744
捌陸陸,14892637349838574928189743376167456870255235173419892015692298299328744219069
捌陸漆,38100943487748071889435951505637048333832387299093426299589346074664080868554
捌陸捌,41070602760373073878658523656855115298060005542924358867084019596079729482180
捌陸玖,87052382583803546422281979232598284716502560603568894033197574671691196454545
捌漆零,108208841656814012263551203044961249795979250005205489528213334955723500514691
捌漆壱,54605685919726134749787752501335055534837372436243859776204925394201115426685
捌漆弐,57783526893802317353817349629836742563631689309738344390426106160822992724956
捌漆参,86522680033445717228268034072440391119934401316690741439149798238924163757928
捌漆肆,4601587458221980714603969065215201313928653158564014008113493819296887282805
捌漆伍,85673579818043480165496770006826577309349510316037055139145405217695472121006
捌漆陸,92638571897035800859307472000461803071445814793484909255468553114387205021975
捌漆漆,87044858015139045598905334002514763823741942851671858680320552308590413577490
捌漆捌,20943536455773185773727693513449951549619021206151370584690012258342534870275
捌漆玖,41403458286548774662526373326411434656392547561611657672837512828526219032852
捌捌零,104491150407395022448805740177820630611236576487802839673660531851312672498750
捌捌壱,67287519203279446777671061627940323106248752554978738148164196136880663997287
捌捌弐,39766290868414214922804986587808031932397109649605342045139051382960045356909
捌捌参,49364074255943837062022979722487046725941139380089902734708105474222333872205
捌捌肆,94653620761234596844123881688495540271829329464914942392664186256795310715473
捌捌伍,18828082375006167269986242760544856111143439164583749653907998651994158976794
捌捌陸,77079195387645074271292032866088344560413893057600595390052483678662197710615
捌捌漆,14504296180510399649209506064397836391319007413127568937151836139344114238201
捌捌捌,65633326737293277515326191824033949113421886252612500931789380675266717055073
捌捌玖,23419351089697106549983738745158627669828900069955055702183382427037735565657
捌玖零,41622631906724671331144007252383221310653657634584093432256394538202082163767
捌玖壱,76005602256516240843183675380686301587748323703808604636069166982337699644010
捌玖弐,87790147886058122842278353514702505715852561615300086534407214444466025460584
捌玖参,46144558617340225480692438125629100793414503749432676506332006022654488970429
捌玖肆,25967691503706316530300032821910640537878218300781840704007051945502064381601
捌玖伍,31429903446561949046640803109421861505150509346197907650086781903896408830823
捌玖陸,76482626187905230664382444771309465703567756675107034980012360429280720164604
捌玖漆,29830645833344095126042890793687820665511302131560813029403255022931178584754
捌玖捌,58413448719301735617472730185076737753026495808046081525617277166047641462944
捌玖玖,81610118259600268388569432496807570808468940040040260725257976503072958924095
玖零零,31322539570440187912015245465407555154925894863364212119682819557865283943587
玖零壱,44173855253422148503906814707265973214945460472461353105540210093185760645818
玖零弐,111523576451672679016634023478079214594424688453170664394358691062502253741831
玖零参,93209123699955270594891641853267685157792320176169504372512518078594967956940
玖零肆,53676857269353308281079081130645543869839888381236659476969155325006039649462
玖零伍,68379975992611450446155430816661667851966640197153058599689503271100449838324
玖零陸,67659913117090058077684031258251427838564837745318120865558649992892597253073
玖零漆,5916751496383594149151713505521917598741442688838570748415897637856925260784
玖零捌,63938944243295847929084027630099470738764057159662144424645571796177473830903
玖零玖,84507309674374085997965042131525038215155628493693813380143024408064575935178
玖壱零,937807187107294370117898997950214978648600976018888567518134327669349723134
玖壱壱,95724790252409857903375651538185213797219315729344738038990493713285178586549
玖壱弐,43756779599585247111883114374653701982233643617976950306299740301252460363700
玖壱参,80670863914224439279287905640268837816846924627174112075288315713029943110574
玖壱肆,45421822231930588713362598649926684124170088255019104717450831376969996695313
玖壱伍,103391105346633133873311370713431776000837673494765222965097045377541480295939
玖壱陸,16528640130424738133508723162311002172705280748877490088419916155748129009405
玖壱漆,13774871373162729139845163501036704595488350619434953057002108754563667210808
玖壱捌,81108711627696740919700224589480897645651705640763391737553551660247441278281
玖壱玖,82625733324528080986358706997474283366296326994122480386800933535891222982889
玖弐零,82107327575216105971130418796561464027784758221531618828214295008875975294487
玖弐壱,42741281529807558587142903785457858370411282308008265719313187297583233570241
玖弐弐,8455004912850766399882601628413098729630414107656776246328464327959870956602
玖弐参,58040670175815770186674263306824748819616834861035494188801515241897573369692
玖弐肆,56411302874727462270057205888305522166144724429488478688081665139602220037945
玖弐伍,13632654989367552757923844917402214116136835819583490369087389091890429687898
玖弐陸,11542928328068098323878101868237067088622199937279345809684537574090667966392
玖弐漆,34292328399187729865583618707630472618604813748397628224779824754338085969050
玖弐捌,75631146662200692515971859911842007212791921992450294907474189611986292191923
玖弐玖,66554298545848914774702634191715235086181283014828668196075610109448477509758
玖参零,32470158325428952250405265252083302915734687242315075586080132239456390950170
玖参壱,22468343722257253538618305732622683939652356131714773262447095678168346004503
玖参弐,108802449595943144864214650259345055631525297033944418319801440167549309024787
玖参参,91686334420449009650211882393360636023215335046034578414044688159870703646617
玖参肆,21266417011976471727925234953839041821099966701596997273599601317196773421338
玖参伍,113873511133462254678665251270776626679638794053239442741587430776933079468914
玖参陸,13729304561820723678164434906812102248715331480851025443972044536121016790542
玖参漆,14819268249219668436921913467577897704078492800936119315484337049162332233865
玖参捌,74027742231953175744548208514132750381307907854671892307668022627849260437952
玖参玖,29796347217218840018925774857958915267192829881028736419843638478293487553838
玖肆零,40341153213911880958280572601384013695369829825939605020204084501547158107729
玖肆壱,57652734616929769573934554948715598256768118220952526318994243959607958042106
玖肆弐,86931071396069101814511612814447097456118520628129544137266254324772833252120
玖肆参,74678917298090967963500883416608595326934841020143853911048175727984187200910
玖肆肆,63218231913468726630782460103588929964823464142287110229403940246786390870308
玖肆伍,34773596860871937701001816183966945687788736630302973945760934181035900768186
玖肆陸,51748218607772324268883767158370709081111920699002468736313941785799274230830
玖肆漆,113423635815152164454898682824759100328897066967474938792153417756132288256138
玖肆捌,45259991321754858942705221837457450730185663360176054286844406966936683054647
玖肆玖,56441276088678553380725778921257265384694201132989138199368517692439107105860
玖伍零,59638418940332775654278980916878516804574218954628088581885798145786639971688
玖伍壱,83325704655357913973911345912464051595146841869953517324887840355088505534820
玖伍弐,112789513022402359477441529265377165020725781247941439998174795076943145139018
玖伍参,115230662977991524254026049644306761867320642933455026507407052773229864593363
玖伍肆,83500740318769522817804395768500584380896419489856527592262402065720268742251
玖伍伍,8978143253452175865556050662083010952010703200776521306906353245439180454132
玖伍陸,78349842820301464971974567207364756749365979085517009900334080247038295907345
玖伍漆,15578449717679176930885095477196190915402762669114348877459592310478992062352
玖伍捌,9651128339823407961125100241793330979959088649161332189056667827165783397731
玖伍玖,110674279082751062606010383455197744983678126189439413416176808887282582278957
玖陸零,2595324506188571076138613020930787734194063967708428345968889411141292877322
玖陸壱,11108332348835733921022371693759975385958842691818018521376007558489503847045
玖陸弐,114664726455611537328010633857558467375485724217939957701162865686087963791636
玖陸参,3160737646921612917431904385798706087913375412397316705357154407493683233504
玖陸肆,114263136147526377028012736246905903937086494567481587927850069650835746582813
玖陸伍,104593862000557935274477483910223572890318373606614582870434404056563151387379
玖陸陸,41544250791021746835143750966597249024488077651402960281738456703975580704584
玖陸漆,62764219984071885761013322722645593570250432020625572205386429913827394733155
玖陸捌,18943197652963615359348131728918158238276828402384763703940643409778049116441
玖陸玖,52819565367197099541858247831890905913432588561147869856594888263408225105984
玖漆零,29227134432760377301937432306694394230753160111379763092736046998633155749145
玖漆壱,32507871965230074399446607830233769202797211967803592440732207108948369705842
玖漆弐,91810664122314317737989852891984160640952842369471809313931793037923086470216
玖漆参,26174377774121201765992261862631727424726136545052437723704057193469934117950
玖漆肆,57816074392946984890077357878420367025874420689113962430438886607123941887299
玖漆伍,70420051592914140381419272486528218825192845319316743538961693649881942097958
玖漆陸,48185531598463576272749213255450017993258048774174985126423267434534464902107
玖漆漆,12078816585702655085590202123940390432272487128369533870619558846574438456048
玖漆捌,11735534601997028713601659126297285174350818140439729646095526191403432248854
玖漆玖,56312965936975199329301332616344221759737990567522276320503322439569009219915
玖捌零,97195697595441273226081324455501304547858984892427641617707853301022413428707
玖捌壱,48154716163447741440123868540879031595544076122498214933894030563948304159030
玖捌弐,34541579625035851334515326965897175559887648130525064346201281131638100034125
玖捌参,26111899780789482080258752225516917416918516454696205575623031280178289203536
玖捌肆,95549514904207974964708917586617978838232670875958512889504041128500260338410
玖捌伍,13342584332774900574071770256893863481288964760825263772309707963949936318032
玖捌陸,27341066150970354437250802415224628498462940436044232436722763686742158201837
玖捌漆,15076841990093019702306043734640948439636743513174707211189016835157816008482
玖捌捌,92525191788191921986716295435291037309754271737688255117008249876448814522421
玖捌玖,83774376196649302985006437757824150621296966186033914830934491633913613449601
玖玖零,12574235883459783869500707090936687543366040530552688879659322196388265280512
玖玖壱,114005442496047360053855700115113973530136864502325080445815779034544834252492
玖玖弐,85267892310300186737897697890333819036994877915394725746390933841382531327086
玖玖参,95391642265863913108280914248531519458986863386027749381349028164121748809893
玖玖肆,580547985768171125767174420476590542838490835059586924526799892975508045157
玖玖伍,87990243174012686425649330406934374224476723998630087810788555639797320114447
玖玖陸,105587678202792750825340178443019091463193276489115520793242652367119694549921
玖玖漆,87935401366840837166972993392284915015489196531349513882293144325726576658859
玖玖捌,51873246931963411178384136527378065049256698137525404547318718866562628152259
玖玖玖,91938117891508917665330807100847371196128554276074511174624375527063104114468