100th,70232652177243830564523808333592515175035952848352486815671270190677225926380
101st,7997685978813199158765505180894805556568189465170869245106143983351257241902
102nd,77694621549050592667705447500252801089026422806077183704913102702590370877457
103rd,57609952566445735438396201783309146377106874198762517970637566151761578322500
104th,79605694996595205447942963723204302087319121959321983634119272525402636885366
105th,61655441543764757216133482000761539734037191729527701867196029627348667731193
106th,46920929371252874403527195712615209121606196857634908305790908190222973777315
107th,105861770978905216961295048019473998357720664564581803910694525736351534036964
108th,30132869571204022788765986938945553965712671186497980074961702608849219247900
109th,14576594747643457393457159039703065619376569050867349677686269035993620130619
10th,8811017654040065992058855067658765050109749497728989767808478889017954767129
110th,79286718713318249573327791610370583967213331039037822405786725998235490881208
111th,105707501559385111524572638180327498669742154091820012528517124787938628949678
112th,57941479640320755859320004279275553732030542979612664364613417785930906562721
113th,35624429583799798232764682841702964748785655767809358175550448430000417093196
114th,29622382826351356974795800288489866227807632628578515464650447781061732393594
115th,62994896702783272808528781656282498881684154654215081987263970868835636697291
116th,102866146607205364962130670126842784364654163360542541901199303743864413016990
117th,54684300250892726043614148917481072317051654079291495294903429452449214511886
118th,15492779369844478947328997355368196096905353453749089189316169112952261551370
119th,53907822303091144739677143443806797503205389086530631362014397873250009074261
11th,60508527326495516650077064493639295885196285000793879151181701643353272516978
120th,17836847675797093723094277676428875122658741154706961549011141734295819019018
121st,44944601178683029555369729922578193347752890651037611331119919952140933507989
122nd,1536656428289408201649502119833571279629074607575832419722108257931742346982
123rd,57794885676426343605389281595964361970668927585838130563229358496170789690111
124th,36083343069371299121537919461022742815225598134511290964212355604458116041428
125th,13512342267655986635440455677861643299335744136625925214637192292300176901668
126th,6940088823605926206112475116375892050061305460773829677911926029234503425684
127th,100961461764725839231435900969855793544714216746862685842979012480210466846450
128th,87018783089378006439085597180829379686202135097895128642948763148489945234224
129th,20682119051970979769083120125927797715853972015659174374508803394386004129479
12th,77012221236311758147893759464921792994640217077671831108743623339244769799306
130th,40134146745621132788327608640026737397332137427657179909899451580421142762291
131st,89183713737365588350250904781599136637612510456453994562278129097546463941280
132nd,111967020283654791650361858364309210483581201870053219418369089301351710550964
133rd,72668492999761795196758417990016918472342830881251377385033352453876905106257
134th,109991170240478875544664730449397785174363442960004884848428460999908492231395
135th,64373781957650159629787890890109687260913128463957931709556091643603265182443
136th,38929408747353914219314404538422822650087287579095580846530338309155586816418
137th,47241147160199123628037540931900245023729149392578722704628275180967807934108
138th,93734908213324048279949096848236792868244421665932651661162112178132919403834
139th,66874407957460039245194627317727473248062860008274552404289293918767998627568
13th,105575579644180993883116361647232708987503388288243179575275913773575409863775
140th,91704202154649045603206032202956450564794265495897415703824064230308699277665
141st,28824903298846747075426611776260945046320349627280332308122284956321620957637
142nd,28172518983708751647977221535393343789821187014801281432819483265027715981915
143rd,29213437013780673363747749366574026844666944149775629555008875634914654486097
144th,73617957978362914158172440456432617054342273307693631437289563332983349582667
145th,96304024706124716735505053264972832650012133300004926246050177250128674579720
146th,73054880426569476267237415475177492531975847568476470897253045413551641249141
147th,86500600461129243021725396687367522548896903049013848946149877632915098580548
148th,87326127760050735808236133872676783120346958783326358303112530295477966603538
149th,58499666821885953508985200370600357004623755765538618694298473879152213162571
14th,4288439501835570798997357475967121404939921430427395126258271892576810492785
150th,112815780421156268554809904170988381032501877921802625945946405078886754292662
151st,102496886035530863369537251415172750555660543236745902554620469495492128091437
152nd,60758912077549878615453281239075970502894476417775854685883906438508294567946
153rd,110289606460129156141712864021828265221435241237157424496010536966406107542902
154th,7136629054798734851320570113714703664820331251472139561166112267243086530255
155th,34695624828410654842195826603364299638356242245675566732763532282892013241976
156th,104196919416777440385765680537646510887107087071471724575666766573382445501883
157th,12765516331661374363166841358047079350392705206578352033770775132957943070141
158th,108161406643914695028525959964478024278780404980277259774737695632737071102488
159th,15591651071841603014827242152618768966712188134415316296424133335176331514453
15th,15801913452178921214810823723174353470385323816337043494631981048364871430150
160th,51638691940989977459520862125925933644834027278161101806061664514583674798377
161st,37618667946608939050466826189771578533049388932227654668046965842794640571750
162nd,23001085755178188028948663000319880528696542669819699126052623062989250224189
163rd,36856472364296735758062600882500259124027104335800896385811336441060534246672
164th,16027940421970197967325878740661155153789406802684164875732845261997707431331
165th,94395531148337362172082151986362280390050404888184082515886468872108978114712
166th,98337979370270772264576780977215526789918638536555331268962766316221481271830
167th,44727015035727036188497897425891880757025181922002474124329363439016645172201
168th,105179859419809965494360485983461285123830376645019976642706555329931816602846
169th,56809945239984167618739179810791729672418143673321845112769551680694326932161
16th,44227365272012874560966420697635842876605052139028974756532256262259605342567
170th,37507773739058006348886364227874380393514890835745164523332259544395276416490
171st,36958240022151676379264081587503069670474146176140771619125114398839011904288
172nd,70720498435554134434128995948063450422590583284582105704903839594778436819072
173rd,73751731662451896379926525394125823248899986319877923927843039964840727913232
174th,4798515599965947044111346316204897322539145908972996299677817606327592095781
175th,18025779367595009166542482323506925619163923938725790419282575549767642759780
176th,114021378203286341571577337834196671035492106277518438232084231743670305950509
177th,26469008449799040342054206650374210595282094297150220112487778937300043807193
178th,25010145436213505617642538439750674795371410383080600708599943639927342374494
179th,10359878551856564322340911113137542659184080619719238728917316904499388778083
17th,112020597534413625860220527670173297803641564347498410643232453178914627933437
180th,109476559490480074331036922875571504752768611829682176788135288803862747368098
181st,12688363757093431971698123454386744434965624518938574625306254792644059660002
182nd,29286876973343666550788190653138922738899807842982139577425020763487377275253
183rd,81867123049254658477418221418841175887580396326866686348507993761584354384496
184th,104791462004614423873218843202545704897167252275898225866438962387195365248203
185th,71039917452537753131057534709555879085223785385319830750700789971981592388131
186th,99986101995734401439009545138981671894288826527811034211016473994130952198847
187th,96615179366047274303661186187654133653981593662977937914838589275109812748113
188th,103340015646785828123413415147175248470286365913699674592280137100241821488795
189th,60001835894567931649399818674962189242799382605430551119675895187921636312450
18th,17342414226491560292148208932077288679467535634734235952340743333399853831908
190th,12293572770065948983288180410808511317990767241672074513494630945351068428891
191st,56027935097058819158088319156545275497965037441652176399731720978390050696521
192nd,114785887731948180884860282218755603271455191184568264611765945510573534928107
193rd,73344714908258956898676938988298958412812651974159893555317966463056449912132
194th,90088291550374738639670302992337510777146676193265321954708895307019049489738
195th,111769274488370367210989104574091885051734176123083863811072694644885094183622
196th,76243254391303739621209537062991152628911577674381594941162117531476211543276
197th,23852840988295990193076401141838782065882467494583650749676922116859254468479
198th,114951955201260961357754106042150988061799379499866784881793496722261391799573
199th,97070154643432099735848874342614014285926420603370147429821456309401458578960
19th,54169092443104402063873064855502171691265403122586530121918366638839281366535
1st,51252498395639364649761740294252023543334633287540807397485286070865788829798
200th,28647602188143732516162719237770920525168178149048617751635891600531172983975
201st,113679319580810794907008445451423358031390381000257932872327761986291339453357
202nd,11818120198301514752801554413241142200007397146540423438239135590803386414869
203rd,1802364834125253575161988327692111334403606166237347698372455955258725239853
204th,111292435052241975997006635899623087759232632526608892758842804016573855199358
205th,61327775973035280839118965078419143298786202594976016523660436485120450558255
206th,89607516044630399057275640761484442881912412658671734054185315864020512970587
207th,60300408761986339121869076924514017240824056891980335907454369500405038057888
208th,100654608419876683365586931448644874356542430825437265827476991372397468967443
209th,78876159360092932313100686715321398590798663887795530334144505769122663652658
20th,96059509079988233542165213865137068987173294510485745223883873279622387863166
210th,52185934128906298398610364087929336776929278720646774402267908220186556985747
211th,90260755765573971442657020132417035880063382347242188827739259547631187585603
212th,54653439136042719101067482267783460659956283131059408795215847257806131194239
213th,48610196770877047059785694244376677781397380779878968410154886212233735578690
214th,30051082231611218735263965976577198646208136503859746674269078568415321885095
215th,43826714172049899391727639853970369789058133394346478604272840745168517717464
216th,112588012305269194316312134571521588043860132620459131611779964444744052877257
217th,84948603791314926855063516730749471964557138757926265430077384348229129011722
218th,108086241466777111552928690398721494629060631890727990654185665763842156436148
219th,15590735163357583399494134465236312510312446609136714651756001340814292797907
21st,40264961624359289148729134937865786687781912118854176934278369991067168377491
220th,28948217074146217357394439858870412798346276345979798675110523396028311097540
221st,12666486999001296508741684965061199779070664300056599909806126486814012251901
222nd,95895804341339028296749647940491347967220607043095328133871443322695814133328
223rd,90868517950137274265754566405666093097363853417360413692531893841491033730469
224th,47001616259576023114469267364725772885297378629845137143766554483403660513241
225th,84409565215832043377367047729946565880069044811739406399561276239941609507597
226th,103212747483941799436905094116944417732408813128409340422696852007357652641905
227th,13409846625859382862189802579635269844338188314368816836155373109882418033619
228th,76316760220716433307701903207749811425811870197140276587141559601332395052965
229th,84595171227806097891549825768905225753997294043538931257848670387883018755960
22nd,20984459901142127718277668552103660532878846491408296809869641872842585362737
230th,79350760715809443091000939844960373889550336675356462730292300598784912536230
231st,70901410154457780897165309795236490167055266246640261094039721272921586507535
232nd,26684455428970945075312198484349346394696763218776197208211227211224216610248
233rd,50851052853456576343930510566415574373948876089921033419097884447118500010032
234th,44883334923370499918443404089839263365909838352647841270603477440265313085254
235th,9996686880709063662100788087127346817745343486484370933159795341826945137053
236th,24381785010282848291997221592939834889221394883902214901800735462735514522313
237th,22291147947593420362017319306611965059732064773175209451594174497841008018081
238th,31858325326400070192805073731738838442299654727201398287781847785312331257848
239th,69551717457444685880138914373945591601341193976587012789785052887819705358301
23rd,84685678931005377414374270602198511913513468504578626419624776844845151920374
240th,110533027027026061358977393448526554737961087789540071457291750681016660339614
241st,7959920930115907411497505415990190881260645341361073186589186087473515068090
242nd,47435401561483707263477728470709515500130119550530275734198962759835262233606
243rd,94130836204882896642646834473259399049194797393669002603955756060856100745967
244th,696432687663042348565995305801078565995358382686445954045518016629941805421
245th,2894258898811898629539596190192555045785126397865687908554321493351886527496
246th,93519505545728414190400555050967221436978668030658081820881464184625198970170
247th,108838829360343383160213444062152773675680467005518274472720576349087154594840
248th,101015238522096953829307528275981433131103549332169056485411818187410718944547
249th,27543681015243292919653285991890218649180664161238074610093964529698311753470
24th,9072398558944038927782168421881515478953736117871186220641599186838759614061
250th,97122117430133291793098292637675303194885522145701435420898333985913985637290
251st,90471478493432687576944675513050148346332839252814485579027677568462245847114
252nd,52138632267916461454145918172377917277102101467847830147099276539339990566723
253rd,10991732548120214333526231046303005915195908555674557811757588178870815016043
254th,42289231639328537668184752956407730344246840454339988135504449770391820321851
255th,21467190333243341285431517022530475162613343814348412213678176361293292079544
256th,29063658884305221504767622684985641084729691305705888330088841350397282898964
257th,90768736220093682532194064226241007739698470604400172386625126477322686142500
258th,34478402059720809039503621252374343686465047177779261203332025340813770923812
259th,22245325823987032892278250471264305999665907106389510755926836001814777762880
25th,38164978208608085565896893632429453042121539477031233591122701151792328165666
260th,115145886615411760081712850139314719024280413207051848803814835267859461780137
261st,69892915661364555249188965241223830248876589777994351735643041463648619713832
262nd,79471968458045903071969306595931406316218730507960425974752450714278937847
263rd,53259647320501321560767037074242660704312102464964733865499971265484541045865
264th,34524831109079406553743127303835437850540859657473548797609381343108261935721
265th,11784012249623986946727401834761870614226885932629776782772529426958785030249
266th,99161164151492274662510065797199349524796300850268162349017818330906831546334
267th,21646499087749834050587599188582587120405453692467963436991837134858652947127
268th,110736939109698639469174197722889815649962517321524779952881542281752742731472
269th,95267370514078176445596017245309442976215464048502327497706620692219333940080
26th,30137198930219345699254774131829080248705807352116270987880797348252058694893
270th,39260697194626485138530465359517236936442409345912670530730449042101219509995
271st,26426815711810194330303184088786086526742000402258141029003185565075897083517
272nd,52758802215857076809207365247269066275741050551685247145921595693332713843136
273rd,68804817132333979000545852531056826733648608375377644221537835060183106630117
274th,50537057810665171867507092658016903106166270904435537838506661047306484698348
275th,71975095217313687625023956039204008634794706369418968648601169614634078724987
276th,14614972580859051895860200674660772941525415279952368133320022620074164768433
277th,5761611007943777701852877538966209326890882028209907195312704062136605837316
278th,57003155752022004063079050342426186895105058587575993837894295225369780062790
279th,58448955073814339746651113009508241623002276991833015602169694522680272598326
27th,24313318731907274888715975038340222851645442693430537150239229945396763861944
280th,77212219904113871034715579302156565819092175598930793289168626999108278628688
281st,89616694525843592001117233913980337915057726708477206407414516695659157584471
282nd,96689414543043355843344173051184868492653630658923064241134123342739282806284
283rd,96852397393651492029379963706165360721288270317484929902540441012215196478625
284th,84587667517160707141130726590443727578500330282867409543499617385696269652902
285th,102165890553430499743615811730601916485732826744698298558043535382350901391481
286th,59665371128595584618630620547056332494565554883729157881419678073668191117610
287th,95564359299837245690209793091650644863119160830694993812341501497515897495813
288th,24588424171863761472152740800521668181036173594916433093905183727800138768554
289th,90912352130548945950474751096020060306012654095352538111919080089965578135075
28th,51544857278315866293840825783877182883403961723679491877273798865600330036575
290th,44028907459016228957639272327881269979921936928063959397283846862366528515558
291st,105523577856385560531748917898391873943655271824257293465205943196904099216338
292nd,33683753553522886473752436515872266229066035992641321320586090313449629614237
293rd,12862620990889823737577412633178996292004860959184743733543802318264769095350
294th,28777296918080835178430442445271440013883194942594334404964187868601716500180
295th,52524452035710400411177120138956929036305734008799265418640051673559116952676
296th,80164574233300382731603801856070612367068548698522327126714552244220803046369
297th,20123323797610387628123542779430627559634232470507079878433026475956662030015
298th,44009575374901954990500491103210937085947960552024962602663582560064098438729
299th,21725318650336215634295973012920131802335082325738819649939482300366425780429
29th,12905573124360712884912621878172324934525772542413467552397913616423463049264
2nd,1580499168522770160072064093891412075845021093797271026232114667124914122702
300th,61148551116701553848031601391849882414899190106075632708959202435965790791855
301st,90524790111099937531621180785125974746125357935190484909123028189400279741307
302nd,93788168258247636705632262406996147154050820545337075921092986241721403211632
303rd,99552714823376119211998417579090807214837077894256943497433671988562584132339
304th,76621445564418318905497819691436718647239252157410296989147907234473281815143
305th,108438221261411026629492296935098405988379380868897011305329850332339206661128
306th,51531825418788261289853910463422135788793337129655529562964499600237474430406
307th,100070516225261928906149609469296876928528904781339076762936553235486699017339
308th,51111321304034124586122926797533293414120164745166279093213273950949597355340
309th,52758396019326733914906248903917681644726083512426931562886421479552114045215
30th,91151378808744265986155662173124232182084725701923332416026681523807917598031
310th,7485785050444804988345316220154928458753581449410877785468546626127204333866
311th,80439165254750584098788733915796364485461258008591665187344096883485426494261
312th,62044038004659027396192463729201479762511465917281179129509369994930299080338
313th,111669472216955375090144256430464028444037254936490845052765780198393602630036
314th,68661938180721520111682530077620236968819387571666846776535731478323798517397
315th,100870949899713224294691092637208232484431317608548551802080715090747039831843
316th,111659424819800756899445539514620704096016363366271110681969111995983871456808
317th,8679871095346503511272837713594580232506283687606472096479831493661525929070
318th,18895581483123112545054041419386671696927525277701170316557341518962114876770
319th,102866846910477254308497732020149951984358797125172856537861378722198450199323
31st,87512177028137323945502041993754852209841115777280929312727851530217924651491
320th,42830334464954028996003734808169078276106504121514835650895536031516449748519
321st,14981031950826864712344310786280172653610171413718703494056477435572544109210
322nd,59571988960725250402358287831377759136574209760141271219166010395149591340011
323rd,77629063168395442674734904150707825090619084181849902281679124791081785500831
324th,34234252313695009596450373186065639907737415339695757035888112406543562983379
325th,46980793532567079959879423991948216878921749514144432997503932226602074565750
326th,1114302787928496242645094918146517712268863807877830255011838462048914119410
327th,65913056796906968604558241871152304865508168545058288549810945156628914794026
328th,70230449836185313673379280930679923238379327118791033999637619368294739021701
329th,22201079390355563172222702237282119077113251277391980255107010115305502335429
32nd,41916387813983991053045440140494369676700392817571769409130813049215265089707
330th,81231682221962294416594931031446552695006435097869865499705186800126673254420
331st,98768761538446516110019111349969358707305728190823325456476101072230092687240
332nd,91010956933027194497399289383141659257139101289322308270573871847041473138748
333rd,98235168854515429669789116948872450743691163148465481389768291464485333047852
334th,90709340067839453150780307200960112035152115515031803047970545730873981076783
335th,99726464276886923817551514114760298498507392822255017182172605795547734450343
336th,37263681295171004295163351600575541708661384032441188553674249290194207257410
337th,66345170854019687264684398317483738468212426632140902164926604297058308337746
338th,98354384100892707967445933932188371100560527335483634090267610401351395348749
339th,25782755748767385959225903911116090098407797595696353606044151184485794573886
33rd,77449682419669361689547502975363536869715081306491677837164625988763098134734
340th,48313395155535581239831157750874613993304690523245396104250705657987930945026
341st,18467206086280170887329791753974269924813365110533285272869795116585462171404
342nd,12183395479818754717475938230832690591923185426164714202081105846343202426827
343rd,1977943700352622411566244780457426298080706724707984728214306577054446677821
344th,70601547371900279354426431175163993333230442105603863993527429582700396821132
345th,55537120237985370877615964188113384939137326931604037336533008008123177712229
346th,2484368261603978144311944359318100521420785737454056077636206440573933364800
347th,77893151090620894081980856463402315409967799144800135466695531603754304367889
348th,26711210280116668213620294019796889129332645310348208421459238201919706087327
349th,38923510736195710092148209039704930128942272281973260521032819767189303139411
34th,52417139273424269244136139476013001237228396284694143540737779869090754849320
350th,17077460889014672915281740081319181881881925011955440981769536458912560688706
351st,36251932252036509860020282444134292171816054897034159540334487643031363953308
352nd,34673282182325464963362455712141607360816960022005429904271025357464155828973
353rd,67880050337396823950596489845455251236256343959783745117364193232055161781068
354th,47061273019730024284446254088456552455867741392813160402741348404979025289411
355th,14663635131089574029164162195447634685269072051958549537174480434201413694794
356th,64899418995650411615470327916369194956049286261418114846765272232472427624103
357th,53248155662106995031697536546204675411936426667011594973726562907791602856640
358th,17694405793991411286024568292759205061326166793629514377707228666557844801083
359th,40861430048343320441420974495236132517147081487548529918727209794694995873481
35th,68923491978434072790742534255648621287718909250399292067370469593859693676484
360th,26089863326813706169948309174460970578655874435009226594735175359538022979049
361st,114613039813773546521919368588439951731928812035071970347824399845428904758958
362nd,86462191561140806093340236213361010867750682118067059866036118035426410701967
363rd,94698030750686713801624861090324056550248511950894632924098707591672800102266
364th,12033617569836018001456049174353069476000608492279272196523955149938506628488
365th,17706974759827382679079918743672424388218227052376360883299519143406551844550
366th,5398492253359572460504726531389030249917304170350282947205011713481430427596
367th,60489386161707842660548304305908198456999309655334070791220030674128105868096
368th,100436584683099240205860935053654078655692306242862589127202982142716302273280
369th,73586387111975759548737911376880943662241821862901246961862179390514204043406
36th,13465320408541063510635963401259137398332341456308188361603667563724347984589
370th,61361718641455558405762698397614473865983321371840946224429981759790732281583
371st,5380534818206321227431284500460306321409046083843318719166699558980671796822
372nd,43556030278837585923248733067398386533250971731973862899332708496439517485219
373rd,58750363229507111284857963955382884661686473352312808673666187366044195564143
374th,4340507961532425671375020773204458077814992089532682181465553350329765835940
375th,63999664803381008393285516343610500469305142544843652837204337447530810492851
376th,12674859055526830787274163145655089219430558813452312144660061617496460548682
377th,113349117905902194438882530379805773451087827484189263992066807260070953454853
378th,14839128986213048458858981422156924039617780877423162722426544981154952561773
379th,51058335679635479502758816802550914979507905639744782120927266564573129544889
37th,23977260488595590481970100600536873983689159962615282967727742925921699732315
380th,46904343610527300924331409244306526394509278108151974907891374888749944464350
381st,63220389928816436502879749473295337961459977509335085892092983398553562489032
382nd,106718976063058208015847066885491580392573481199928902412315669991142752510279
383rd,5857641629295670291226424061942217145286707146840829033298415440341208004624
384th,13503390364969919099306690640215559675447075784528987756408927359239696384329
385th,33516549592097570895973504240227485646733667926785320324607614642183851156406
386th,45052557075440454557656026384161479844256573398331168410449733915762985100212
387th,1037128825944839375343996140454770960731112051366294162257767766472392729959
388th,107391172929943641085411106613228350842008571408290148612724391583296248953811
389th,87066891355212307083907275554729596512644132908299134912652510639232482524965
38th,95045952664569293090159014983027213707225286133186431754508215912033020764799
390th,64060819017920123675016847259307008691366547731161957331456348828249495164135
391st,102888281697216965033342280190452979111042707036237888562745721592895558083667
392nd,87602572513065321106738571527661198667115094077113089327730898230949608688365
393rd,80343638856204645376886056397475356413660901014567424595474191254000328339901
394th,4008811075460292088182030152377811150381522670276460757566708147799080319034
395th,53987520196425286103766592324513337141861299593192661464181182875580682600490
396th,109552025089890140811084315452365483162506522450438996895819460839212748950697
397th,109055423347230645523568870086556025467226172049329306966421869027639514790180
398th,59576866491565079840920951692775855803717082827519270787408335253888289387733
399th,62939290278439127173563889458518617768610782109312235158893001041857619107301
39th,111056229976294833722053858247555300971231520050711655417852520748834653491337
3rd,3549053401972129287000457792782655898170182577996006504142320016007680484885
400th,10730015715839406007480817881622772371524451217199771394022727311910292582075
401st,16595688947909309426876480368540015929025999302095360296430533049340028029667
402nd,85611214740992158863778044640418229620761557422092176849303783419249085187284
403rd,3972896776595841976793308540033827170363921960104799763732679570778809790943
404th,11023191217242504908300792854448592712011903899698766543024626203175024821059
405th,95645042002798881543040090794458385433178144277955507349361454630008110228060
406th,90425786665702177232286048741958829265896808418257164364181058481180587220684
407th,78500148852817807764033647104363922032483555843735833416138589998120544869668
408th,59760626114480439120600522268499295846841655715670693526709122496343398539570
409th,48766585269216633074928602861207154358875964239064744977469493217459698479873
40th,111997724775634829755614570804616059533844859242929497898107423347713913517011
410th,113277361875465804822060464835969810102083672265629359587781951747070602496274
411th,115400122066346640351233213134595088865091769781218984585348145281739229029481
412th,76120060178345998059855956619277494159278962818301720259181463359969657406113
413th,89932921772544085872582347510283024783796934540199463719625443749821843183478
414th,44596020744596583712974833661009320798433248931244296426977663052235923252642
415th,94347212113735468616448002476037397087850594529372214393401291093261263228459
416th,13670977528265994058121676071305972947304358132286054009429221980200604605849
417th,103018072055947645527564669603309667866225548545065067983760841739893926337821
418th,42010256716620788372744937582290373144284191008204945546221154088931880295385
419th,110621537507148286018156248820480580423795200728827760323338749129417648350697
41st,49644176024147928139800331364202199808599455504120702249649666203483610397605
420th,80184911011802836639906776040459333226511025105708476104333912350263919926319
421st,60342592021390672517741660257953971825878487016887721589724262251843307244653
422nd,10297039192964692312274439906535875589116662102697598098396636675874368445971
423rd,71060430163812427028214552893016424380155391296356793057339075082553693780378
424th,64882886130974721235718646937767991591021425787888210762826417184391388271252
425th,51689515277255631881113650677158663059193987727407178128300973151259353372489
426th,6306783511674552435031586179808434083691146625576460010810226018680774929802
427th,95725432413510671223106572982139953891639345115926312648066019411432842725829
428th,24817183024157777098423270855096316020068048514160520810609606949044120258368
429th,48241368512562023940298240220045583593850679063518575500183682311767666419130
42nd,11624873892465003853797544224282028610504935807955112200926089083846224000798
430th,47244413569547630385836760976829685261235756081712513139761069294755007081037
431st,3787927759815597483279945614374880073185608356960509741576483769840934543947
432nd,4233790398282353833426719706038419130272051118018245734992454340227177485466
433rd,111800506326346391165160316712861318414772973890645887641983873075730390966250
434th,19655079878411543957938504828563595731121584492945736247684670132754308043579
435th,103298874791305581243498144780767124075330110255143954028456182939389670648834
436th,98785658333194373199055029581516777199074490819218471155695701995079696300274
437th,6034812431902527531753204393135009326676704690656459676224651954088161697649
438th,86765075599989686613258034843383481102752493761728759780929898955899383676813
439th,100208194914866454498681989376692832198430719474377141735205482327379842386813
43rd,53440644139158500539079471889310482544100610123479893358337387411837675231520
440th,93548091356680983181140969154470333867627966812103186733765503432881805918633
441st,2477045234681759292335320599113398686507460192392031874792969403908891120721
442nd,58931064171084018810657009126752639981732638189901453188770888581178139804798
443rd,40601168531875318993281042620228903598605212561800616559661614885231385581410
444th,99648777642327266545224396421771666161295747139419226653441646185064132775646
445th,48873516130281107079385972092073259128814757241743426772462465102093580928605
446th,24699393201886755279895592853271154875358103123224395846838586872937571462965
447th,13832444269878330286173492052819054458825163277700888772694123767969342542879
448th,47120868378570451737324100591483109000721464543431418744859763305635414656721
449th,70543707764959859932648742377700947529488224751330611661646549881087283283528
44th,12952502688754750888899492304482858795256612565946494722623115252969448764024
450th,18325039867376081936791394528446825010388815628494767638355640546200877463695
451st,16058510455852240481502943602790436829151105825815205390519555742260808702055
452nd,64501777608315398268981010447561407421130011693378888071208696551931471866995
453rd,60627287061349598185685358980965306835937443758894429772978150459384085391046
454th,87316316183260991714319329027017464726598455904616067765591717267975919381907
455th,89650736344372566216168475315794803611174262851484587002170229409860485003164
456th,85170032567215581322448832282521904284078404270728953940916138092891857938412
457th,54935706688222074819781060694289591422061261048139148490264150263617360586747
458th,36447443789738505782973062491808983651341020190637407654857794194769385579780
459th,90473171562945233317950385213752123174739953611972090055948489401033995751600
45th,78780930164301363474621387223612695492018781502322201115351465465608147009238
460th,99811449792496229162353237889598998683461004404044544709808210350689896370320
461st,13325637252417077385003863927217632972954405568794559609671964722847733417448
462nd,71343890389618087857047309540332569026859429922948306551261503231550182609778
463rd,73653635445660779482762869720060117650517500256025990774345862469900453607551
464th,55663725801958290642023942157282152651584470130148041157417719945923569097766
465th,66252672870657897009530779999700331864715601860794998361479564275906100737500
466th,49438207922341117500315150686653282697628193223023242367039714654284356584925
467th,42805898604393594681406246102342564006914386987020193416041755842097828111431
468th,20655667611703497328494478684410346990240517317765011977663172030417638267456
469th,99240828915207690034120296914587290217272308246874481386245017171777044109169
46th,103620522219648483150943817887930968875865777829092504220892996687463177041435
470th,84457514590825316485384873046820588921110116627891404474714740557184171268503
471st,59548386854511872839263750911015608851941053900226677635072885155375380212918
472nd,100898066766440715025144233346728392718990460600749547121697068060775579641542
473rd,13327683001432674428635988084128093714389960647400942906985410359286134076816
474th,41859397038409440955366907165145481857493860500554583582627540016524160366512
475th,7091265577736184427520224277993322341866954019030668451131466395285560540259
476th,10844448618842833528732678528339134855981783309840422130064648655408932235669
477th,37789014184494595434035645503882890336909071124165911841391325935955257203361
478th,82358669248069060847660954574230690416691840961874278938911894565890851693483
479th,79830932347443760637408718803890720171017723121392713253606828328104631146401
47th,110101314679056599022778120873926333324526640621924568765717380149190755546969
480th,30306333800006953147367840789120784623493030984968485817733384424867104967561
481st,6078148190591248468038294943289960975176978499016362984338255119340405868185
482nd,79943713072639039200889151124315023549110684609701009731424179787274478990012
483rd,71401951495905900296528114789667633126795743172451769265649799336769510778755
484th,40146327423943360916080881514917595248799286977424092754471305144904892008158
485th,111285798326011146462551153344270152873509974215771893682031657797615606304008
486th,107019674167560341648757626407907294644297031821918780786541650513170629582815
487th,95152018588899761898523609197427325988741896193653464274194980813695713406206
488th,79661234226627910553433663332571940457996764336306286401732978569456179197830
489th,13028596819780031261802415075827231955621348935080705307478457240179459723515
48th,79375079273715711122773050506801388994411431800768926703109716929294767656581
490th,3908659080276348135228557383528259668038042906198606127811209273211595912799
491st,105560664053983372475241992615248586116841620797392695744826596331611041773759
492nd,93650447709154459268967764351391528271945650208878174503624864443342207730155
493rd,20441145657512449998275528355960010895379215714571339037162186615760577312700
494th,75996243011165195667526295821415512971233268502699606893417126754774988258481
495th,94509541130300218750187146154161280389943334544484624145542819744922707605280
496th,55210390962614404605424292531275582752074179210085576725242246023588518285932
497th,114196480387373847168651520565602673686058954054773598020200350940507641739129
498th,54297283213203127158307153188605396658251489841118182380501721313013096401716
499th,15298078492997038946355418768835882932651179738609700814605665229349174244383
49th,4309321345397713648040742859207517386998760436943956324755558458765851150826
4th,111633678862502990669911232691493431932465965732173286016268036333606981045838
500th,99247490412040191944610171976936537552255153538142030643790298043853640593937
501st,39088101186472006112476459509419580990810043639459047433323223453865159502619
502nd,48302878182810399983841147503405549347354188966612395598067707934632755066532
503rd,77545757114453390618913797955755122457769719046789435755733780880131780390520
504th,91768564155673070428319120220537658994455011941972901090990072113403840418650
505th,7983659022100652537138843433021145393331993056388929017809059426346962174144
506th,40471275158982376748045975447059240701987427666821924849528807155540814590977
507th,102534636994473829544402633760487385345796979646118518480144680465868966921720
508th,50572703119355211508898981673536473265098684103137005153689582883431134069131
509th,87547939328682225351278710674054199735689682279522796757767060388761459010128
50th,48867883306094244165065768816675525057822130538843056282993034914555797429826
510th,2854385092396663500732673796867286604220104215490567203117134241723753239655
511th,78789156371312596918668461744578010174683297529273653042321775545860067296668
512th,24379482813621283915019156006535667088347030681322985446595933463481201823291
513th,63847301510141080111258244689627602737650704751605210424957410509567512656247
514th,81177550737532077653829197705810394735401233566091478265595547835690619759934
515th,83129545367560996282589242977234093654305676814469843467670984412692124547284
516th,68451502375547242686396550396179588699103016016788363077805036471205431378275
517th,64770155442269003927378286282686901631975415923547029480435039919488015495620
518th,36959937221831521233446856778072403884715538999557697693695019725505132863019
519th,81420792896218073967171661149387188173215113000398507185646347608933610431669
51st,78037285301288126061736412817467804729065941624615381056853971880583442263679
520th,53528315401793301808584023957361103907974037857383840935985766023892644609933
521st,59235523255808183286675396747801520240562608798393375726262350812991397889607
522nd,33887514685421163520531072109679522572052281618773896507650795178657204906065
523rd,2126365092190088671524694372390146061249033369678044424608736443698565195724
524th,80741348878516194374907149430639082299792829283457997650272529800652798076749
525th,86556705956742727043087250021081693304682531655982475386219676182067122740379
526th,51665556600197812744528055918864980551563237347356133362504067284409386290428
527th,12920684581623969190789106722270441097770089529297247043355355950853509026726
528th,29122892766269089398004000745637047459457843303698314401340878787243165665882
529th,33054888955865030621533576596589536324741838525339101460296162574263702311741
52nd,30707689622695652203128310173175247971287021820132977783080737245492006792404
530th,104590541485241184593416909684792006493939850912313426504266772208607288873470
531st,1040321636171380609676629511315087491244700141068145487789039435085246518774
532nd,17095670446037016314377346750708787465725426612575957649082821286388052840135
533rd,12138407079096251242246720726528352879939290155587043826075772149726964762781
534th,68070006209946950139419279874935115764179417877079166773642988177873352958851
535th,39560617168797588913497812086045311171538434843073576006951980007758402913916
536th,52752931060845569749452821778058688181457926879669603224250078643302181246316
537th,81837457442218672698357359986950190907917393725326560017691336553770474810091
538th,76794927150897107447316126857417083988939147830623822856034619741248666081796
539th,26847380734816840936067824558383685937188360115291479025709600732024629556835
53rd,109265055894096226317749717027156424315712064735937835552979699861857433513451
540th,24876276806952512455509887135447948668955568091377011409411193832991833155824
541st,84670048901152999606420950611735270668295486643285983130896573899536481296846
542nd,55041728367991666454258486658370423940070836532780991251266433627343659378944
543rd,114468063986052381993995877479308509036170432762819038552803338566327735562632
544th,79219505199292808420290359315601006497597571145929266830257814292690556093869
545th,38569241477424621730206847035867561393075659953384338015914879675540013017562
546th,49751375677137949857571838734542157316362631019074115074545629022346545786814
547th,10803173804645893762930042738416440710471094223405626705158721919265250639597
548th,62223462525128272974648002133945328857945972520002131009660276062849040241839
549th,91596297944489267455339343293055713952982016106333044613933794036142834179862
54th,34796122129595669920179786112432475186688340651401161331738840082293413354553
550th,15550159660231202163479194801463135609882517460765399155554252120485264869459
551st,111468054521425435684064256704391116652094625368998364148292746029691806038291
552nd,5882698748385514562789936153289995495061521546704074409279602997231795098580
553rd,36290075396240108482959858286350036564681908497150232450101142142014974154562
554th,2702932984878730302091706567071736965152943527876886585707290879846600923902
555th,70807463509735446726106089412019307046192655224585457658293467062781755118136
556th,32585992079472714586246620702789268895208267587297915409571127542907510016718
557th,80173069042603309392807841135846546654774093162267248777990009083188298470575
558th,110101267395085202635536725711434789279599284513061116671109475158950859857998
559th,114876732573577604909443878604121474095680385930745444618562322740225313675076
55th,72462938103494677780913458040202676833584186994648542323094966367818955789292
560th,95675295966749154798654446055769762343947385447144602964746062887681492983053
561st,26383181464898536080556083726607147322389998924774042492038225769335481421041
562nd,40487544797028611198256189906291572543106137288529072083703196529906618284299
563rd,51439876929519494224224347945467442428923651059723323159448423730445744158783
564th,6448103786437889761497791687463812463760245821701927599277754781843391360052
565th,64024310994680592380986840093588882753471443138801602414651988302754181998225
566th,87177361866573170906032254280406133110856224463691800760397467054745697239235
567th,76127676240884688751526503377217563609383788286943564107940545740640931134365
568th,91444186160876903537305402189308758403000533823907710440112110992738267295288
569th,95242364370726109179562287599984429217402261783794689624041708892740500002420
56th,112290260718578422253162006803546225617634972892648797256521906443332969990187
570th,99891378156133052860392590930595331889052150520382091943448396729555387047945
571st,17693146521302242392540207408311802869761672040375491231080704301030033107053
572nd,97832093193609455707903054582827355458381716159123575259916149880098016586528
573rd,106807146487372578123303166927085799151784078933710218760289360130841932664647
574th,75759325851650213757884595235383606479635309539263007272289184548355681705906
575th,95852368879062159779600843119599966337177716240904432317107147068404497204159
576th,33226263730392895789341340129593122670252134695160743025757886214111172316818
577th,103566042309858896141262781359475933003348649576635580027635851849338546812025
578th,6566358561103552597078149101546289114683380804667064641793529934725868703394
579th,62105804503643332306334863861263462538612324201261042579125845699376612422695
57th,27500178929379951415028469250544942979569909849284641517355104675625527261673
580th,30819321400566052196724909432502804905890720180573946297234645571346397107579
581st,52161630920666115337399337280677140459173855532612810473325775340120826252503
582nd,2705881982927341839477641590996220610007257819262471070818347634574318916891
583rd,73961739262756123216183062021433779077511910702005349813840485443614669314409
584th,98182778739678465294957639007886267933383990571460368691049449811158503148417
585th,39139932173200211860641024551528395402509832080248856889058192928358051970747
586th,58883481773085204161745067866975593937928105231462218983433985558707433186058
587th,5170372594141406365061262461754124029736477621366958249215627714795349837980
588th,50655846052712656702280205304012973978566851083548275629236089647622683337514
589th,46849330331868751996023444110230408856449786476670448956664331880205419257965
58th,4440814709734594106496937244466685835355600721248173108273656463504580876370
590th,113776470290145730827886267536301254645091093251779772693714649208039626188015
591st,26439631024533916885094722020407158556942788423971205945975119757713364815890
592nd,62824210935138160268572321452673981178838140881701032839364384766768168723869
593rd,7773419181961366112365617544823611341303191843439411161970222496416175203878
594th,11239962324443412973671551815471677804852124428255274866806300239347356667221
595th,74721556213137589639834417944932666366608090596899321426800408971071658946724
596th,66752190607748478229840555575408376073523108256539807094293280789699260968646
597th,95376602232186707287297386952872325672202177349083170955324379468492998160858
598th,7816824093212003006233778986974497417701105776811261116530284602008405670532
599th,70513457472480702278373896241235560373821287684901273718654570985796318883853
59th,57960844565013148058813323569212586029977915527364502725674962735134337643627
5th,66894784278861449244297695179269360266009410318522802336750852813649003674144
600th,21032398917774772635663551404958136775639560089495680786865235969125469461939
601st,12057132167394304466146383230947920256860409955352994252666531610598184945554
602nd,48819688424022096257793648757396629425261050545441578956475691011352025978914
603rd,54474463516735477170926221526826629003401966513179585818038104888960859992114
604th,19179215643008969004869121549709682512853897814625284540902980976741948727515
605th,84749449443522599738101706807465112186346754581011920530045110699009033419720
606th,22875040776551206821434435739670609194176402718376325157767862744529800826572
607th,7452319739436572879760222475286439281859967622524527053128050332450466685674
608th,11186272536984604507547499412659444177614418983068590436157383943041002663116
609th,51527936532436867499527335029729164972685016771325673519858243121338589584170
60th,20306180900092943546976604226608614706439816698406620396628748390802740318310
610th,111517032107387771539044582164749709170877212028589307966909144613961728487871
611th,3694913697681093323816869067816758364499334256274805858731140338126032996664
612th,23768406306826526396600155660528073032124183390678192831708519995544363202184
613th,102129351643446663614763156359908125088175619482070001145028295590946033152101
614th,10002728134322294398410173691493527585153070975194318165780178402879094242882
615th,73720834794741241911700923736773589303686438050807470264146728752146958131057
616th,72009486139376602016412060976484547660882159677109345697062707768060525120040
617th,70673555011883132068733713588206960455664451180516543445063922627443427769697
618th,25897390829438427267107291456042705630240943070652679795871106150004298634125
619th,382550124646893571045877173258262338038309083484462130000907393791715950249
61st,14279776974413841063996304929369396723724643176956375649548409552736662891053
620th,100467185659162285192429411103968458098602755720039335879099044518407858855675
621st,97574554325190780281707430508648127168670481410030835914314367266044310062488
622nd,3189481613646818815199249087813308723142874956028962682931728100342164119410
623rd,6698925063304397685424471363679737210509873612981844940283966436606439457659
624th,95745921015818127481373099866853834380593011878410468773826699158700680205320
625th,11268962755495794016795879909250108091530101952412468741113998243975540116536
626th,31380350948298942819581629590318871339129906876016714612850518946965766365647
627th,70439061530726742047016174081403260664409788363573726896092796551876932504285
628th,49745672710047281140377263471303729967999124943669345249637230033614901575988
629th,39937241080579675067685975554694283072914445743335223479886797862438461693372
62nd,107139729548680127473309526524469364169074194884346992238547162429731783731874
630th,47174858874044997611219293978969729321332437655947748311530044815852959335361
631st,100721783954367872597164698830833398749264101533079925274223273106232517774579
632nd,104995860450249970820836663847801309637835170658284261716151515946742803450475
633rd,16989023139165414192118335470279710359018623766504328950570806203393392093094
634th,60627882850605615909443481417258715343502066925206154601474536041023483350302
635th,37282108471924634499553361992773686289079080870614817726447714720530657883599
636th,56172476492715058574377130001908174299548511940581999587814480295545680214479
637th,29195529609122102496175040119041584865711415878879318514486740886412018257180
638th,69271184376582431733916298273049833045422538090822617121845752962317672637647
639th,94130986760448879847460806607409800315162818301900400850214657086695471664647
63rd,65124766807843995120389241333137127503011559263023456073541562063502644758270
640th,18525695358876458756507694923375954294025179500201097749141699605645761500123
641st,85645287482529625173325818980921748835276836846054159932529671241091089136908
642nd,74930514234452615634413462388958940551334961747390119551016399519241679558854
643rd,31957118373283343770645306043506983173098378356855257941047022285213944839312
644th,12495423648098400194975083264153502165481193570585993477405067039358399478864
645th,94281080385813421639383539722069236197656826327875160817665640763482619497270
646th,111066372133338616426209553444241915998686989383960046561772212442576406003677
647th,97274977156373188734579357869724059037286476212996688280469506419755304687601
648th,63757316396100807056405479446581734724837679165593468751668961003019227362089
649th,96823588857431179961575915649924297383684238550519669479994818060707766413163
64th,32108520712749689741024651813829961706008835961512686768618989023132234164753
650th,85783396709871522068673813717298199845836534011329043360470946569478409626497
651st,6590591283147649836849954549136820510793150226354494896134950140673087083933
652nd,21423480891572634588586538581988695605218284568973650518375440799826730214278
653rd,85173817597961024704341956652251839798920486940620683770530383398388548641426
654th,42538945327945087352584257247969460748425278608674963316197796630970893824296
655th,71630030309870009099503598936468889571221049610036042621913835861052204474074
656th,103295130084947842719724155131467508277727097360962984689450387567288904573837
657th,49367225735079759476661357902179225446228300673921291650640999210498050339556
658th,112257182393442689001350850605287348518158813181249076977991003905787870070328
659th,38184553286795240130550293275826493232427472495940156045345659310391229696523
65th,17184893510972413294896239808775052168212256558778279517000911248418030277919
660th,57014792196462804533823694962041627054323535622504927672560664550230918728226
661st,73111999712930595285919764555469533673735234241776040579824331085504260550088
662nd,6925303985153403754848858041521295466023059285538398172123972135051158059571
663rd,58749805952091540277578246510850242266800439322385777751425997373287315142550
664th,60255962050027558940016378550737767042194018694421833886160894940447421525211
665th,93918279787886399769904771919442474155376156002215412793778538670875649366963
666th,86421917303174077560410250135627721448018319654265156013724401813678568433602
667th,1615564314026033996561123002852583927401523626494489227880302094745659626857
668th,107656947814790574031964871208208475107944734128191252286046980032726903805273
669th,51614637369157258156419472220200207754620383748435989352253958076498642192676
66th,63543536550766742793498002248419932533803386319685659449879928131583475861173
670th,62083986635795219287659161269197028120403322734897980784977709103272796612007
671st,91837987657389711985581500115850234073184249068972123712875850738826990447621
672nd,114431746301703641237133320163447922137524224262531545147677221744994334192298
673rd,94565789652395920298680325811019055179161463281352785044779680306414010031623
674th,11524338573079199629108791745997779255071168529106898725254567851145249339064
675th,41264757975462155726962443862410790616346776649837665562084179917771036093944
676th,26161531149446603363234835652714362175643058623577888665830675126373393140131
677th,18127393921139392274588902383848895535047699593080876592995706398131794657996
678th,108969673205745955711945252659886957876372716032312572077095710197724163428917
679th,94128317667097208290200400046583016065948501820190306033795863210811819072063
67th,44112939877842495476230191392523898416883192474913030443625651119520018590976
680th,68571327723978954395746714732217749224111542097137507290643905694056549300674
681st,74705159654293109871104402401833042534651496243683757786240931911705529227836
682nd,25100883344012923282943904785375421723685401707377461023014303681123478792922
683rd,61863767304206185006544341148479976585129581755366331790269665938125173106571
684th,40102859503189106073134456721905458904424339137528960072127528078818195430816
685th,51749065407629215691305361902732758653832896591358009285665873861249171816683
686th,50468952763293996958995635872967369800087011017820026264577699182252870012760
687th,6754360141912672504256642104057430025556939134232126369354046464306424331254
688th,106362255740174064274176954064307694442707173593321656314133797110643901192945
689th,40497261670660165929406148999935951485046237236467876161891664012421179908145
68th,87167588968229811044794130906687336818489001538898263936699240979127448063137
690th,114112065239859598639785963941166868631717474751303945918097091057741371414452
691st,48022892289195875581117295002787494914687934574199462987614311367923532066400
692nd,23941085317059034816469676075056483306628777237679435187227302320802076603272
693rd,35287629370530325957326643213284981160030387089843096925978216021459461106304
694th,106086446437832725061620829944752009548242481215488137245805952317397764560240
695th,64098142755331849287199942323361198229308616448823136051153656718748410973696
696th,80576874113562581855614302681962118294553962729315786728127431386296709071817
697th,66277595422730379021779320341428623658479472846266678651810670839867858519058
698th,110997483593941505293519022538936320743797486737346596043292483080108868987596
699th,84992774367119367307391067479152797587050439425769332122205786343752788206160
69th,7067779896609906008911160790432482050343140186724523540779395913988426767313
6th,51005469745625474911679254775026828229043182773443770348998151098265416398287
700th,90063604765833857913802529624329960502583900503301467850669532843184410342667
701st,24923749628894988143544728150735529575753150485760863413424035505024171093979
702nd,96355895201019520441076044957389301190539885981100456440166810456917514082826
703rd,67861272617612922459399244252835601110268451473600994550240714777112122187663
704th,68892668241768486797234340923267514660785888510022836278728822815787611622575
705th,104813054145242947523857959012390224107676483331479859840692605696608292957486
706th,99049754461458835303805052039431346212894698317598297373396897796102062073925
707th,31390893720617302435880677723857114870503738387389072641532478964493758450204
708th,88022212254338510521913565237339328539293776874835934876126528323827779047903
709th,110333265653535794930336960140421770176833302759330221872025383140553843748895
70th,49137202856916833204268762253100265164838916105507642243925524463960151719106
710th,99185500416910088322884166581666151864466610113533247086733343859247107450033
711th,28919356203355422660515235788881830706285334253263064211107083152356557797442
712th,65326559769721455874323002617060729839609572033149289165631037098283162603020
713th,41116009178515528713809143824097261710293930864217617365991915990201317981739
714th,13848920536753666622742602278485533453689549419803439119995764575693506196662
715th,69257635124079551324802005834461483210893671807353665115433410226418047744813
716th,62882235422792234767966585519087111628016920856727663611047861633098084615014
717th,79962064381405930920357084762270267602300616999811480104986549500986401616829
718th,45602169498040892913050760399161579370120050770565909467876722543815400142978
719th,57764622050276152654154229749586052150780154724549035141816835119369736804303
71st,28555240237440740997607447382350898714120548357477720582536577409635655442403
720th,110056670760130532122896769432824894616777280558775653547849137970136449261305
721st,115706672491992500002557891263320949175076528120750755597463282152319845725175
722nd,102062570821121357626822074595374688605623772315887500536599597034440724327694
723rd,53877983578938293221072118283007578953709458525598593723872041122381407982665
724th,111479077585678091550070644767949468367689660758902074045076826419811191097430
725th,64411697762957612839773613397857571865257700859265087914563757318007249366906
726th,35047533510734744177362305151161970479868465952649095203047116846608887378537
727th,5356223515948004461517051975109236975491897787086137711894836784456133871679
728th,102264196784630296786245180654516451744919342436317730865881356821189611827797
729th,74444315555609533705581783144105275681737541063713824949164978083602020101227
72nd,110233693985032801078990072278416429134077932879647669931298851787621404689843
730th,88558167251489502155720136008505754665848424687264113703980128270006793440199
731st,22131631459204185656036764924117392030309560244250843526713865124239058792485
732nd,4281929153976453629122459359832344096597341006860745778342220024981350714392
733rd,38570780165970650565724386815281103721668643656351510716926541243502265517346
734th,2323951712520174453095248633356358909318616154111501495859551320115105437155
735th,102464841030530972465060872143291459670186049329317915879279684936391027027325
736th,36396054371293731951041308234086695776629049186110981850540066100774981163218
737th,68520046584350374408190437885561583625947581779307846753215041344288320335827
738th,106081306590380795952793286910102023293119936368301251850719845397769934313308
739th,42019308801668740651578895474128291520637680356124673817888434067367865425929
73rd,70161097089763475824385768213388146860617517502260534645259291425388382400614
740th,108915458632366123778023655854341410396606831054516700345591157528652468834532
741st,40352516607673285996678523423640650758567376433112126021664127821971843490191
742nd,6378315303104282258310131930115515329632900266180622715008562016855087828664
743rd,26818589388501550823172131671858192160935761781572620267408198015175239459790
744th,85739115258291697538086726035429373311635738431816758350061393858704247583413
745th,51074864748496310653214760925894879298655382480290898650578866244275395712820
746th,42804477993806568228161460323633694132135336308694711500175217617397111024038
747th,50295184818942878682967166466631084201895519641270696721622777678673892759211
748th,92491257274269757500728190280765286484817307853453826871711718085724258246397
749th,76876071294805408522457100582036344116215760502454398265849327206795773840159
74th,23718137133939762110450934786590952455861749335458041390766954235797473222484
750th,104010432104339677879424751976233635473889988255443885411291496569248113570303
751st,47573009412363252062287618656707472334743706591326350848697001629400584502530
752nd,43397241786547148123551042302056315848541244704021151486720806166175788303155
753rd,78510649432206065350366583576306244631572415054612114838047697816499683309337
754th,23488979131093737525063339045741871740835043992855784304323308346462029082118
755th,91523263107846746362801237712591744931103136068235811462896154292313388736429
756th,107941850152915614948523521537580755919759574109977668610907731648062383802360
757th,77965408269251325219398353728096644280537114669849189944890466535794204463569
758th,21552383475463470984694109689365994923213894477148623523715056512968940520792
759th,3386270198506229067000731056201919011257306786375822891559145929253657763618
75th,92602514250585521967401018769782653303567619302626906287332932816999084240475
760th,25360212430590952376156534258443276735521573713257408599339395028070251488450
761st,101838128710540762449864080474182345597775236421537807309908588722028301075617
762nd,11336699860616178607903367778610428213333773993675238481445048031101039357922
763rd,84593744898174298356979472360988456003802440970118174598599090292659691056307
764th,34361930116880246431100441289257528524414218289015436808137716094278400277815
765th,39002182240560153633549555851131777731905170911514626417523009294528473169319
766th,45790423548356539455900815584843573285153504692493080383510000410384497363477
767th,80049234035199115902994360029759308934026188552206319029055684572381736222987
768th,74772244296031288835175421372438563073705163104274991751177167439916383569798
769th,102001042249166589341979779029333873127771818314790107966933784041263605535988
76th,7463689210712423982954730031768555117514438484762840176614416338769176232691
770th,713230066478553866723263184406236358002486036938189853910928362224216514678
771st,59096801400725023393368486790087283347405494730116441177131263037981149835736
772nd,27232707948473244952565636154195367511532339569549612776814926575426800107021
773rd,113622938199444057616402000081188670498410182563005027513211989867819281118160
774th,20981261837530045805592326241185419003071841862895164312248635986405052880286
775th,107454183638047861457188033675364352079573828498883203140243913241903080380088
776th,91034122952651029126131886149231214964279551175145039737926652533253253069928
777th,94702417718376039617725876561636096263202957317018624952109174201642200390707
778th,1217418064298671302114406186416081450640275343199106867455054395914145788650
779th,41957448998191322962787357757890338807475999757935059593731285272900293089889
77th,100406503341878293621094748134845181618828039239497434095582307969650040068281
780th,87992825665877042936799221168887851619652615384506266275107912997033682280800
781st,45194519884721693124961661808451158924020558084031469324753670418570344514941
782nd,47195073849055286334675711065890381472214420017949434932669161844856768025194
783rd,101477201991380877895938811344261651656696224643595613513157068759777769381550
784th,20598296080701311293247253276204716348022877958420466283762548612733650673233
785th,69879587144537867431653902434905580377018512816576995124160390127648843442520
786th,90691317177285094772020231321876637744944127707564004930194690211392059247604
787th,71991905919760706831348683331998383190239153271567964155888390612663864091434
788th,44330823290010778642614074307927707506370908253613779466638181975502062477669
789th,22339000590596074159151369008514961754889229196491350847923055423430249772025
78th,66829051451109712028564780507795524304791633744181131798525362152738582934350
790th,82862306826791071697309352070855754096883851829629480035918355189138350928995
791st,43552246234629809946309429981093704066091692180012652041745163515361923821082
792nd,99181501197098548105427463908342360316208570158268250998872998516643827115358
793rd,92626656387896295103177742382302704275185515370483135976275972987829572794278
794th,96817005878521958777211410503912528095342167999399407529914054587499688710534
795th,97603866490783997731270367117571907571826655585282233289636943177925953088621
796th,90682109094845426930570028578003207273275473300558569468163833049543979525882
797th,96917331024201493378319500986013148432987952997247740568394115566229506824482
798th,94101094393297095027469142777798005129875792055465140088314948367280201218821
799th,11724099656979542499788713435607155561177097023402205473931421114291913184985
79th,25631077491169563761351777289054339667424111987376610140934478878125195404585
7th,63919230047200557014679951138399532687499051110623796880120009206763098661205
800th,71957432573951679275141506483480264809881808999800070450223253085535006950685
801st,50418928251250216996782684391359751908923303301150028167399079572488737809175
802nd,58700531484979117088681098716043873344116294925791103631215971561019036008844
803rd,75952497928761925428794132776355517006218278675769289838944602097562533945332
804th,56864604784401048714761602260403099714728425769267842284716612945270747377178
805th,49732848243667886035910067438849243855483765258280139585533588797985582395114
806th,91218897863836202675591089260687653945703321503390238867170031775377954454225
807th,24248210337903113874698040636231834120660046449821169166734327971118872034081
808th,75984559081173668108967484901289093243238909533688611113026173900041340445718
809th,26376953001553210658049742824656745614868559140238858425469607843175988187915
80th,109083456636238163369203353395828262692397610609915175502386062022619845328017
810th,60976278820674583208987798892701307811114951134908868133059541178984253238198
811th,101651649355551377659095020001745613859518343526395336148714767686081849669990
812th,74661569698416271767926040641896386127253215853466895572640828682873539938358
813th,46667290893746857185080671124836895162347679816284579962754522949938834824347
814th,1662468608392125011355177731628536486551564322055045163559203377780509289723
815th,41526069461526930679780728239403423503633874406471011328156383550303927484311
816th,29623935041304736698373955899001248007372828785315370271921145111892801315429
817th,87921992585541659952766515309404410150331546400114489606640765557502057031520
818th,89856795995088820443366074206748440422562481728228815008967293670968918366781
819th,42018286348084195656357149401051860279470817447398376148161145402824566613673
81st,13937009248162152206904139125644287435121688460809058541140375972306823740694
820th,88093307655642107928738635340554246699642773777859391580181693347368100870334
821st,55255732732409777189609051429349633831813967234482897328217877689796815575934
822nd,113453226787311668366268734220756342533302447152845862115012836399381225889161
823rd,86453692148583624282379912825694941378399292217809766045225159754678044183700
824th,40928737395403509048093189922252369749746328423908099747311317999375624545325
825th,20650245637555452003267382402375095524538769088023891647104342031068100499293
826th,99581848091983039625774294273613543109826188126738579553553651295777267431406
827th,92168242774614346480101456355335551756277981103313669694560901070933961199185
828th,47656811298372051404703990215732267808971430333502963704481486503792887000223
829th,42597058475647789144688062124852469303359249639766662896509816308083288105655
82nd,52457316231037907763958796832668244294014278704802484398529378645553229195984
830th,33520974465215905121891570920813649190131217258600714628924213260912064212022
831st,29083039396209506492092211797746629099434907714298721006430002101654133112240
832nd,76626558646084677389479140766422501455230308105078568520100079302585471206694
833rd,7918067967333054598913355914157432054845509963674178283515604198127771432895
834th,427664717170355467155726484277623854545636460867926699680838146488475562969
835th,80504776956697288005330881060676110481759557483711412891716410290088441010384
836th,77470206932118286542442637317580535137608341555866339200080157593099078241114
837th,75791443188276153770757817579562116632642665268127459207055887391764239842626
838th,43865386331141463689752103001746887240935812488318369508250738262922956103864
839th,69880923859341813101857488800025232232389517335844085175195681086164760607194
83rd,11550628910633865930409875828658161625996887933140411014243040623457943157047
840th,17528550432792341372146249430760905026501494624084677373340202769764492813877
841st,61911460404645423511602027788698859186434818566785984992141799080005488071415
842nd,7705161208988966392821683559214665205652282165377763812310636866122075067850
843rd,90601697159206936982065573729377449422914214163448450605382421595537454374221
844th,19923593705544564734775412922854508498212567705815724980615860621649498706873
845th,104854826972262782617087238607942420227388212576489082831499753645040559831603
846th,76173766785793179397128485291340776042437864911615429082533478525687644167449
847th,95542982451214036888096693502471617953161303530588414195681874680020293577927
848th,99562947375942241168094828827858237209760469783832246597697596571859143971672
849th,114088231727738184643044222454136672819995906904943933942055967660852854449356
84th,47383844982435269375728789470084587413112375535464731959021264412306760493571
850th,31215932314709216496174317058396655458571101363044030228410304094213513581351
851st,20560557340141584672608663014961915170780709510774377912756981804701337508432
852nd,113877491888557813073169084030834712618545493384081964737666764183484578626555
853rd,4281065241202398409644049191862012485317090400334959728242752750886053865572
854th,47643302292675750351743924932466912278403679949930331722845622106761615362282
855th,21991369350840195854624728252105025947968706967062523065136740748075530335259
856th,102965144469040015432069738035933934003344920698663982854656950723009762088276
857th,103476540640989469911063495972030966921287426000495033626456345014110507496893
858th,32868809296969814955909838557331571184659832434569595719834476180389413866930
859th,101694089343231291523027737973669029365149250492088979798834616543365303157554
85th,44624441597282704431821322768876776726418191105281119882714856905106491414214
860th,97433377179131387638985767828331285778104306875018692474945518850708449049934
861st,4953339366302404234392222424455780931138200202689821424091797735609971642274
862nd,86609938532604417376339769245813872762198925810886500501729722413457152918566
863rd,161083354092614378097358567156594619983584290164511061306747554883173455910
864th,78228592366892417232422257612317956764224207296510922280366766744702941325889
865th,110600527136989647719944988369215351356824799871725773883421383045490112228090
866th,25850352555026973684160200357976913899677192524014890255965523453700075002592
867th,86408576232428421757440274838979099905102899306950338228234879604836203977151
868th,12643657029381861015158854622052258530239904527988821701362785051932644046921
869th,39360603836353996689534376370864485641605840352768941596465504220915815840905
86th,11998237153286247414422114568079795769790046911959491943729485326303023290848
870th,94371576837267268679745018943611631226512200024551579940204295780804002461614
871st,55034942626096249304359774618862189830888426822230722450184009362079215036632
872nd,84071734255757594703638365668083247853540398378254023287694078324920383452072
873rd,12729521190438445370822140933217572907607877511030858543480362686165218612492
874th,104342749419060881221742949729170050785187449464717330167778842649495321331197
875th,41070038297820042174459204362161426048727015705603703291647519311970893509173
876th,42210620645844076923889066012986455147007092139370323480517986240273969650876
877th,84068375685727697808714679858471303147078170017054104193689895749156266872123
878th,106272538516367312206620070131012101702224226602219069943349309703931959418366
879th,80972565543018004141009882621812728094158168206811694558593704089154917039947
87th,50265512690338880127582995634286489687177871737257670038321374917168714598795
880th,14357365590054892929734304900093022222154992383381431281701967564286601615892
881st,112460277117554064589320563522963021306867173539747466079372530249105223459881
882nd,100067167146012008818716278641985140055591696071121682907788390328810749719577
883rd,42974086452140118743816303444169755452656161092831367160227434792020878387144
884th,6636474354753187894744220809280255018478922269576870031488544921194280022275
885th,105878420447009543001099722260508082954100075991937409798809197145225460494834
886th,56721112338294615345657413304640005890706835371899313322035602606838500365194
887th,104146991374625070930529146415234502452373730857140978552905495348832433206267
888th,86167028579995280949482681673461446222162921686233373144436423266921691261981
889th,10609146354028537010974735487898843394945708264670250208825396354883341286082
88th,25386449270471072639724892430617517930152129017074421604328457705239840612684
890th,5075728229720823901983175762042486567751842703509205340160953092588752779403
891st,40894916556274231800390034708508485463575131414930889281827084636025618418246
892nd,56595292628970837061827155623204520777225721472680646013220891945871557520385
893rd,41257027694980863138026998324362391746367273768585348052335311993723630618989
894th,70538988242839156611459698736786821678805308177918238535135695826570723874801
895th,43466021714434309333938544443163904813447701511422302451310881588894032734093
896th,60929628088468506983900931309376586715910217551618793676110340270796985431948
897th,18749522335219291048700437748194635975243924118611314971002866259351143529613
898th,34967317153045378456929500953881959990412516891508743883689650177198123658250
899th,108533929892148839578186215666450784875426719853924727186498131189435987038504
89th,9859487654432546167760984487744725382948771397828203869312776014490037873173
8th,7843835036337153263949328580659736104035508358559212069540900910042255811692
900th,27741463256411826197653799761222005695532082506717846411048213905011453430285
901st,14130057499581996248898155764576024835269134391966962773186637724044005866748
902nd,62444896695504086574378411252764513023829504391578703410471113049088896251862
903rd,7769658085928644129417738647166787814982748277264234173803183193498078545186
904th,59672615459933722314525858439593008859223543648070143374755385388504073099855
905th,109776938604105104419544153931110460299810631765524037619065837012548769553943
906th,59705230270503638402445432885753790809655798540428696538569943140083423137728
907th,70609000169909782076006089500952455579352401050657375483587237897289337915618
908th,82525920429447308121281419765944217762065573926220340364231757609979862503560
909th,27412104265403446997344205265330176337250889768865439765966381885175395963823
90th,45119196737820374179161739864997404846496817262451132914908716689442290873403
910th,75973731194827126006472650872811729886217076085921047275572122031993577535512
911th,69014244911082179921767158371704772342004991227246122187803011472759977354746
912th,4561923716336351690138191319531720826491829135835789387918214156758274542740
913th,85572301808666982313132085572143242403753743441918153877257788958323120781394
914th,67784278929389128148066090533652940285928259060458797957561962661674904750546
915th,78020734802929437700259134743242228169995978487529113918836937878086277087849
916th,14977057757508517683269888736694158854957089822911585782342850645899715263441
917th,48339587676426400850521793741127192654815988018306865940115328576162834226168
918th,83872731897629599265579032432489676396945078071981315006054186797800456334915
919th,38625924655600137632186448987019392277587462013054853957861113066616529198526
91st,67746423106871475684890400525754260921762604915513769306334359642789194014861
920th,22268326541195671983200854562172988575229746757006915984478678203198368971182
921st,111043380196216691674245024295950107646679990937322390493509058707583138198719
922nd,30993715908861781207884898404576996102323873783365643318251713271899601470805
923rd,38812162971104384653269523059069552156372416628569723793946815378528953578845
924th,84946345652819065492787309206754936595389068621367170507413501037824512880888
925th,41264590787157634790529715751934208351719406726876652419385234263923451627512
926th,69909129389417555067628417120274912819186454442204491032411958849077037467682
927th,84846152808472107213369512603292235747463061605185760388367916525269479459790
928th,60900308112980195499889657033040630826119092518861246166592589296556865283736
929th,113423387430441353976192609272160893194595277886179167314381742986882903673041
92nd,81921803265667275822222295960385105412981427927989755348681695271852205947842
930th,89089961992802250321619288302080603543130183536834304438432679316050936089880
931st,63052319185592804373201086894937736679070055080589581834611829236108158014045
932nd,56722577097297623693371051216349841463445057742714646732000769684854602411023
933rd,115469788163995546456974415216783529682754835568953514138066689425620442568072
934th,98229094548885461848604660707420017803089256355150026476342943232422691872218
935th,3458686246690194119729595689544758117091656075312832688357581738380967263011
936th,36196987509426439356462234929558419634570488266751427783794123853057290676810
937th,2480583191905334109376805368435891932451696062754833465539057622510869837405
938th,25703680314190081183080943869832754716484087093689466763444637852175033564393
939th,107602048451876381352184292432047458301944098896537478651270189939175860220626
93rd,4804610792658307621826399713434946847879897474861394302001206943462256906209
940th,93004852729137911736915150861754885982153421348219027676588774629528468028551
941st,4615068310707582928203114214250136727867800873062653006720786569943659966171
942nd,7340198790111975283741720563217391852430568952446339833391037199458576135499
943rd,49434352862718414519332490340561212168346652478358750131542561919573029425763
944th,113638368612904590043914389957789227173674288594719004320997563841430116967604
945th,32458892281794418806809220654930447049939367234397550342576588243696729773374
946th,51993913023215050933565481427817054900296860394898630330851163860818832596324
947th,15166340973176150611286970659414467587774594174280875046497054832644926707689
948th,68677890631106184856745456572585838213142187973867365322092317748092051749327
949th,79975862982017450710607400827095275160025243801493497510574097868786220442949
94th,38417162595419087204720514026081688059591044443275668350248077127819607202002
950th,109581521772118599801801708423223875345338611627906233664497044442733636686950
951st,103437307185412440942479545441127540996028853451596536937377933198297887856627
952nd,55906112359987940899155184052748310739763055405735165063149152726862623449513
953rd,14217480282226160948012536812160276189788751564038708545971598483037457943601
954th,85495409739774338499246084361437805243131517667423609905244259758009295345509
955th,52816486164011219793720541568033986105352137075136510390550450808618312679118
956th,104822349633378923893876788779228818703037406609821360249943839037691745699409
957th,99026273847585192448354763454909412050894238621342139810842291052572986717630
958th,27724741351950853795952059362971824637463821568629646822411395190272663966763
959th,79903634921921656719023138523560870886642901298296716363069613221593368480911
95th,26404727439401100661481850100975879545206436722927661732800259215020660466745
960th,91096999575998322649544637540012422067865491233680870048966338365459251266435
961st,33256158033009609045962952622115395494065990801101473629412652811458339908582
962nd,12822182173516217607332732882823190670889458239399902581265429878265290929890
963rd,77231805965731539800942968172970735369904940136654511183066803128054866866186
964th,23408929183209750647606064080762720685686698585765267053841786564542443983078
965th,67229838452197877450707106906856408683728295652148676468798019791121282556936
966th,36808166789734265438269569680665051068196280464925307098541284372198102210575
967th,24264454760080909540771622517811265519677475649170745291216114710821136382084
968th,43151433438050024240046937963845212467631386357697672672618015283293254998835
969th,4960539405178078102227974139006399872068170162867584844454543816265323944462
96th,53080318356319627491417679911156866413184799152879151859543509178141145237389
970th,72132434032881384293045344818223387781493209661646956715354213187767262630663
971st,6077950298454618231941963282668961149765712864328355797153384048914377979264
972nd,97519540636766301778284622977764278386929900932824757887722719207365833821319
973rd,102493094861620579569341690252094370288578687906252859188433306466833988439605
974th,28259969322526024683710484631995128264515970482629296480706716364076653855505
975th,62593569335385826499928693296381394792701077185736093822168874369987605921830
976th,704623086640509183038294361171662833409834915916597729051785042721001312417
977th,110096633547130893877055747035211540659239790196597558281813000507159803143269
978th,31714180935915373109009178644608957322280518068033095312000910724151152631325
979th,53751657258370470005729886305017225959229857916813855255875987424596595024779
97th,29453228928000068146774704732759347153864556691161620558479756780932698392023
980th,17203366841660231711021844544034266377804797597228781051402341538037343708118
981st,91926213155015579872249934851837297874276761044228448044061129656410625008086
982nd,85707508010010896432338160725474960786672353765008742344192846487393370704505
983rd,88437922291659851855682999787992433941169246842059482509182986837647964965284
984th,42629407745660718821484668205034602207026812437724530699484908244647240189618
985th,27446264835353657772892241623086828760640762355024532086636969060481158933622
986th,24258562062603875967493646861941918509681608172172819979390643642685351786338
987th,26588917094432199137646694045043883757797112596745152643231279470980413221360
988th,40891724488872906542842972608196310617502826622948826978397037390592604580330
989th,82603509148773127974535351509930909990737480308738497301714102256141325241840
98th,33103736707510391540049512923457107264265304455255415732855155474692619629628
990th,29937731546063717809894538243197388278687079621215328578003552214464419292293
991st,72984131125734081314504537810416035396351203688202408408232709403814124302770
992nd,20084060396869948585332059973826392667543697951346045542260959630045805016701
993rd,28197512239661166639028539507616387163013674589756263935837956400574761531577
994th,69708706585860271785412035930957084917151863972672154729645806194698684511472
995th,67945309283233337428542970024594359951500551994411446805194579008033522403806
996th,18552238487866305374842524982071193549397539811731966273612434532737264777906
997th,95667234111679766690981656611591310020824805856918140751064928165484871419095
998th,24483454954576104479028858369762660956083031893163002050258072995346538644395
999th,76301327831881836889747311323378210289463132852989438409823231166906871436822
99th,111683248698031552762762468928925023930649226348183139569596277756476284126015
9th,86670005902065966872433425662979361251497036194430193645553045529874367081018
443th,57574091730610658405669228804917661698301853282765183074076137358658798722835
