name,tokenId
🇦🇨🇦🇨,102448794032175272567884321208172951955974336124558322287886857131199982324279
🇦🇩🇦🇩,111842724203488642439988689797656342262973733601778843365358815884840074019054
🇦🇪🇦🇪,67189197228061009770480408887896121997781268870374368303272838133813358822798
🇦🇫🇦🇫,47503579336342831573856804263592808759564682185600426296349579808731881977526
🇦🇬🇦🇬,22136542901071052489880339019347146429844398577491339289893663395542651710243
🇦🇮🇦🇮,45645828149127609091897233103687985539032551455384934915536256329553488486763
🇦🇱🇦🇱,74011087252872356381809128810476006111712666527858231089711850115546721335286
🇦🇲🇦🇲,16217673432119779970543546579028059564867532340227208606334105525992310721947
🇦🇴🇦🇴,45954447004128391168622464294208921927663055870389874089786620107854979403018
🇦🇶🇦🇶,71776834801079923644614857354850149200176834256066398395826609323376108914640
🇦🇷🇦🇷,42377094518678017545982498700077933561992145782282709021841575925619853049652
🇦🇸🇦🇸,26290262302758685807109133412608926054440775251994442515653921616757361036504
🇦🇹🇦🇹,16973422925623653424502720888246053180181261435892044271823622230532840179906
🇦🇺🇦🇺,91400354925763552404827421924518152556307372925181432462036442237282581956928
🇦🇼🇦🇼,98059340408317474109352737472019148747747869412732067178410630277607511739112
🇦🇽🇦🇽,25305377647480938538039354424891280022092382434045072294461381765718626676327
🇦🇿🇦🇿,73323950704346062653846093484500940885149903719284041357085463962941472770408
🇧🇦🇧🇦,62537568816980398423841752037879158029390255722699821959249662622421918274760
🇧🇧🇧🇧,102281084053926728895863335193166980171144958723148108937393033408725326141605
🇧🇩🇧🇩,29988660563735222434905607833917766435892826456125778526109112394034957011437
🇧🇪🇧🇪,25042521445253246087235296291109198549596572640559650259429502655981885662514
🇧🇫🇧🇫,57228021356904502199420355050805792046999238948019551068874342274949442781744
🇧🇬🇧🇬,3090830444133857811834235182918587449483519707057711919884811027117944464729
🇧🇭🇧🇭,31102087128630970068075386391481753211203427211501790907352100766687840986747
🇧🇮🇧🇮,44144367616375313008231880477621090464314845619693531338220362505248034399404
🇧🇯🇧🇯,12043963324439674578406431886287027925417245328996780300086515347442250708210
🇧🇱🇧🇱,8792641593599385875770321841999242786270859987310547941541284191862299215611
🇧🇲🇧🇲,111519806879414243884020981461688468724670553712684104742900113565816193964854
🇧🇳🇧🇳,30903243791223959319961335612125903157750201675903006618382598286992254147207
🇧🇴🇧🇴,114648915095292231201486316688026647936161039180773857478714295133654525568892
🇧🇶🇧🇶,96649445647098413104958714759766533046479110170237871724029235231960355820582
🇧🇷🇧🇷,113097253713660030550925725054706789298456351112146177638232319795229753704846
🇧🇸🇧🇸,33673755261449838830357340255059400752403322889304474978565975904658570348157
🇧🇹🇧🇹,72907443962108244926021693403500207075208334941608830280840395522434137731346
🇧🇻🇧🇻,23565738004587387621369919526951750075171916961724905573436973209831621955955
🇧🇼🇧🇼,14530437554358655218525420723221589428288843978114365228659599048487642741604
🇧🇾🇧🇾,36025806167513363726320260044815987813274995638391087706105653729005470369062
🇧🇿🇧🇿,32461686325695502495242832766935759301081168441217460073466243713612168791092
🇨🇦🇨🇦,29475268782512638579543777575860029117564325299831976977871436674782691604720
🇨🇨🇨🇨,96820482639812424678125375584814217439753315224644622912498314247016706971829
🇨🇩🇨🇩,24204423453622074170813874342260491599333703230993508223716429925320190914323
🇨🇫🇨🇫,100512056700382880427337055050754942676599061906862337700385970764262477761153
🇨🇬🇨🇬,52982206711974824600875400299079375104762221660451765346970367583558114046529
🇨🇭🇨🇭,4123458221701484796515398753293588056927606523499831771892107131843639880931
🇨🇮🇨🇮,63861505583439127146901858363450670524220915048905730497057713476366911982301
🇨🇰🇨🇰,12844091426431109375317561042340485298279740166213766628925173826984359025228
🇨🇱🇨🇱,91222794320007531747371960118085647339308753603329759462345566379635504442657
🇨🇲🇨🇲,58269548518533064652752381521221863305142968590056541660697379772508444085571
🇨🇳🇨🇳,42709799503519714755937110104752639189993232642915570106865122425040287630172
🇨🇴🇨🇴,96409724584947696288730258623433433079853113576761876763532401178281469144640
🇨🇵🇨🇵,19644505719881250824806337594150521882875038254169285589284710926438987279382
🇨🇷🇨🇷,31372462153826205438093977806326293304775172585729577278366783199608084575452
🇨🇺🇨🇺,19679043786078151088555258974661444067317037328519957287496120256881171052259
🇨🇻🇨🇻,3572517571969026584490263294093379085840380919861379116363394631593679643225
🇨🇼🇨🇼,79084433186860160814054263483660813535556417952458090391642531775568647512156
🇨🇽🇨🇽,65641824688828814728550727827622778442203902901597022799918699035795237157443
🇨🇾🇨🇾,47600842499310675863463640595800622013027099602583282927540377550791910768410
🇨🇿🇨🇿,45609841587489163515144866510446447632018681799661795993112871849576938345116
🇩🇪🇩🇪,64621087322406760736104270198378158522229658465851244522794872834629103094799
🇩🇬🇩🇬,93631291124280460000053780322906748209844573280303382263885953363959722386620
🇩🇯🇩🇯,79557267233698387143044968717653294372494148512194512685179538786807095073246
🇩🇰🇩🇰,14869664116546651469252454156461707989722856539929162594460022275288956994485
🇩🇲🇩🇲,78724540611168943803729460660264498131300414338956388751265689492951958817390
🇩🇴🇩🇴,79046947913830223464401028259809988336510948448127809272682330082437251253214
🇩🇿🇩🇿,67139367749046697864590208962373228769233363469052168395831237810843583833794
🇪🇦🇪🇦,109811287654749168119229461790448279097473715019739371759712987236657682291596
🇪🇨🇪🇨,41134755344849016107548505998421350903225599710978469100386372202348879003868
🇪🇪🇪🇪,35223937250982929571982178900529327336568825121686357298992474388015248426264
🇪🇬🇪🇬,82266872623834938587476250155243786211557352639896762560204784170053500727861
🇪🇭🇪🇭,114757407644390706481240444678939258630113139300704209440951825488618506061204
🇪🇷🇪🇷,13660763455649594457196963963083803565252687811004671657166592447618943942567
🇪🇸🇪🇸,101397386541059876277431491814795388680694411623864186314935666092318988740171
🇪🇹🇪🇹,18810996577325194361332580832459001202637038814034166027282027829418983014864
🇪🇺🇪🇺,79334660491102128909264611706810871507924539406644001138967340770726387500962
🇫🇮🇫🇮,20594422950018429074293911400620209655916043111354513487467320688996938046059
🇫🇯🇫🇯,61878189136151729669754910361017255956058388866242991805673830127594531397542
🇫🇰🇫🇰,37525723264392212665378142967759144174885792724249120796341552846611020192882
🇫🇲🇫🇲,104834662811678478833856073906914771984148518870414352134865672083035518986632
🇫🇴🇫🇴,85420379134060278069461080680597037180218392900937603480812364244488025835516
🇫🇷🇫🇷,86636107955462869099360889865345489750240826906592702237440266741366487479068
🇬🇦🇬🇦,11457706132957491036586695758010494911627216753459761750103115025690193587832
🇬🇧🇬🇧,113978752971310767437401142727934273031282118500974652502333541468122294246824
🇬🇩🇬🇩,84992466311828352939526041823954714467072225638448166356670915817284387860797
🇬🇪🇬🇪,90582888896635689003014020736969473193577575270983885937691258285203247875789
🇬🇫🇬🇫,44116537524000205099727994957482258971758929640081283367135500752900267890868
🇬🇬🇬🇬,60154707672689674223896760009081545537821255143990305889053560905433800182920
🇬🇭🇬🇭,45906135860408220858586538324818911843298090623521096240979131828769079474287
🇬🇮🇬🇮,74895856109732685895321702642569079719538849952336304128063858003651157918850
🇬🇱🇬🇱,17197035275206671687934538526064763105095977647210727760697666763217234542980
🇬🇲🇬🇲,61396895274018365388451178270341323113405987372024252219694392418150676947774
🇬🇳🇬🇳,19505774883286343464762480227732798074672063727776516645247930595169343278117
🇬🇵🇬🇵,96175546458142624094998000586627245065562614520254419426558738293712578384061
🇬🇶🇬🇶,79338309484143633250178818778888821531681104978985044551400534595980105339216
🇬🇷🇬🇷,10317776108041539390382672968065510653995147739039159519958282347253133512529
🇬🇸🇬🇸,101226336192086767304727530822443204282869065555108484074867432888324774356812
🇬🇹🇬🇹,104925266561819133689970437942807231522580389108899719652505266530832647302581
🇬🇺🇬🇺,94909101647639558540386222335719891232585200963145214410952749158259941270768
🇬🇼🇬🇼,53027859681210928754739291357366871985933202681678249280463376443488250014317
🇬🇾🇬🇾,99842869467163042553081653479307951093225695056237121376182886745616872097214
🇭🇰🇭🇰,100835233917999611640448402703483587143812030099816544102731498538080181271880
🇭🇲🇭🇲,112382277147526745182740410327751761952766185952295316011675654505243851213300
🇭🇳🇭🇳,50393520001534546823867259522133058625780273219727773937368996410025006850045
🇭🇷🇭🇷,84287445876847019362314757958162549275396836749410466587011919092695349396371
🇭🇹🇭🇹,77565152577079463573600547928461958629637089134737877364742425779593279245748
🇭🇺🇭🇺,27611983053615666108975332866021359105393541773798578781721493205653118234504
🇮🇨🇮🇨,113171431032807007515216359891586532030381551734690859018975317205394347909028
🇮🇩🇮🇩,39914401144060731079559966386392995261368005250091200010282874739937931768767
🇮🇪🇮🇪,68705451711936366314956928506505303348156661266493847178739997892753054924439
🇮🇱🇮🇱,44664382231636584006414490388087090479071567256723069308392254090955070642093
🇮🇲🇮🇲,43758596931064827242780358686926335521377543496718514761797139578509170535312
🇮🇳🇮🇳,115512059300434164040795288688618847090374817466250373930830526532566759076065
🇮🇴🇮🇴,4626477540446024660105807187513120084120471343812871744430067803780088987237
🇮🇶🇮🇶,28964487707326695139077406382898057128090500084809980240693913003718185316551
🇮🇷🇮🇷,61076002977923408666576735578934300145890963537231703895766468229597843202972
🇮🇸🇮🇸,8155285365859069756614735425536098012481189762291897730233977241856794597360
🇮🇹🇮🇹,16621547906958873385603685995658636358372042736822252591767428257103525318945
🇯🇪🇯🇪,104956284684240440141798593005902512529992667227321216695524451079239952697007
🇯🇲🇯🇲,94113982480420991739083618626632044110457673758031387421784267329148084789403
🇯🇴🇯🇴,42036964985687052381556707462864404388990727767615939171429841691864355753346
🇯🇵🇯🇵,108553603601596482737984685904949728307289617713051609128658840030293142144337
🇰🇪🇰🇪,65500752973711239041394499231042355457501000898323857244691075113485820934783
🇰🇬🇰🇬,94525198010610203562000671723709159967973716764866547353326128898573711299131
🇰🇭🇰🇭,22274185473576565095695303456780627325049627462864268746489906020947869838472
🇰🇮🇰🇮,99131610416844412520791164668025860652187344712726663291959810579972979132132
🇰🇲🇰🇲,51027299671629275160266884702467803154458569011959180080966861984829920770920
🇰🇳🇰🇳,40834124765625775050048107277670697188892843524665984726230297073741404885916
🇰🇵🇰🇵,5137115428261570145181529956760735504201104957863621208423118180878049762724
🇰🇷🇰🇷,84782402782925383834895165303900496537780156262655527714840401355645684374630
🇰🇼🇰🇼,55936022287095092607747549814475045404157520427655966601601598255769549972014
🇰🇾🇰🇾,106307081793273170106399786294327051065701429420008350176716801718114495423930
🇰🇿🇰🇿,99767226074418074576544541036096185398364325069365043498001884027441901326290
🇱🇦🇱🇦,37811136294422174405440673500591042341567939487678043628525517459560246555908
🇱🇧🇱🇧,15636129897039081955471239293478500743711784901441412684843019055683965646247
🇱🇨🇱🇨,2679985784969303214044643221376283972088220759445510290169904719671728637768
🇱🇮🇱🇮,25588708145074378192433931921506388027066275978261626549475969581760068638424
🇱🇰🇱🇰,38812627232635671815681236604923737221304596606090265975387891173577102541439
🇱🇷🇱🇷,83865576540023645922985793237863607345640213369467758204979957042128143708939
🇱🇸🇱🇸,71550563154519796711503943459729143880146333692093624332376810995861606993612
🇱🇹🇱🇹,109513927980826151612640146359357992092726942672456343023553848462725339634239
🇱🇺🇱🇺,62899366926637004145894299461730707762860999863649262949886305791759946778042
🇱🇻🇱🇻,41977908566892387805784300280397291162021614152025118898467398148710290936664
🇱🇾🇱🇾,62339052748997156093682935406304794346775773359113324079153462468581483750383
🇲🇦🇲🇦,17736746478812145058862690761508210577101916338729685199430644123668164289786
🇲🇨🇲🇨,87034831876261424864976311755743851006486387639509102930399674161714191593808
🇲🇩🇲🇩,25073925368130367550013889046253180665230156136502613597751345642699400400183
🇲🇪🇲🇪,49585744565374979302167235686849241490783084834463037297717792369231274894611
🇲🇫🇲🇫,104652888528212225728551054748666807457258313572583138338402008381795082106789
🇲🇬🇲🇬,80305857883564711497576940752882232637924292717580273803473641363293676264709
🇲🇭🇲🇭,89178040335855800315396180306998316020042298820150631868098177235312482361673
🇲🇰🇲🇰,39295465712154803819964386690317662370627737756268553096213380401482920561504
🇲🇱🇲🇱,92234934899019364882340940387682463621288865043400538194373105940851949818284
🇲🇲🇲🇲,100544328976874907067783635884984437325594035990336697245750963233336724987787
🇲🇳🇲🇳,85676177586877673485450435637980156671944867722196323194413356736274699019961
🇲🇴🇲🇴,42487576996368853354440412807618174048802388690615166217514272555990086424988
🇲🇵🇲🇵,49649938238377183491409856417608260507362982805697116399583189601498403653722
🇲🇶🇲🇶,38655047972243907928959573573958218845827638502638802414021534163903820398227
🇲🇷🇲🇷,33790659825235586979905357152396663706126814023086690970255626748201370350715
🇲🇸🇲🇸,66348681427741996391766609465738493180930007699562123986827592453700317774761
🇲🇹🇲🇹,93791762351594458513870745228973109602608239935110047868378828080321979142688
🇲🇺🇲🇺,109916065666515107547281744114159885888627912631614649432514291807886269427983
🇲🇻🇲🇻,115291206690287511836257777968624091568948138719016330822040162284490050803002
🇲🇼🇲🇼,90358946500715590191992244410943727320019059847928293271951869079192534027274
🇲🇽🇲🇽,10392187628941436031986491289463705370428911271619364867063478317745688003406
🇲🇾🇲🇾,87541065175725162381585425173366960381516584536130841994832853538690665098701
🇲🇿🇲🇿,114906428333472564724294990519351281291078059063960287052094087642054573353330
🇳🇦🇳🇦,103922936097135308257048086949355454976586923451761433200628941085783867195256
🇳🇨🇳🇨,6306611098205440040959724558511091237123737298297830654190980644192633795040
🇳🇪🇳🇪,15792319929710135374328072377516673259088756036604089537592380207199814543092
🇳🇫🇳🇫,69611596083828436654040947857139807420450857570489559525241692326115014033483
🇳🇬🇳🇬,104933931393041233410545187782670422016033575973293839755486590750668211258791
🇳🇮🇳🇮,34410925466662383163215480524242910567234648483412941848524952837498741406354
🇳🇱🇳🇱,81853491515153630331137374534509088761603318886708321153541622941312419863168
🇳🇴🇳🇴,16726751384803748196570948105888725454758059258697244132358640246543783715423
🇳🇵🇳🇵,83424507737324913571320934831534949024371081372534189510948112635031580633597
🇳🇷🇳🇷,104487495533044463375300058243460497191341933743925842904508239184052796570473
🇳🇺🇳🇺,84429680320141661372532456517065578460816431155496188606383141081223114236587
🇳🇿🇳🇿,100801489442296882598306820681253586698511095295007835498231328047856694065537
🇴🇲🇴🇲,12026243822625629259023356391709373639375180372919818374949020601874569617233
🇵🇦🇵🇦,47502082170314563561648695607230248227997301682680524652560692870200150368032
🇵🇪🇵🇪,88618745622939304635178167431939051734434362320409874004084880887657157659520
🇵🇫🇵🇫,61944857284876205290948639694673445890175179419482382338537456166021614152500
🇵🇬🇵🇬,55421675294833050125054875784578654246949645846535532057283868278450186663031
🇵🇭🇵🇭,107769725566226283341878240909507492566535178131882867856439913749278673648863
🇵🇰🇵🇰,87752582338463276660066357140436296459535555330752006520329998073769627471798
🇵🇱🇵🇱,111623716671864668858351865185981212024216545280439655840930125768440512935945
🇵🇲🇵🇲,77668774208412516263872890866672246245776674739409877329943165070164100565382
🇵🇳🇵🇳,44489270819916244663289705860266055437317065492069715581901470385798876297675
🇵🇷🇵🇷,104005429559574846064048991674601272373573093577726437368064283262230087388063
🇵🇸🇵🇸,70455757576104803318868882000221458544953800623792302135944143310105622937824
🇵🇹🇵🇹,72271529209717209962702114601331749646833027453469001844681598927924879885510
🇵🇼🇵🇼,56322036607347829910942935910969899711069465321791742422916424121297138998874
🇵🇾🇵🇾,44012296293377366344934371703415836383223645455545341124234933316901090872850
🇶🇦🇶🇦,114494156088476241005888859736814863857213576426770768198383436965001221176580
🇷🇪🇷🇪,1772140736030462544788291173583784530694346014302796066377564644287865425478
🇷🇴🇷🇴,4612592812647160007702758159853250737434968131119406600507706851283934021205
🇷🇸🇷🇸,17983579192187363808382305359577953826777828513566221022170514253260176885912
🇷🇺🇷🇺,10558382507433909078982419771093415990899506885738942925420278224116813785874
🇷🇼🇷🇼,112616392928048455743061309585095289937663030486473923138187639960808202415790
🇸🇦🇸🇦,30621359924870846640662024292230204903644693417587730150806657231307701163892
🇸🇧🇸🇧,49696207158366947209915591115311600973522543341010312685949864621362169133593
🇸🇨🇸🇨,49506613995222141002739100627887581501913038310429233834771540263016697720917
🇸🇩🇸🇩,79641960583689211882430601240074242853078599188267427510113675534740152759023
🇸🇪🇸🇪,33651090256291115832313278449988850190409794974985580585026459115038439459398
🇸🇬🇸🇬,86385108916975166644567882796045641141941329128566271998005561768259088632016
🇸🇭🇸🇭,13931272820489286814451009033402711886703307308394731594632935330587243775995
🇸🇮🇸🇮,89142259725260087726763748560997517478966182842102132009511349687723008458701
🇸🇯🇸🇯,66850920444768511347854741828517380196345488309151595162336031516871520649451
🇸🇰🇸🇰,76341654456705601060772482390563135377835366817699579628090212611464430172913
🇸🇱🇸🇱,100329122700332481348820419161895227599264598880706168361228580144266503554146
🇸🇲🇸🇲,49854808743842424383541726315780485102650207603303187057956799171116221250403
🇸🇳🇸🇳,59008366064791029252096956498553431601803783489112939266215506481182349477935
🇸🇴🇸🇴,40128403032209563820197698238859305101315248709457039730796625724260732088487
🇸🇷🇸🇷,22381873477678351935454159994396831479281685426372682653866154186337818149201
🇸🇸🇸🇸,98846502958303230205437620768576838888885300017535251334413879062627670539230
🇸🇹🇸🇹,61193487148232626286850106191866060739306788993207069451329522220245783805407
🇸🇻🇸🇻,68357817766705571980291171063303951338347532833193451691056403422906059383402
🇸🇽🇸🇽,24767862466404888540219326571183537107265511607210216840683127553500360241178
🇸🇾🇸🇾,55169320592925820998413192106893950018999942671203060802254357912468274379615
🇸🇿🇸🇿,88997927788485279067043553058707081718261257257274771025762408221182379551809
🇹🇦🇹🇦,55372487194240059954558240705355757390405804011593757245627168008959977574363
🇹🇨🇹🇨,76710448636498928387707345451873311286947826204671361905949031090567242756707
🇹🇩🇹🇩,56395507185961602461080254785369823769814306363905533212642095008100693170226
🇹🇫🇹🇫,112276128219976768822915641499193438195025016344642303608295632269407555044945
🇹🇬🇹🇬,4949730118321808434092996883507852760301235698477389904562787142410337609188
🇹🇭🇹🇭,21044628387641699572310494560605358685415300183409506309976114664678707503206
🇹🇯🇹🇯,74617873256291915403637148987032146654307924894002892709838594088756195223998
🇹🇰🇹🇰,35416972020052995969326043911022065337143340731135817914817850283461812948443
🇹🇱🇹🇱,26787302001730325349479949901103699081909486761000108371822093206575414149275
🇹🇲🇹🇲,41174403572952183402016456176938090584527403256209021498852867510178312403966
🇹🇳🇹🇳,98392181393879175518312625056517685239820075780203085584278723822147932112264
🇹🇴🇹🇴,25607606214314919977263835275875600827014532502020326852480037532876755904738
🇹🇷🇹🇷,79322353767670836911810928155506606653812405507390750277488052998576555601567
🇹🇹🇹🇹,18135333078375265510426640279989576220634800992655922820884611960956758327050
🇹🇻🇹🇻,109854425794487184757582998242721502988013381657862634492453286031468049950465
🇹🇼🇹🇼,80897402415991089755653666552149091675859071606361894827867547358377250791202
🇹🇿🇹🇿,65400579890754151715262571480790152133471448396097672107440840221698478766247
🇺🇦🇺🇦,59374515399068619970212617117118457370361039088261974396593505754117514438395
🇺🇬🇺🇬,97181771507553951802888906810145374228230425687622706392860064535022548112398
🇺🇲🇺🇲,96658716634478989670196980832066489813908341729020747356173999059101955036718
🇺🇳🇺🇳,78614523700665403146647844952596827455162370900872039601932981265056699274738
🇺🇸🇺🇸,12584983442791081122241188371411294841522114533969653626541973352590109733016
🇺🇾🇺🇾,31848561683810138449759409785522167867245952635425250176354933038367948267412
🇺🇿🇺🇿,10824689234774177543763463308228706239027887019323145335979527932282171668209
🇻🇦🇻🇦,93644366164716651453593052869313967599757466624877298583672798992504150808370
🇻🇨🇻🇨,99904905115357913628800869514114221063679700711575943592704249288583686259591
🇻🇪🇻🇪,101067294433339041965685075573202146682462295636907770428876495722693330420084
🇻🇬🇻🇬,64357891950312040241350980781951477654339901966882969406790444605077492749685
🇻🇮🇻🇮,37642389157536559625601448935755792126441303535040897317106399159969398157359
🇻🇳🇻🇳,32240808565453518582048268814863344086156002779546794609126072848451136148574
🇻🇺🇻🇺,74553211296394211261002092761999683002245955104523783105729168125512675946780
🇼🇫🇼🇫,5828203312451994438081068001585837598930518305944121291403551583044851984718
🇼🇸🇼🇸,111623324656484491342401523990377999834418816531891251831366345779192220475133
🇽🇰🇽🇰,73898534900745716500223251668324561240460939998680670755092568304022267677498
🇾🇪🇾🇪,58112465086556097754116044886651627459312365967441177796843577924076235725650
🇾🇹🇾🇹,61742407506853372715434087275842592193676583201941365750616654405253676852357
🇿🇦🇿🇦,30621823480883602461978879766596724590734986464048658572507993933625770592805
🇿🇲🇿🇲,110540662219139181257544222696483836979537306228657040052309168520070395546777
🇿🇼🇿🇼,18943161466469057309381577192976057023750982933362751287232930638619422969944