aardonyx,71607797410861504307737280939116066821088735254685451734254542802235320841072
abelisaurus,54844312553320266247339306722658902250357776682184174465645111895642759673120
abrictosaurus,101237186682033385351519788419063316386642425850253835008864577828268701140306
abrosaurus,96202672831883467565359569658493503900524439262061881720405684102446121074097
abydosaurus,41534494810780039230236812672060737918254924012650127872286220816165348580905
acanthopholis,13676550346194475599350157345290433669448606578831278094356668815563027537713
achelousaurus,97274447278875966466133624022570751068412031342122229052221641054089685433210
achillobator,20531725105309968405755791438184968040804213611992357496440379063997085197334
acristavus,75876284370027863460806085500201355679628275016081227726233626527876558945948
acrocanthosaurus,53214672308209583644964226376366390222238454611773132152331440094830758677907
acrotholus,110060418180924769395578894601260649367321213967853105904509495636515298900172
adamantisaurus,46191509547231729758049033095248863497241509219526063470561608536703999017745
adasaurus,55076813517689901392271208729495286402458431692603311031827479528455326786526
adeopapposaurus,66544478571906152816658008418103997992125358986957664314221730127459620610577
aegyptosaurus,87399449848215998551425011001295789848632383159726416611082110335356342470624
aeolosaurus,54399181543971030608931243131739641938564673871164344311559116655843156545837
aerosteon,81726469804039132149340781212655506443828360360711305303189404178013832612517
afrovenator,71924951511441096365292702892353968820390081908526174160641705256468213416608
agathaumas,83769326931708140647460312320884407044641492737417179353424983834501326411546
agilisaurus,85636830793686995050789193317786121654974789306651299902270726752344562417249
agujaceratops,113642485661601418169115504699378876951762345784837399225978738401262890480719
agustinia,16402530817787017103171679115630677231538596419075439467826240480086570721984
ajkaceratops,66055975020109855259753083305222551656762622462188794221783840813034143207437
alamosaurus,42463243856850945550481408773806210952605053720563438271326614820135097706884
alaskacephale,32410394587587193239967753191757483007072602765756671661294384693957624774269
albalophosaurus,13367113783910109183826806350249759428102988119026163046197497228410965367787
albertaceratops,92899473133834647040025384509659140964433010095262805781883087800969284658690
albertadromeus,94042324048208109534216479800736454222455746266515335253268017586165155215280
albertonykus,96185523528598657236997522625286526294145157962746577904576292459042527978559
albertosaurus,28317862962971570007094070219650282106025194368807945372332110580992603637930
alectrosaurus,23430166429019803579506380356171066276118326514330549798824460191860745168396
aletopelta,62663561376467932078437237298278857124278747277985028967178097546437896361053
alioramus,30021394184182871821104059141511783745219845417411484408748258850541061125227
allosaurus,104364391255847737405677289906275969944286784040385489878918003971871675816630
altirhinus,104474410599086738361946695274418918138790756601015786720029719682910310575613
alvarezsaurus,84604731281863530777037608842764939178481686874235341356671537014206045833636
alwalkeria,53128287857915060620367893961452261984690492056627072763863457435697442667517
alxasaurus,65871368294523613688907995257305802521205060033853873778753420510720608076512
amargasaurus,94225949703807248607678012053608491433234746676076912929059723348536376677039
amazonsaurus,5049894178883592638460695076925653202066696904271240236588536688571077249734
ammosaurus,113649857062724678384232706184363577205172350452523788672135795480355778881604
ampelosaurus,47085245286383496306612945528644040318083044686727508518590586471252306325941
amphicoelias,102993553357803339495554849209557372067781287645286216713614197901324977987699
amurosaurus,33119454929987632290297273188716706146362165623276305110116394099793257127514
anabisetia,111028345123440048344459104810390536896270097160635292284374741328039708563283
anatosaurus,38830265059701433223391578756376090253300097346973925342802931976075851168388
anatotitan,48364215435912076867902831286661324807706620753735355335212199654992341852344
anchiceratops,51794547866802102783663213370233208563345170218120524024963028118517254646650
anchiornis,21455516048412876271989860927003927674367065203502834775433157779161674861005
anchisaurus,51908931090208173995771744674727099729218860062058593630497599957155855007074
andesaurus,32650091298586520393936364907599591271805607105724320193936046664594801735337
angaturama,99106904217190555366637388701857584090754680094714448970705396201630646555790
angolatitan,41484261238403497125430656358133944181622084997867371239571195633393284585123
angulomastacator,16384938018402790032635608872281382511874738237442269164192417481146430269805
animantarx,106005711889070146320290254602075181859724639345825966064536791110914369365608
ankylosaurus,4476190623905954767757857595176663977937811441864974417363949961176404123801
anodontosaurus,96173768688467329890554928814979834586002708627489348018352155446389112040572
anserimimus,1102295240392282681437965603096637936723576614129176745233468428357163052978
antarctopelta,14495065523303962581914977194446440923441736636531489063852952004916839441478
antarctosaurus,3302668769327507293343621969405142740977032848369982543856838408750016753469
antetonitrus,41648092094906208271404091680700503743410888738866156795184103324449889251625
anzu,41175398135271665771993285973908355591310226972392672307713127288005711174314
aorun,104170051993356498284919815794534718753165117648826902884973045777850376982814
apatosaurus,109313748778250616196797140452725730202358556064828144258032146070562606318347
appalachiosaurus,32180345514052036669263600720618249655171148072396858876917030814090477735512
aquilops,42433518185591261891305214478029379606524198496739906037026886417906445201051
aragosaurus,3023607066260181878756543524935694047404070417321080556148136639933673765293
aralosaurus,91201774807605136114080853616821732898859991428588756437825706705225900375013
archaeoceratops,67193000572799785137068631304181034591716291403125631913973980043787132762118
archaeopteryx,27831300748062248846439489101657418753950467305666157678519653162512185797996
archaeornithomimus,76371988733289722392943153516712073277090439481362676084050838179757157604724
arcovenator,63652589161198388200964504520997154648537052587034172087456484894410654914119
arcusaurus,98812894880644917004096127201149241175205389391581491834854742373091663380376
argentinosaurus,42826717024060441783820483610661227869296964949593964857127971620106294352091
argyrosaurus,12823988031788399243066588743505870382217300517762945464581700553048365978189
aristosuchus,31702235297452644135493742297365415254403224368164244212216368871099286833731
arrhinoceratops,77741374611247779841356989482772192171685625423231735512332884616672321544715
astrodon,17177363558175449373627195787367775037748430722512693706623312901985123369145
asylosaurus,34035363941386979372040627508446658162596400367030352495949876841837989038469
atlasaurus,79348851849788937956177529541564053713441094520861427329046179512038882614387
atlascopcosaurus,10368668170868690988583418731977982429944774850854373789920434323527448880997
atrociraptor,91355075235647745344851705998221221850356934199255107234739257539945203852314
aublysodon,25540209459900815373254052266881272145123179525334905956874569537760113346885
aucasaurus,51371577787858470681845866038190369100923108268459342055918551163686992796449
auroraceratops,82473167869820021390139482635190667338882125297223929962667904937126956012852
australodocus,62205765210611216092784455143059394040344814006493780970301239113748267910719
australovenator,45735530481169600377680968255162328770898232441943988638591880923849018277492
austroraptor,89524613231238459799567985709830741481222344902581511972544603793942447757679
austrosaurus,31098444240957513049325537066122636709848590374313332982982869246251957172118
avaceratops,51642035090388490465924037679851494061149377875859168693629061879594452027767
aviatyrannis,29648463022942588544111045749075831012299916507182417867304676761012162008617
avimimus,85123423252319488811676970254340177883777741012954270548667495075651424012667
bactrosaurus,114244480625723635213045984256148585582153226303016873596344809026820792638564
bagaceratops,19175001373400182391661221066981721903417588185884793323721868834044371074271
bagaraatan,30909410395283464556491929592139179615098054428945747510428401907951674328573
bahariasaurus,24155651419664731852695069645595013746324741154174355461943492915835712926560
balaur,114852166080290241489853559459260833252969410691825376953160694506063224034126
bambiraptor,62946717895859705107670498167631919255986575990158642849462312107125555939947
barapasaurus,19839925679828251686661421351442230163376383572300694018605317977965303033570
barilium,92358171600791322376474427417167341501409601594892953712520292995314673404843
barosaurus,90931759135240072926939564710083252506385476764312725803856006575922715049868
barsboldia,80004850166855083591886630917047268967746484856203375592545370762775726098023
baryonyx,97137465176938283735376072890475328121926380250290665810814274690299660181853
batyrosaurus,11588212936683740744391152379024561186435381148824859890350597706985186995751
becklespinax,12366845587069131932901728318818383047769625551064502137075105959780660507749
beipiaosaurus,95645873597834056668181807734836092723640566028882203078697317547547809902594
beishanlong,64751409893734315189415195371231301512025013983112269602952528733404131279665
bellusaurus,49525147096909337157908621276967699734324145138354199655462351698517527921877
berberosaurus,103112842229940908015733070368020262197693808094960500682290944864363952336458
bicentenaria,7278152563276397426137240560391866992708372350680405095895541493406386663654
bistahieversor,72341445234056549036480199442426739110084897068850596725103018114487804525754
bonapartenykus,58100011423561199992126057528096888078374845653853828587983852738888975884282
bonitasaura,51396320879079744421252859957783900554692284769324052808325695729967483983165
borogovia,74979727011942943889756415756275882547475627828953140233734875353152032016697
bothriospondylus,94463081889730496410610211657291564375734897775107224491227254588422170179436
brachiosaurus,44400272212325533851296272009690084445447999453362012077962841876948174620778
brachyceratops,2017964253718085127367837833772160701165642526954886460166966879596082964393
brachylophosaurus,75785220829322126788318328961487113099450374114741330848514961280113463131692
brachytrachelopan,115292430743749799632507602177007646883528235896196111573659940143838938907770
bravoceratops,30834652863152913181024266623545168273592855502485868517536470631233176332751
brontomerus,89638909462242082760768430806463078439309388428720952435225486190484002483416
bruhathkayosaurus,20323257529941717028229238393845485936620367685642868685840666791039599227247
buitreraptor,41943488058095629556567078389714376307237483394262261216101830519411915046254
byronosaurus,46888906040653090145531950909648990848707578357472636321883931424281238470277
camarasaurus,108887867630229250966102118348650282123173117904394514165264397325283062317425
camarillasaurus,52380603332933644050957889321115886307304815299768865681259701038888058786292
camelotia,66617139265833514809453856969955686008540600541780877149686623917456696590909
camptosaurus,2242589958938535276334507748337251872725910406513996956969193675835254279203
carcharodontosaurus,110963864195232405152032094718480868297136453440721438662082953891555092459508
carnotaurus,80734465231917739493645062305734512093974122207557913166618295728716456918172
caudipteryx,66337849343489066564669360950543768705214602706889133486844469035660799691866
centrosaurus,100232483223635460532156524525794502204506434360482463101023031898497662547604
cerasinops,114832865951747451616997406589162141331070795660078693471130562044778921064712
ceratonykus,101227086611054399564567239497214192280603169207108637320764803118240615193081
ceratosaurus,72245951508273905358654021179637202729882251525159805827912100980217704385124
cetiosauriscus,94452389972069100578033766331779495316300745746790189473183906765875866022132
cetiosaurus,55045171122587147247571642256622285440179639691320126919505168142474455484374
changyuraptor,4562128921269022387805768702154010097185208838346071205960318587840402051834
chaoyangsaurus,49971034974113704277287207773190149473748829382859395629991392604349702212051
charonosaurus,52862215225154392568813061152853231251906425522091303990306409338538362730733
chasmosaurus,13641446647963526818022627910614397974554885446283098364640320254435685838007
chialingosaurus,39285905106107344653293948936195483783184911862150537862635288890643336500307
chilantaisaurus,26231086006232093702934188611867223778706409974660406370524007858442811650097
chilesaurus,7974202978497891673513122957750435787128924273645194495182322265076225882337
chindesaurus,60006490001335592468698591820834426646995385442740865849203355623312803370616
chirostenotes,27038355794164939597830870562475128429723365172115587741011179421568640975361
chubutisaurus,34393132094367821315687277941748682457228113320072985506709278729727105614320
chungkingosaurus,114575062281580062887704460894840005364654192800658606974600632511977047595266
citipati,15761797774242650073699885432580561682030047627708377345699653246548041510707
claosaurus,114683783238165524140899267807086597278804320825172107951398482132467236944203
coahuilaceratops,83034281140942721641969426886343438058970003361463473705294236952243072273591
coelophysis,96366664752608611996911598171591717750182924802985097748547940182945437709632
coelurus,90009382294377759546300694937504708322791808709534627984768386659177801446232
colepiocephale,86894843863822757086203808064789561414264592246288929600774283328430688454863
compsognathus,2127170186604340381909733824337268316578668395891765642552057912631229929935
concavenator,46785332044566502981435855347569831226128180442976641274014097555723416278205
conchoraptor,57687660212373543488910791303038496592591133015030559510401435686825390103112
condorraptor,95215396124250918725753413294166585230998401874562886942544460183515922780008
coronosaurus,50773949141581655153314011102042000711045833213463426062169564807057377774876
corythosaurus,14970892842170387573158954768679838886227853850039351926758072367875441910679
crichtonsaurus,58262153493240123672492500921483900492314162971231070574360547561631492019272
cruxicheiros,20212869163859511695230669926356222277814392468790512459054766301434544609425
cryolophosaurus,78392538734120165707136649202956136483994358199110550605921375677147253567936
cryptovolans,29668300308663063322788234147485387800455199761203366497661811411579561836176
cumnoria,75366420067389931354119464619462765359209951158253197097874733820042383307924
dacentrurus,28375574212597218355600071729802423164868450412061509390729962131555138943567
daemonosaurus,45270986706972370745947620422748347306407499782610116453811816193288419208905
dahalokely,58736601683494309534821710802858655097341053285280169200237412865523029937642
dakotaraptor,71768735125050513567384577903413762417704004005559112702160811217155919136687
darwinsaurus,96967025808684909094919271400691839145895882047632420639317918443451919905728
daspletosaurus,60313939523663508559119848808247667163396657018791582967092497512165878524121
datousaurus,44237154844719360100142236427456696815002503199559354551314925875384051006225
deinocheirus,30392691793551563941547480915866716146821841447833052994792306971409383958758
deinodon,16423561714812487433273774162081954891475050260475085650298702181457129933459
deinonychus,107882188884226457956271331039920498491325400021028736208386003627723138500788
delapparentia,14521543654151664273297953095614843386207891235800200798955815052333489099575
deltadromeus,77107669376153551212588532248988691881785940740350149817783285122557107169922
demandasaurus,101243407121588635672215191043355234227502515621178441151209850179658224101108
diabloceratops,80203797021907088832152533931679363945668463218052163177122810035800205466375
diamantinasaurus,45232700145617754184185355510394998121677720849937656041739439797891248934834
diceratops,103451422574951394688387406245569079399582743316741899076874162962654259058961
dicraeosaurus,11224341065776350805474851953543651686438310294419300210052901342670256454202
dilong,68775031789470683864234215816558288230573431935766430868020647950275520528678
dilophosaurus,95608692806762558328047115335016700642531422903972929281023071292691425619576
dimetrodon,99092418868446568413719772601250045045369485637960833658609731626136921622829
diplodocus,60041614723636204334348633476020284518377817445575992619200201575113708396782
dollodon,63591827961453760455833954292276242099537200919856088389031528954807881967508
draconyx,105121119836973767472537187845507609932880337993323154639419570964128051534262
dracopelta,13724422507575315675372371090950980948161467408214167918422208292664556496348
dracorex,85536384079128777530886419025490777747608136642097694034118985947759037314498
dracovenator,80727757821772127133416816061920827761914726486407398380930369140172587727603
dravidosaurus,100860756560908480492924393284740886663560798248653999293102430667154558587076
dreadnoughtus,12367886599937561497160838244029116588152576705394320642890828056772901772840
drinker,99822883177448039085299002920465398666274330105242646529087867665660595009810
dromaeosauroides,73894592020432597798529995672989420648171545011484437055893764325868537840965
dromaeosaurus,54468460491687724660224886182086213788885306576679983168665890376324506997511
dromiceiomimus,42349662450049630307562929050849456385837646055302804524145922982766292962892
dryosaurus,4087874688626292963081952335794663639283340767168508011594059196659949558285
dryptosaurus,104409598079997866816812268512322624239189538846332531627694553316900867921489
dubreuillosaurus,58826163023020136698996217607935885491953620661262880201048686135744231790216
duriavenator,91279244121450962033765453016350677153856239414866614628114069200573014097965
dyoplosaurus,90535060488112515320737138886527025540387652327454522600162069750331574590607
dysalotosaurus,57072078340447000240918999380301110199115034689080839908257228309782236818743
dyslocosaurus,34289824725089614602186392088444290663629556252526535052887724721626518455327
dystrophaeus,27746388281528868637217044184543664336647397582950561062170485777237987468848
echinodon,19420669537932414536360536147978736138057924673777485212404545850571640602047
edmarka,14832272171454982796496528909945331723005027243651087046286403898379705828803
edmontonia,50236633950491016800781990940541043256944394402814202253213256722569999202247
edmontosaurus,88623359435519159802254716206840523304999616085879247678411872472994404768144
efraasia,38321345135101976212103512883600999373349344273909389798490782801860893716751
einiosaurus,88188922444945698302390822754301289504351166565454556247076004397215271328466
ekrixinatosaurus,9891296336091109826956981687804235180769045647504900351946669061235373980943
elaphrosaurus,8063174348150740696472071808397850974955128917203026205672233474342422993946
elmisaurus,78994936067063393694896069747062761479145635316186972540083895001521417636339
elopteryx,39962165050672882233056416706195802188161227166012730526132806955185132579043
elrhazosaurus,25795923309222807216577622388903046195409254182803124811427133600526929965642
enigmosaurus,40742775273263863673878490115637718260697114745906769165589287962682398283466
eoabelisaurus,57359682517741039197796917770981919586808350139858122468529002903877708854067
eobrontosaurus,62477385543130897442541512413400461976756496377722459155622869360240306735837
eocarcharia,1027623316478717269381892509329586626853396021132891479529304972362838216192
eocursor,80534363175915904526405420681853374770007655152411689584023072139742198647542
eodromaeus,59569426447808875877402340866574112274337208812971161123524021034953375097468
eolambia,30350604433064651265600553825263852503165328543043944152844889900635431184422
eoraptor,3854644529827795573212580010751522219064436748425576132230159119268587332580
eosinopteryx,29880944860067548129906042764272865691044319409521710273083059885259552136946
eotriceratops,109829821919776439748060864403163172048874206404759446160813334299880519444465
eotyrannus,85665708662341666180230926045034670929733428825374445546958740163343239364636
epachthosaurus,67141087441021772158995798705999246030125953636210704399814907551154664152420
epidendrosaurus,53019537707244930140892179960521868992844380323238116932160810182145335763427
epidexipteryx,110862471772664680598664838192800648726832018176015760496927140586015701647321
equijubus,100128971461674509332772394002279236874445520960501142429992158759779594454954
erectopus,28151670503119317129382007580033185251995353890116581981727630778794757495707
erketu,66828089027672962347702391543442653294914873834103796353538288825484081861330
erliansaurus,111079520771163439665175699247541070671812229856494314270521641278266352374777
erlikosaurus,18292646764556713428321784727727501038879455656778729002798881276036382976939
euhelopus,92939516552817964946947810053420242380152971687893158923852494359643334119076
euoplocephalus,107964126213988631824241664692131450021144783224107379172321623276541562367421
europasaurus,5552391155778854015694235158522351204100751102727636052318453276012098471427
europelta,26701254986403688431882602134292980143428687376432804005541744240602327663182
euskelosaurus,58003868448278705457253052239551245726644224166722248166423968001722143460867
eustreptospondylus,41645713216709223707531947825348508553734945446270672850885780212405082518723
fabrosaurus,105593807401050469427341692351752133348969120449840128527436628141303242611133
falcarius,43230281730432951859369537099963426258838332564818080610087992327648470998737
ferganasaurus,37790998320326175670829439536316227404301381412805066526953222934037847387951
fruitadens,108089171945513183634960153603157125175819653797877731852407360993722140463022
fukuiraptor,106523415699736948766374933971324114992842114049201069854850144531913231296931
fukuisaurus,91174616219240306217599099910389798534609301761646258244193169714995177195928
fulgurotherium,23251668857393755797013082603343927963576596547920989595763928469236103624517
futalognkosaurus,68978477626809074360850012776185255834490514008148438632803604789434116287533
gallimimus,3217865397273363075173483058100070260851452008638562559955236702601521204412
gargoyleosaurus,27442893460078637405439898900209503766332839913835928160596425739966470048807
garudimimus,63481401302168475954886142728301140137279595624110355659865357594066446346437
gasosaurus,78802463962963117230077568719593863486932442342243338688643741656386554927977
gasparinisaura,104176004036173584394058839528108051521111892483662632127853486594469280985133
gastonia,30568666834744283196578462954171941590930437752355172936392248532280136004496
genyodectes,111271470109422156983068820354887985510345365931365613681724670372188816632674
gideonmantellia,96976675936532208338160943729137601769672944085937218821372174489697767437376
giganotosaurus,97233312238530219029260650995439689595291073395192537281500140974931132777320
gigantoraptor,37579052803383359236917819343866475805150633058101343228951627343142933550558
gigantspinosaurus,53397087495474609065298598545969508160500623733291707521325252046982593179711
gilmoreosaurus,59208774076791508354670951348688536448044371575825828025818434243875685141266
giraffatitan,51093858734947217524152193108456220029214796697993661007065505038585892802219
glacialisaurus,70903045790916868687832615214943184530146101939357422932397652948253994825688
gobiceratops,81449105917138331987915141025983520970692847122824076072448017955079226831623
gobisaurus,96328891740781504865660106272612008612652385348761420777411329442927010699415
gobivenator,107994451650752305165875171473510765156428280205934607339449362417162835074237
gojirasaurus,107697271397885523533317174519288378105895436386146942801057511363544756564423
gondwanatitan,76566028086914982956143004590592862720996363157398943494946624168348483468401
gorgosaurus,22776867028313386688030500703146311327131639171631095008713876143856684425802
goyocephale,107355091481138954190611985564890663635201231597101016192378540069042734970102
graciliraptor,27972694892426065826643202277562471869227650026157560997000659427691978495971
gryphoceratops,96261981656694800369274831431703488092955528167922297284426849000598193592632
gryponyx,93703199585412587203412601065506671668607798349254060723359808915019544014983
gryposaurus,88790458019718584611557717866617375542727673969137029510629877714009214731489
guaibasaurus,50212157749447367121461178810141918033491616629567655068008098619069500264192
guanlong,67411864558902655745853863909778246382277653802361906670351836297321628803317
hadrosaurus,87304869725611249534554217655676949929124857371422317430572603159854046349624
hagryphus,34523453961782056292725929047332959192055784388844295229037801971838965261455
halticosaurus,101890487486103432436636617341030276130608723754109703776664995909472784470824
haplocanthosaurus,36557372141047074815704731927206338842960156063022026966536727487798128010426
haplocheirus,114411688999758413343765867765157293653079843362857229994790356433021286555263
harpymimus,65251237095201203573362403707818906501785081493593694143974952026373286698405
haya,47534548652810625915581688944058685500590058130170651507741843532626507351783
herrerasaurus,94460678784486228088653076228516584243218449645052468413900925432834698491003
hesperonychus,98973904718097703158598518193517018705918664513533071555725906875061857260992
hesperosaurus,70400960999824824457714892815429647709251049466172044136912965157852420840796
heterodontosaurus,88524386113095970381077508055196544283274227459283876819500149535221275380962
hexing,70381083983704346232179363799988746128203970516884637166088593930455810278205
hexinlusaurus,106602097440349545106234791992015220056277229187592251463249102233099881547124
heyuannia,45222734150584789890155882935318602501110443857233673542846229611678115158541
hippodraco,42642556806053207210382666380307578673672725899827131606678792172242172231964
homalocephale,27510012551160467181513307171824486241611711276271472431727877365829196264431
hongshanosaurus,40242861270957200342134103757408868480109258938798718059690923945907009151022
hoplitosaurus,47677000000949325325087910387642969600407368527975992299466753099054802523221
huabeisaurus,18258591859226209487319721683775440828884471171229656815074576488040395115637
huanghetitan,29092430946116207376726081697840857201998437263259534796362682263621725197758
huaxiagnathus,67221465788606580873745888559262263303888243692793760693492136680574840235510
huaxiaosaurus,34848404308064727298768906154495382901001159182454843433745335981434454664447
huayangosaurus,29350474722053566333832456195670987249052557838311064333970695418008505783501
huehuecanauhtlus,440082877609134824287128482378372652178878184106945127396024717914349420858
hungarosaurus,20984911245409774906705712052784579286567581046425581265089992730051708135616
huxleysaurus,28768791944501202262652193733570863544134371720896417235757089563308824887742
hylaeosaurus,29662573136861651321193390885314057869395613002914989476179190177953189960896
hypacrosaurus,108084845809538299483263825597195844856350617029077497427601579775989472018660
hypselosaurus,51130206853363365689013515340228752552069901008752344040971061386622814046577
hypselospinus,74663043519468788212362493637677826086035639788971768568065442117339052151969
hypsibema,113612323749921948831635434302347154242503219631848589049433902706912046127194
hypsilophodon,4457490973926316894866944588350431690425699801219838017140413376021253108752
ichthyovenator,93640868729767402641318786519547677039027765869511892831404496916552903261686
ignavusaurus,37034759365913144681166356883684125198267393522094453056076600986883217394875
iguanacolossus,29683001228317218435067166904530949917458469994990220528517725996931655889797
iguanodon,36887843704818097410585289357790936641609910097508484203349110909007581526619
ilokelesia,104501632378704566190184626267920858209346198102572262970543762864401915516310
incisivosaurus,69234935022493904112100888639938178993101732036237663990665280791834930390934
indosuchus,88572439814292132166785177295580831877017333268884526365169677939606505399619
ingenia,104485117305116734993485447992801418201686691213637114125075728519945445409248
irritator,10252941198368179750578222130861837981603856972269506199067634678932196864209
isanosaurus,43421072354155622082267325486250503670982833215148239381243932813945244062594
isisaurus,77131799448423914890118053715826602748492440073950237067436037910707423426542
jainosaurus,5689292799566145988250935183384333507057825147134343328891930949981197282926
janenschia,3100965311512693234190199244595036769734839258589310473623230708241563898775
jaxartosaurus,90872632500112474724266299814086510544428232382561289886850355995571787359238
jeholosaurus,64076070280481769187663134156491697552928951318647371100147648264584005661652
jeyawati,24058540874362924928027494681408655751421178611781570886291344430797222210132
jianchangosaurus,102360786100936923955159442768639355828119434999214447929558715899789753733585
jinfengopteryx,108440586843704426069316274126845767223903974463120883002675104134921591173110
jingshanosaurus,110450375981357334040987271946839841150495447633593569854008579734534960299544
jinzhousaurus,40644183209121119838428277866299886522803049514621169349326778580564101589244
jobaria,29805262968542184504016991087748424368021230403246361933876949537626383969607
judiceratops,113308407942849999362785783113769235542238432830519311964084971113986833273372
juratyrant,110055566631042996742628547329384424438597710049462610330025717974606721718815
juravenator,91129282135281681339375203373684137200620760062348598088802680703247746864934
kaatedocus,100512357366062175659135185604570408974155960290296183428668153694230998415899
kaijiangosaurus,86463708942777909999790707614605674840875518026890623845697215646396315490444
kazaklambia,40994117542391859822995632933219369207280274080318955995840873967269652094045
kentrosaurus,16063848337118674593561113020379997910671167086035802468019283735136469920612
kerberosaurus,78269344397666713008104791713220181437121602875773077242315043813118933617984
khaan,112808520925853089330830942087606983739934634401804135962981926692982162307751
kileskus,111742063723627489216730133190424364898759865514618236843087539796847898335898
kinnareemimus,93450221055264920442800400830653972832728845614861066963659994109889958164654
kol,88306254720603115401322644870841822417230274484302131031028974125104217096177
koreaceratops,60561307456498610982277729239566195289568321390182381295377323519204555272526
koreanosaurus,40702736307346910020412537177167654406820115784672145122877632846279328156718
kosmoceratops,108961347926948601795900784468173250462481055757422013370591136997015300457531
kotasaurus,52111173729286287677810271839460262178093009917149665069519459960221858978583
kritosaurus,62543416029155090179597205837210197159101604966975231448781250773992530630733
kryptops,7276409402472380984321896513823329227200202181861471521777481636953401274502
kukufeldia,32257972270378276139696571943595402841539773940387740783221931266718087408727
kulindadromeus,39297946030480913740949941651572485510096681449227828711494360290952350413521
kundurosaurus,37578600658905091303766292781014909783136507139004263900403478541628258397795
labocania,105943175837267860439373923046898478748005786333560304475671002455720712222267
lagosuchus,36684722194840077820674690947827896144645153853505801054919752473260161448575
lambeosaurus,60122483444683657072320555858351451710742843587340476912953087765230239931404
lamplughsaura,22214334048489924613740879931012609964093758915169152551572856942037171397216
lanzhousaurus,49467084206605229356562716474514949768986127694654499803554977571041367909292
laosaurus,115727686492922862407284395470099254633333812556405061182016380463067470660701
lapparentosaurus,51018057032990112065278347337470581219883337664328012015706332373389105024230
laquintasaura,53382676975999395112448566201476810863831042213414982836469573840568565710863
latirhinus,70222797465545909588708902222045051128098686616581559240655450084163457064048
leaellynasaura,111761763979426549640031677847143951067294388320447734855537407963198514330959
leinkupal,89655098931508243300905017233362807673390895023021817440426118819553385721693
leonerasaurus,47209665065979610327851535302433068393451442026683690760017707438701770225080
leptoceratops,2298151144242827320754301945716549447263297254708047938400252592774038437052
leshansaurus,58847332292921316573094937681487272870554281609640143581566664377246951367449
lesothosaurus,62231618162818304049586338266547954222858253871860082087635794435794271262052
lessemsaurus,74434282399980426711881433606739255357926768152921229836410370545267598690981
lexovisaurus,94257756043129416498518491106892735283261864727128493658802682820604519419977
leyesaurus,62113814201014580512134207296775774321122142262689354205756583956590718429765
liaoceratops,113697590838657183556623537154468188505843776457405230396857730543255289481441
liaoningosaurus,73038585147565180241985294959531699954770617225059431717516502132332230972097
liliensternus,14250497758739234689442194310689235653556689285736416381320586960822464172605
limaysaurus,53351288980983617907239212795451905415456429934753209694113235699573870129565
limusaurus,52977928565566783948096212770792725969711054052767361530559713898554897667561
linhenykus,76030350496492851271185609476826661834220205485173749834106331360217794380443
linheraptor,71467859875917580060211655897275558559047859996881057756751493579665999228513
linhevenato-r,91217702160618951262824997322697710811382203462985844217519248876767075878220
lophorhothon,110521874647364965870098290357061115293492236286349113304721522994242883651224
lophostropheus,37728017042930951419812291184047638146192416822256878014476517291406800557475
loricatosaurus,37882675931577867939622098161282876708096204007036204488209381162726515654251
lourinhanosaurus,66412733074832510608617555909949726133583823607588289119912177308634992045926
lourinhasaurus,75367176094745724556865207506768510585838288776167009748723223493474990410344
luanchuanraptor,62336521244995874720726489930304902189506892339497111040242853101228438732248
lufengosaurus,5378260322021039818132098927041449837479170925154613665556643874825891416196
lurdusaurus,113827777437943194108045631324388197350793433919248990241577453913071652879710
lusotitan,31434817966656502087932829132271621260482783844660121242310727781628601668695
lycorhinus,101847001395344597904701998315048021096242060311035562062832609159519770068331
lythronax,115124159163952530262868997745980393122938865793299910775400890683370831598872
machairasaurus,16425448154703460089145997048598836169487390181480984389236821939947289023144
macrogryphosaurus,81713689536560934385711899170814659787476218981582757060354382490794437940703
magnapaulia,78330956241678160315601595030670036295022106811391871008363365806171675329516
magnirostris,85971161033418624569119170167750032144653694157972863875888009774228770657279
magnosaurus,14529095931228626702693939054286206241367257145186529202827111129101403363371
magyarosaurus,10739554098452109951336996434792285254343896295888246187673098624774738626388
mahakala,82968600154329430836610024974096866836686267566471209999801334603769857956403
maiasaura,15557362504043061080389668089751100764013518615153950174109833694102907220624
majungasaurus,67274526284880328057068951081259554179757777342095302336742437132218733030972
malawisaurus,81989530957116130842759148853259793853170818574121403942783857188793154294559
mamenchisaurus,109041749783312603998654292212494668937399531930738456717349020298022037979457
manidens,84609875495920890273610316021841302059540109156270403802903384252994039256547
mantellisaurus,51375478241993131047197792383422358087980155532075599820067752234936072669776
mantellodon,98030886789204239651604507850059871761304835783960414560622069573590655801726
mapusaurus,100225990860554240626768300145980959819291411871331843278584981040432038426965
marshosaurus,36083897770988817381242503277376307136358134395959948737516256225287018272716
martharaptor,88270151329363471085155974196730165864049968316202314756441610746625532543726
masiakasaurus,32996691965640763018900246747699144908764912408952748008019806134489044131532
massospondylus,8023916491127744452414906015470811819911246280110171851236695887959857094036
maxakalisaurus,2842476550980163590192390779497645890942449882506000591430328823002076022455
medusaceratops,109386988493204113284245777095452600215238217485157747505149324616887993684229
megalosaurus,62121160373147675968666270802553922756396374025603812610265800270223881754712
megapnosaurus,71664407241575074812606653702957789529863820765514551165459942701051370446175
megaraptor,13318361123222852846180576681056011350299099497045953693239011784791862117184
mei,98983405433714162114478323048599257757736594956173515628493748110052492420444
melanorosaurus,39486183316993277886362986990839085542318303088633958313907183572650010889715
mendozasaurus,101296775975841294539520491364546853601976644934618241022786770262119513689051
mercuriceratops,47407338566325391124671671391538542473736853522350718711984698355515011611400
metriacanthosaurus,9585464545971303203351328893332254115985369905811181741114395497850591738845
microceratops,113919913311786636468258038775121028284676858922037873017464986462471066658573
micropachycephalosaurus,31656746664936006433172914672936783758935325838408634323975470042427897953168
microraptor,44675365353228813796944141491395349409119521252011139597021133701911224343557
microvenator,84137490047611118810166300667776231452872944358598441662551173791046587143108
minmi,40161835352278241514384191948106748532185456853557695833762577487469627322025
minotaurasaurus,83150010805204199491988950160257103363593131676414850652268591108789501345979
miragaia,86974512941756887398736747895310790203043948495460823876791178857475801255909
mirischia,65986218545551773616883209323290124159320914020279628726259908069409262181951
mochlodon,100019265582303214680543221136268861727655731729706448038585040595249873096331
mojoceratops,29510799051375687000355052147643355661440333965612284787097269278533227071767
monkonosaurus,111877548097330507375572886881622711178770967664653851209414913848508629843447
monoclonius,90886530616929282684775619881841471982458923907861841123004833967421348743312
monolophosaurus,9949462917993454994176305881320886919628574041704826903231194803241210896854
mononykus,56506874663877712196345578114429396894857538295799189731512233772845738655739
montanoceratops,23615977406039866296851813106411560120582462255037197527343178790700178741373
mussaurus,105194040116868380912911947523136511362301150375802401838439114464605508059964
muttaburrasaurus,82030485963716378724471763460244737248724965623825819265098007387142968132698
mymoorapelta,76605085465056283417967863900595158792303899823700835636263147077553308329866
names,101584057843329362254805710706839834585951520969915240134238726354009488939542
nankangia,21513421319012593700020425665238647441038436422597455166751666964256065494871
nanosaurus,93428577415619818102932070925138978447594652446542676007099777802644813084387
nanotyrannus,22817943517098466105348061203286025945374564691625749335197031559572207611196
nanshiungosaurus,86597030977109329832991867840807324518446447416251143540725889471622530279415
nanuqsaurus,27252970020292268299577028233812944143085674265071654811809104616634807347861
nanyangosaurus,27095534289758231880375706479539896646723257650315701104924735626017570970440
nasutoceratops,68995887498032328210548929843694354682979127455874949052121820913870645240349
nebulasaurus,97502673105771078449774170798512431837169073171539971064529984936031583533067
nedcolbertia,1721335795369426718291110169924669862918568990033116893691438911916637402005
neimongosaurus,37144643840250477269791250001812818010987779992632194437355897383570618455249
nemegtomaia,105461650897432493327224872632709973912430676716588897629191742167489305065228
nemegtosaurus,40776008305232130954567377544854719732765302050550660966432342971886370371938
neovenator,37503832078125527079710596974654253086858578302090194802281690044238534793158
neuquenraptor,32450957503085865639252777011126911960766300928677343801569017822653466270739
neuquensaurus,104671355464761750612794077690922296863736756747078172821564580772982963743350
nigersaurus,43646679689017899226195574134669838590528627306065534701724592309960037813819
nipponosaurus,1495629237091146997561278326089654611453889115213170516264304848966027917422
noasaurus,17460701660993149727067800102239172851572370314891364557893805206401477743579
nodocephalosaurus,3460983345936623200061587033543795337260538488134545950012833198642087541404
nodosaurus,29251918266757432669150854496453993895858816410338226651964950093319340904352
nomingia,109079918807218201576384528758929470685167492601778728901913983329726426965193
nothronychus,14589195722855861560284822426596235602317221099555917695789109223629346963180
notohypsilophodon,47619890712678673222262590123395837576240661506972435235021921272792691812550
nqwebasaurus,4527124853986245685167901085012010760875663883887938856976082422648316443576
nuthetes,34161971031338243058483048020901101059768611854059809115484277547114836276469
nyasasaurus,37304759303630772346275096069291911399740236300154150431979050960767524682908
ojoceratops,92830381588213727734176328286956202654818263531166222009717172852895993878860
olorotitan,33685476128534869095687195273135531768465089424597446081628570594297433821854
omeisaurus,74384259450871315951139623979630673880899907947811756459154506117661642416168
oohkotokia,15129986328793036185376952404359014616838691695346765799481278970095099597546
opisthocoelicaudia,23697321800968289229201507563396130371862441844186286595488918818800170784060
orkoraptor,36089956765820013923122733671997378464174328812655162926975447185110914975820
ornithodesmus,82609893971461731257015163203417754759431642515060958140303261709281105057927
ornitholestes,14411206431844678478446549125669726912177136345839041894846940139343373160917
ornithomimus,5080068304949940240782145782910904186285187020197645404944522656411714276337
ornithopsis,115315556977455675856064296705278998852733028203338808191860979963259106018113
orodromeus,83348332260997268675314764383753344996438115916278269161371021191395670971090
orthomerus,75728889708440431320075443057521093367954091786082659815057556341216061679474
oryctodromeus,92616389380966354818712878278981541975499004899557548809632646718096856057378
ostafrikasaurus,19058921591306974177765418766598516285989716638562549001453832206597440849454
othnielia,80773103161842133729046115616082976878197401471421769167720912707394487677115
othnielosaurus,54404653898819082376152614840575046538851425674432662945221574209951936814629
ouranosaurus,93599028432662923622775212714133757903949642016184538109471669992833745893100
overosaurus,11983967890653814318843658118680872588158091666474082769757191726047489675970
oviraptor,128455748293570782121156883880363657216308636198580210072865714432099212117
oxalaia,82209058960291227028349391761415202531576727834217402150690255602051284881497
ozraptor,91653723392146713052243880164933946743849774779886616027763806213980268900271
pachycephalosaurus,104478914418374568061156482012553899086254251092491659686103368193528286581995
pachyrhinosaurus,80001269623339677116363768087574958408340187317562848487910047839787259258093
palaeoscincus,69812393237243391792143051014075072101562879710809446370515289157201769883009
paluxysaurus,76818334319756594209672970778411656999303064901021859933201853420731492549697
pampadromaeus,37673153458123687313503872129314410959580485854724608362713240898366391935438
pamparaptor,93216885785902416575862954040644774717078033012303828351495932758135025847434
panamericansaurus,61880418022765624540586753729993731508213035803555970659942191957106603826325
panoplosaurus,35211266318222356753925067599302326258463321895454766305513413113616558213759
panphagia,70978895169331564119852542771304617910700662486067132364604042328744315666459
pantydraco,102269918452592459766417346582611637891870229538871132744490038066139957457655
paralititan,53889036082134984662212861702255913960276650665872642491000131524441448596258
paranthodon,82538536895647238909219001506382945856327747377722131910226182436788591148452
pararhabdodon,70282728788841718389232570704114105181668122126723974424681012824478850917928
parasaurolophus,38404204667483905902824714567150287053992478252332773459796106816367393188060
parksosaurus,67472500971211693845135306341094904629067566138530593962184683567425277448584
paronychodon,31904500529011909390753720148631790497741064155310876923553130010525576768477
parvicursor,35357243126541507975698736622165078157206876770573308834428626871299685021859
patagosaurus,9792297200134640440361542743613578129669466054976438272722006512885748119087
pawpawsaurus,93000196767855277386309028187361947395688279869611675895078370182447828976154
pedopenna,86524278811821536720117256598456749872085633248252802536529854567471971189263
pegomastax,80664489236352230838707898939363483213099940993849343588696154783588273311157
pelecanimimus,96173863066783115672392619924580797119621534241079002190411689661237675182263
peloroplites,30678217431595608971440418277954372941357914713742063938426153673633051213751
pelorosaurus,41558784127777843874858264719407227384395042534466116587497795932532845145487
pentaceratops,98212889792956639788509321704356087205852675290993525783390671848329935971542
philovenator,2807736179763479453505969288597705949517705902814789849021394465480693406687
phuwiangosaurus,39179678327224143491496884444160473326627618150698020494030881436241721478211
piatnitzkysaurus,40287191083777268991674789300910606574172946020321302070956604937137650692
pinacosaurus,69014964910935598794058480914027636705270745850274446084771492415137518189168
pisanosaurus,99740505689796604981919911084707239301280504070825122574281187519866197672446
piveteausaurus,25868621789442933130432561315582393811849698942611481026229125427460423222686
planicoxa,94569533303033533581238485827312192852217238657495979299302550301955027712125
plateosaurus,79735947187323427131498609651483090545626021676800272255724208490616824771243
pleurocoelus,71872615020918066554340150917464954945720980866386374698212431460046325194518
pneumatoraptor,25000811634805837504069427634497239249578034396658491166048961236917048862844
podokesaurus,46407338497606373283668091582796677467447034649342617978942493407552798132965
poekilopleuron,67675608557160582316085776386537307507834073916303773386691818742788916756565
polacanthus,50754961840216101183588640927716726793148045740269254696695561232721282591083
prenocephale,50148787131523440836946892068373779689209499169721263504190009610713957145615
prenoceratops,53614302720520613701474527410209999568158910919062591371739985869947815210363
proa,82174179694935036735982374311591509811233456511319852673549411507226516948338
probactrosaurus,2382493568558316414354297257227432571919743718890818302763954272554977564226
proceratosaurus,105465353360968250331567394640691536973879494952819350476875555307157652812771
procompsognathus,74129138401219231329354655403733682471805484178229805416326546207050481208104
propanoplosaurus,54591525544226491157122933339271611342768771500658202931446211937485074357139
prosaurolophus,51750747936735696154999784463537389635023187360886834263843087763536177049656
protarchaeopteryx,104850312147833549726156436609302960199304958734315632720486795824347348449140
protoceratops,23005350516783458892022108243839388097908637267453275063124604469702510866081
protohadros,31185998874968681002379255339801032589475600437377568169834847034753732875160
psittacosaurus,112067752052712671585879991672480347776029816483310039171652212454054700943960
puertasaurus,15471317064007179702936560866028474524545624210627263464221237122214436540837
pyroraptor,77601102909882436123160198485120973001518503799233241664025823214274727423921
qantassaurus,8978296702434003813840250153054060245413262551388900102209048574221372852768
qianzhousaurus,24369624681660435319440539407404456038443252574141374592970270022104234080809
qiaowanlong,41400632156900156067333573227563894328871801613276413329574793935426377446717
qiupalong,1140915066229569128389088164587456611042366153115180681703786233919620911528
quaesitosaurus,21051263731613261484003687424005326078352562787961994704981926971650507773659
quilmesaurus,73911759776363539952735487043962394631677068593142979247954844298534945694299
rahiolisaurus,44255317589544185353671651734381646633447971035079244530794526155890779788693
rahonavis,14618090059942681965682224821144104016553619376427990277070656495533804831527
rajasaurus,93946447692911701276510043514437649925149912431158453370764439773276862058315
rapator,76553424886138555384448966329255629276374651410004046406454226875989981172663
rapetosaurus,71629939963971864118262836297431033772031479967972481509487437472782374156044
raptorex,110528495259397454665102157232098138627889467859466364783108850555689492550124
rebbachisaurus,47324103599312393941816256928497426969996831030419672592853615838134932453987
regaliceratops,34048868837815468169526374268194143815926843159451104772058038777687979755990
regnosaurus,72245693896967623420967879175338259146066076112663670839052621904571802139752
rhabdodon,75567279242094373293943164836210865930415530187270006589451701360070383486801
rhinorex,81832290182247523995243776815856774570446602330933535143106914220719229830660
rhoetosaurus,78026217891753733539280413855903575757953127781739942880958351031399510778392
richardoestesia,21808758015887314651229942886974580128326433018614313252868072441652404488144
rinchenia,110034728923546438950977766793231163636430026792734590018560738256913584544132
rinconsaurus,96744786544106853569146799695993286006857293182743450764339915531236205483152
riojasaurus,106572235309341531300030765104313620578158540259847360495428376611846648832101
rubeosaurus,77711984462531229473024736710825785820560093853288055531557891961061610657796
rugops,101903244812514198773397029983951813650533015016252729185828693657978483664173
sahaliyania,103853298403235590661350805089684049876210288940172712107181193343164362888414
saichania,74352942621798807514426586681750795826662615781449849708494740561261405819134
saltasaurus,88224786984623008802929159000219210540180392581809000665822508076613352874865
saltopus,35741212972286185514126169947358912240938581430065745881547050440994756328719
sanjuansaurus,50355501316755402405646471347328065499118675438348545472149260586273395288187
santanaraptor,63230178411259158941430047362330653171382124545216694369412880464547117716349
sarahsaurus,61971624988377970827523279441881145220135390556765827291608346631603804611788
sarcolestes,68395114070238812348931188485692248841913109505846177207927922644956424011815
sarcosaurus,69056050547766682747988843638756721226098944821063675428617266916555971540322
saturnalia,16553244423475832910830829822054254528945306453676674116444543162612110488317
saurolophus,36477811458508743677059441301718784194090547671652431724988010561677009776572
sauroniops,51994237864574930704136497041397729762224594912664511750571380174163246581202
sauropelta,74084402227751676806585660943969200415051544739674872112847621812228728864116
saurophaganax,71601319706324732934964451178739141514347098576601620015079571112466504830506
sauroposeidon,107719272308514155472413075386940748480200335451956792441695336180400659347570
saurornithoides,48913353288335436262764293232790402546454921329400532997354168872065102613268
saurornitholestes,24595645643322953346063534051155670776464098544194264056765679228611346097919
savannasaurus,56722841591812462778417038097128102754002171774170000956409230807779275664548
scansoriopteryx,79288611867199870970837525444285364162864153701070341133100204854702431422684
scelidosaurus,53932456738770400870226361582149361402615406593888594425494522331716373914098
scipionyx,105203179623838855955398238242405341441716574636475784657872876811929114839390
sciurumimus,16366120691709010311165720028027207788670519311274647321916040200819638888962
scolosaurus,34673933107724230688389565225107965467979309045052646476029731659041354287390
scutellosaurus,90984270911230969236515504546211142747092375811110380127445680185080184554059
secernosaurus,27635001535209456952379547530321704531877559948451398064032830353647016385864
segisaurus,93354629741176841883473352879332904837704676455166572349886176646036511405657
segnosaurus,89990465929578777391499090692118415877704757425100629547329542979123513889867
seismosaurus,72510507273770834661208405746149157236815879777366102516453447293076561448104
seitaad,29005173236638989754332813830090156238035242913051710998691454193828104953538
sellosaurus,98548246850680824902495506062827715757780552852077824713118579710090878110339
serendipaceratops,92237537045440045637494983348474178295887925423866002092204870423431900405054
shamosaurus,96564728240305618608361863459536161974259428320030324189463971516453991725934
shanag,87591599068239369263436689064782035471877776567525911233658425073588849394196
shantungosaurus,36485825127806035118789446012278683892372679102655102749468037792246417356834
shaochilong,23604951914287299128380684354354822484863113933780631681869808115815919833603
shenzhousaurus,14379602435201627561488406359097957163451653769187807360399182355002237832189
shunosaurus,68304107662258391700886781363865463633011038546402667625031468914101043857950
shuvosaurus,21579545705953669157184605768721133461770900265517909825725295470026638005372
shuvuuia,3598424378479109734467628246000250608805908058054310913338081613788688986393
siamodon,56122401619367312122059277865828652978348791444558417017252148285611250682270
siamosaurus,79636223544971863880125192815701405809767678774161873261124549359870695575213
siamotyrannus,97173340796935827817332855854299016408155756252512357925645520740245540515478
siats,74581414162698817463090751119708741226188394329336243405225261583614967136684
sigilmassasaurus,80258909641297174715865718666410550417609554110016887391056352766661143409669
silvisaurus,27301730330037888200595325457248147725908532565775306874852034911402381732291
similicaudipteryx,111292855213496922946778224636946390616668287688088103555516962874210968504267
sinocalliopteryx,9728938560516661389416400588854385457976759516297909170953287455644022777547
sinoceratops,53186619107068907867568461371704145370424916815178221514113838670722141572346
sinornithoides,100249704245171125856282639412398875737804289432662970386125647826565536215676
sinornithomimus,109423140072458216582411601838888426331641477439719626976244104428841736348907
sinornithosaurus,83850291857498225267196808583961205924196135786174540968377847155734032830707
sinosauropteryx,13843891515007619685532136279368262375656271742706376378516366161978134520570
sinosaurus,56178576053486221025079978916490494761854033095684114470005480974176554617677
sinotyrannus,83357956162068883106538251701149274382267251396303225662516469183336644634850
sinovenator,8915831172264177275648692404933607261679493476010472900687502938877723469522
sinraptor,37198446789310219982602967507412547026036040579603526042482876964504977475688
sinusonasus,81343704186983914062403188779911464376880423027302936762894626682071609453384
skorpiovenator,108262754235123439862170955949587072013419312448345868940480903151848187537551
sonorasaurus,32822330885385677769927251365825363138739673629577132159696179901494644487665
sphaerotholus,66871506667695301646529701407489417795216718304751533699997906615944670786571
spinophorosaurus,3627926629533831433345094329035783730600835549695026098384563058615224750028
spinops,33048136521682709944036370778174409140148986054739809331102346966527355415891
spinosaurus,39610773056302356021037230138037513417400604410035582945616342209829261491010
spinostropheus,100339242181973097238348131609440365970900447342136484502477565800136839430599
staurikosaurus,20499940749817851333538559088939329500809521278388972342586641331904950569355
stegoceras,99337946875833626367426923471367570006024739936997592762021844163417804178765
stegosaurus,24051839700780827605834425837939496911874673850339904532887844310752917815822
stenopelix,61189049861478349364527271246944439829192951029225673572490037678874181956493
stokesosaurus,58563630319041070557407702283746719433904915424216455887109850624714842021234
struthiomimus,38036566412420688559343963058823076757005492301826709726058297847541837892813
struthiosaurus,9473695761502913302738435522390443373373388992117275621602484613077470952582
stygimoloch,109952421591131762407081963035546665474481505153227461286919488084603826578340
styracosaurus,106774633875410854994764531011613728083791865143221055939961935895883861223310
suchomimus,27709073910530643699834578523589981880219394387106110624165983091662218824057
sulaimanisaurus,98719218007047130331352753094335548063573384470004237293614266471543460768111
supersaurus,22523264573907430671740315759955251393384543927933115398521700128366077234393
suuwassea,23345186011743700546504516280768094235635677439967275865189298909844360920138
suzhousaurus,108761817104409630277398419019318556547642870882462640520766023449910229179360
szechuanosaurus,76097324217895560403944026613183802675989920980267407267769458618992480102058
tachiraptor,35042430275868240033747667124662257204995096070214295923971998207317510475958
talarurus,77558031207704557485889717334596263761050023101667764175201600603877689862982
talenkauen,5759735200114101555928632869889726088619043035696966556864015638345126448122
talos,43808701291839987922185706501176049471094040183442176501627569312739882758036
tangvayosaurus,25309120549542664973546271701873700908563417744187809711569857344435273329809
tanius,61234192931263518848224937803941737775299079943668368944200896776828113392058
tanycolagreus,53467248198971551610704976979168427949515384465776919485682008994965473753332
taohelong,43478330300635346348440047354673185076146662651492290461840120189280196182185
tapuiasaurus,15064516177225178028445560006682820304903611027726643152079396490981538752208
tarascosaurus,104854063130954431949714564969486679542818277770784299273209159871228053662396
tarbosaurus,17087043727755255811048196798272064227111166457254138233038597110184803927250
tarchia,29618953444432773218317612722311616800394562715510955402236375948633651919659
tastavinsaurus,54007776929552036781103593153907973872832371688812859161449860523535213435927
tatankacephalus,57938780733296510766194288975306829317549106716257140471820553186170912189105
tatankaceratops,81928549370754534182354870735622668275777820924773689655225990309511947231659
tataouinea,68132557246334098852060914975525243164244998162161054497297813798652178919107
tawa,17283584019279050858458734559843535489583201365656291439197895458074035316902
tazoudasaurus,53702202064949857621430030661888494293157726377248628615936390723423233282636
technosaurus,4436376187546712178678071337478128758664960192710287155229668326122662334256
tehuelchesaurus,14467748647110928562397644101067687587391287679646248244110558635868326823150
telmatosaurus,57746160903922282492998455862947905165327558684901439746510895058976689769102
tendaguria,55024210967432867292139274338871298324627341452584704613916899237381319262552
tenontosaurus,7002454327016173732562844718890107692142355878570778073882776341085193553254
teratophoneus,13779413910193761978897557013893256614424220919635308539073389020910073815147
tethyshadros,105685469383947237279105956812175209571044653628019415420382620013802387025236
texacephale,89439334683999110346928644224238039444698800658659969792869738219853271779802
thecocoelurus,51953718920112580439623244878960252218175854463435026513978625425378473239145
thecodontosaurus,69476818733737392436454817649044729281336797504274977023076264651911029453151
theiophytalia,62357131004597622949903118866974637155152318616439467373707574611070303267128
therizinosaurus,110232326546383439031166075970487841942836725408175683879805584822736864731544
thescelosaurus,44468793537252615496956858714264528875216235587648098839148028069454996971397
tianchisaurus,44179700000344932841768617396679916327471192455599358255962223804066975752799
tianyulong,43239792642559862835192576705907143137557403080843495206861126163505086622500
tianyuraptor,42980152465525774554309417267383359846049857396077710125369005739940333231120
tianzhenosaurus,109372198258739724576585839879313844169222258503509779008389286238020142616589
timimus,2335083930339942506894000445788491078053455757399980801364163248513013770293
titanoceratops,35267762855564012958977488056394992112471860258842578183532441955690622162897
titanosaurus,45553282351906255558153730434503029372668196388928211185912873118139903901201
tochisaurus,61219893326973139186864815742782111877658263137078406212921539131091469450646
tornieria,24966796047830559076726885691529303949509403041102312974275660883164938228891
torosaurus,23145710659659010696516005471901806457634729090388095677665732723456038897760
torvosaurus,97798683025290955514867151174108462861199498465737226381633949581626392514108
triceratops,64772762595842667683721305581818189892662434907972373411111982404575304111675
trinisaura,54800238534306448493020802849130757284574048197744307801194328504640306811256
troodon,47039559149154325635623962721332213219843762181493737299760491155795915599089
tsaagan,74467300022498078493094958796546635237941824309650271359389440892597566199822
tsintaosaurus,71056193517387970184034561963371240163227817066074792629346417170197582679593
tuojiangosaurus,10942647982892496198790000576937707198029845572816892725921864150956116392829
turanoceratops,38116035216697853948951023890035894179453779075156044047135692691117642486354
turiasaurus,18891715847856697336967796601046247127779843518544482504073136476292160735906
tylocephale,37667688756380103085657269911307423181543794253161004186164870695032616132958
tyrannosaurusrex,108190713654123239402580409169216566043001543032270726520804895753911001645242
tyrannotitan,111118828370247600755714294618352225250229537283735670094360377563140424301770
uberabatitan,74211032541175702626832892276952741347465764592328774745471423304082277546417
udanoceratops,25987148389885779175335364305044109086622342834481140417981344646643648892635
unaysaurus,107060209627190462406075915229231981054140235490757466760040196385140188117607
unenlagia,5828187556254825818561058237594574013352251964027473269635881428317593768591
unescoceratops,89427027876115183448671593667864431189253283262691184880931051392282859921499
urbacodon,15226561699904571950881382365958162900585695826174893739765031664045621180581
utahceratops,55691900607283903357456527837263993107647364839190479774578046802032849737792
utahraptor,97786118565453553247933034243587312807440356050923932181113935543608844796430
uteodon,67191445714214453410181192014741606636751820574815370887282269810986819704888
vagaceratops,66137783126156165503657811904298786103450710903349390489016349717932753013291
vahiny,103623298954695854715354961764161229681073765125763442039587061410139361123168
valdoraptor,12239640692645182084389865602282318130430821537131197593414539118094101409494
valdosaurus,8508918439861765858174861597743993837540443407717629977973422080320609445962
variraptor,106619853882483147367194099673847252671561916780294881335552583280739877023522
velafrons,46328890425220303223592566484009246242376002568553159449256702444064681583660
velociraptor,80584536958123918904919452362818783575777323572125699351268590285775325229094
velocisaurus,66736773014198514698048406734580332612083191416202013339578506574158369617247
venenosaurus,6325540356198627688308830480633768263652541321249872162692609667582903707636
veterupristisaurus,27874304327593251867869241026014443755637883159330720288116923696958606146805
vulcanodon,13662612485329779536076857435543228746108265174993881930257634432561475030646
wannanosaurus,39541596825403658312292367417954175007084486768896319157789073617640374562768
wellnhoferia,92358801827588666706695592449264965994412117399936635915999770199325312502563
wendiceratops,65192075275521867918177334950919298610498077281461288721315442366639444754339
willinakaqe,34769115958316747582923114262483202352777619295261772282776357162879343220669
wintonotitan,53349627752553203227099805217537622627099280490167148291808131265181497680623
wuerhosaurus,82887834104714976682159448346581426841526049753359428944203883452787395630074
wulagasaurus,77641396452980522435537030701150860121301350366981790134264093663409043101101
xenoceratops,19447975530837974938810985692804339501195879493233712550322981789305090011360
xenoposeidon,99809328880162057726091927904606663593820084279530564155516068879649691565033
xenotarsosaurus,65219749178096505873332458813263972167882783406951062933379345217216952025285
xiaosaurus,26852208924606673307326125625329282884391965189096787723208895430135902154665
xiaotingia,75758608792259183196030464911944220898405207955714126088739116739290352284665
xinjiangtitan,97124738013076608574500644354690558656294423249909968962237477763433954627517
xiongguanlong,5621708005609073454414221156283692930742029419259600091937090743527474807082
xixianykus,13192486250335713749814397731313302142779902334545871453801881681109758223034
xuanhanosaurus,81409533076528078609189179428768046455603184757395127758525015915890544941768
xuanhuaceratops,86264152651508288163180047900292625996772891260788630636586903907933783928916
xuwulong,45548667265860253797981078639287706876433721429210105643748056971862338505860
yamaceratops,101493542066241355678153029492907810656438105381769857220714706068501531430546
yandusaurus,59768144999575879622437844766601419218722652010051837189989514840212378552796
yangchuanosaurus,20945069860273832711630973815959177295962879996829741478085312880578483068317
yaverlandia,54746915865867948054265902923332576430370432875263214844435603213031392111071
yiqi,102691602803105768221933778950011847618238057826836868906050963937344816466241
yimenosaurus,45041750854819662253944543939840804275806755098698614883429853198870771886995
yinlong,1079768954060404492761361897319964956094715688913043939477776004361583584471
yixianosaurus,90476693640660330956864297651446086275133767648746204436528763975342358932064
yizhousaurus,115434069912744308019018818367208097674714392647017456440249806383850676580337
yongjinglong,23435412678033223804435090248784452430539818946554987338795917553840242842268
yueosaurus,35200131060997173859096502849933313247442356979627285534413185611470942605519
yulong,9446930429731883694449065849288236270258939983592595936353012045931121605818
yunnanosaurus,104513166249919954473288906069049813138159439420618993828730000219715530658417
yutyrannus,26444735042495863728933013548709036566757117509592766927520858695024247264434
zalmoxes,16259939327380744061640815216209414992347079997819432049106253799049174224201
zanabazar,98773422888417739981454097103202250213766393459115511934974889690395808026776
zapalasaurus,91416901056625977060446036093614924230236950395856369954618637820192026243132
zby,71664909573380290291981934854928047343741241839893546055272808689983206496297
zephyrosaurus,49720414236803957471214972099589668743165896028451560471051212718840165849846
zhanghenglong,97747122956599764935885958997457735020563317780638256130100755714386042197910
zhejiangosaurus,33415709398376805165783059829935632072948571650326621993887554843402072522185
zhenyuanlong,99887823061283173565033158770540613735326564354845793356856975826330986945561
zhongyuansaurus,6717275604632429254358859510159644247255854432498416448944319048299680833413
zhuchengceratops,114479044601337181576180528889433613389409901799136504949390709775181122384336
zhuchengosaurus,90556024520627770483244456056386404730548729777622793795113811172197702911978
zhuchengtyrannus,84916971629792780783781494951519958957757413869439348820044392074557915205825
zuniceratops,104348950720124131775301746806823081954122419666860031519725211922849086132661
zuolong,83770275495380030189617859644631009962035243039254556089912128503469187347121
zupaysaurus,74071784664294667650640150183638274782058913494186408659970006433094008230334