구구구,74132250398344403342418665198043107820935976310935618439322443912102409466967
구구사,41236412411009184360570138140375641811634736399682691877080712312142025692734
구구삼,78920224875239429289107737990767086418468223446042679531339617117007155587449
구구영,35113110249858848669386807658323936665582251968470423356973388779943143069956
구구오,76041925900827876735437210269434965499238317147167913241521474185945571752201
구구육,44217053585321309488100165163909191479602598168131335161940550899073010472368
구구이,80310699800366260397354972896846811841094841009104484581311978889524862434079
구구일,90930335169457649048049003268713632298733617374136141784759382701848932053481
구구칠,40181284334522511955730846218265957923751485199839199826672177722610008154005
구구팔,98653824213826989951977373331663591827595625215565149303368675516481715568011
구사구,14496480995941842603049808078792559993221716787591857631815328130442463760688
구사사,10792647664250263606703288099203582516373587921348233296263702410130164706521
구사삼,59455492591869490562476585382319842358928819527288819368534528352066805543012
구사영,44515301976096491842020279972529382078909098578229942835987097398808387295387
구사오,99134213225868136461104772910975608270202828619860431230510066311829786058109
구사육,101114558057130202944078715280098827851330123292261027460517344606834591677361
구사이,55088170020640778840793181044892200297143838707570043028032764364028203179432
구사일,98494451551782624093761047097232024814298954772751364658379132400795087919257
구사칠,24079844770100146667741689194047124201799220244125539211555732893220728208631
구사팔,81404308425483036720295180421036563746486403367095154756716777957760201692979
구삼구,37187917120496904740298181062971285253505528074826019959450054620323688465912
구삼사,12938861896247422345618375576435289743242426094968523560258148532966621014547
구삼삼,27026678252970184594666422246259954271821629537271516692237795102621278601197
구삼영,108204391068740599704601929960575935440728889957651421829796272359791108436458
구삼오,106058774151384857714039031075389371004354900663752902845059451273970460312750
구삼육,80024257756931197919791663778740613626123714351456575292675528372594178211323
구삼이,101090657090572531734304023466849731220174545724088576998202585638217986325299
구삼일,79334137661310480044502285038030883160902153145474182590106232758242698315764
구삼칠,53788253517778366738080190848229869478358739299919637450328713383272613674736
구삼팔,6850540386453410275834702175557269707488794247520512292188055108406668477788
구영구,111594987447355701554338296635817285125120588905029048185962513609541449648210
구영사,14606260362973312705182016961822111657518658558604919678230622822377008305966
구영삼,113767322294413888474617545435680281365818034996372545448061435336155638367917
구영영,41997262697496665550495492925059897270770392419189522964778483178834854077819
구영오,92251508320391787665806917122588037196993851172547077102868140207889672950458
구영육,43782710626112732746537160951926380387246708832217600349901953048735504551692
구영이,72941456976681213889242597103898162013891975071419459961129697448643236220610
구영일,113324557068489699138359293035801684755298454713456235662923661189789428645119
구영칠,6972436325296167955887188219668188132408499863652166133400151742863048916712
구영팔,109821677683921162184805631007324517136432643992655999959678677009334726206281
구오구,43826527385748600461067168097122078803065284386636140614035028053952881920974
구오사,72767301197405798668400169342214018060813459247368415947530332696685477315821
구오삼,114624080505269971496123459214612800568998120494538781895892195862152776426489
구오영,104390925696229632663711602479518780375462515829685757161572672696325732985944
구오오,113456325445100997689122950097214587740015817056726170700102895561182193944908
구오육,102832051681859390717568487693502403853609109032311354694213981793806545045451
구오이,108208494495365713270850538125019189549165592735806638921069113253750936242360
구오일,75513431487958672141011393817656496958920426158245461411346129746563848940576
구오칠,108951827086614579326586002035194721949895295472171705945421410865278424588565
구오팔,106487874010423378767827919505022737180819430752599160758561838492527433958308
구육구,43289133612753413342084789195920532586035377898776260756732528737840871559131
구육사,107322745668888585182930559702637167896020523698736689413906675969900534614892
구육삼,32750546869097435121650021860242345693595361110800814036850560894071279324017
구육영,109166605033745976782795409868740804099915781011393343973694415535017354964937
구육오,84198343442625396015989940306926204849715653540948603585768164039427307613307
구육육,105169941243745587113659702378513779636308603873421167635207933692693948233858
구육이,52127182129666539353146353174595182600498724915325757194934681323706506738741
구육일,45437007492689681026700537470333564725090454505563414652194011237602128707188
구육칠,13630614538888310051166850545098566650130067144138042437965111978745340545942
구육팔,72894423619789223888119733016418141854693737353856055284214887278870845950327
구이구,83201659173872746466852366786948139327428212637821082617864634709401244165259
구이사,74089308189643441749635816135027803648428726399280198031745076798463358788434
구이삼,39263481187854528546201500961023914124740195267118289897253690987205965267681
구이영,89664850018476149991170409832933331243194041440366411564893472850885986582668
구이오,53965974681258248974890330559584693720658719660120026123558030724996101888626
구이육,56401435578010817078388976545823495441050795927487690546627547535690827312728
구이이,2276926844525123920549436220322099050645860441943722394474547542358614452867
구이일,12938890281838539041686956322372934930657421393365939108514536047674315317957
구이칠,1409436618274050748190154451632970498706822534143398009775500856870674422827
구이팔,90729027099204446766893702603472000274233902589944516530228758731307975225438
구일구,13726947992328549140965945432559597246326531811217505588763697711255620939052
구일사,83956026526907541429421280928140686674547458380244072588424873021980865312608
구일삼,93452685310701971637419442887390056752884270551406678975633181749880111212580
구일영,18967150349864411486679632496306951545824998973393886754915709905517664058415
구일오,3599202045608014176689552388234125934195311103951918337057601154084937647906
구일육,114623022010015091584724220659754364282121256115868809975397552105258533049812
구일이,9497828622759383118625702787557643370459974651910197090706336595955377438144
구일일,101544073374554531184108299127973666791140989678990357814909171124774670645905
구일칠,98778835916707522005509312357517486664503400145108000369824045403507450871683
구일팔,105035072866849206917052049910579315088573964814315246616828642470096947661204
구칠구,101335016348723543651976604068175015843259035271979413025800117464161638986581
구칠사,21284342958694438627290824620848390227724250634779609891280277297095387732275
구칠삼,115747427214445439846111664263113351690510614412792006421814889446032659609354
구칠영,98409374665244468338392510286268351126900123498426357987782511583057343355394
구칠오,104689473933159297746868012503329859403168992066577900919611866586076406287219
구칠육,76285457020664499825741331520535527229863716902506863950188546668981207449141
구칠이,2550042060619912235835339102539917542467799595737203027129447996996551013128
구칠일,28530457790532770602838200936893599703267100101004541174282865824649206094975
구칠칠,127480003835679072938202903045939973111440487393193101218883495027387927991
구칠팔,91291041629345319554037138215713620957118309593489335747978539608947040242214
구팔구,38341748892854406765579533919903621629065596335945556754606106148302570780352
구팔사,47588458993346896474374891763281047049330991545536109640000376682050863973640
구팔삼,27388406251789589142340998552350798859733097594655627526890242406108290765161
구팔영,38100202925233898269947268024981484058260203207748451299454734017502615077604
구팔오,41586116313797048401753822875643057574643891350323234123846550285142296192110
구팔육,90474557279654089543625095295997491243762508834277382772015365036885034860245
구팔이,65171517905353947255854343154399262594481406056061306426323687460782658529080
구팔일,25959175040893809558108062508391460255248420062352769340699789095180216582159
구팔칠,97036352095262754791044125949598579302833604252331457137475386663829921182543
구팔팔,110371712598842457728111349696743352116655029201348156799785622583150612837368
사구구,69395377389150877531848658945814250538993350585520228814583115276521112520236
사구사,64136961414816083561404086498105464614218396134336853815719740206573869579309
사구삼,95160824837046212467113342653240308423522714070504408403800373108597881965363
사구영,10061848705089476055224845272741953389328200611999188973225105936764308538049
사구오,112289206335693271047506383110899473178528581705599976065351276679755398543728
사구육,62405617993654510856703167862047837599331391548020273377972112245395968394977
사구이,71112466887291242139530893973722662478706021798732263548814922308691200541146
사구일,94192666206504223757923163083000453284057986177186547166581865614579442600395
사구칠,17882784967290131597703407754321858946692471934375227910656997929797701436477
사구팔,42204211636006272569003481392339526135062612738190236972508851905321310713857
사사구,20869387988433309651006963410728557266317697185629165301741583306318841237849
사사사,55997167819363158341239069026439240762261726315239158889359418338824187859030
사사삼,51374358876128416162507467888477147413821492243839388287945458288013815923432
사사영,107259499391859323915308120832605639795622046408098266458649456755620968120381
사사오,56616099027155784204301821937111172496935904221711362019288814710751125198759
사사육,42030353657013629633124161812192702083259306987024205112612476517358896334898
사사이,52061987456353019553840755787213541508753546975640713031723645860007773108366
사사일,102742126837164248182979035874551567328888137041207153983870344123176853157576
사사칠,103432561385140458730136727139805137100591045332611979414245170776907391421366
사사팔,6232026401974066950261090550600423853438922701067157321716118623333611717168
사삼구,3191702112491557958667658909079181548370733846415143411781342106017605422664
사삼사,87718540209419030677602217799319497125709379002321818413121044234157499683221
사삼삼,66203890164037073935401799252199148532781700974196152758119190656967488465618
사삼영,105590696948817097306015130732600965787810017726871561007409220598823379433201
사삼오,14775301178308696771306770876010767138766074996840427167359043953532840514364
사삼육,114212229455762198057340889434397369001017665049873161870413072907145014570687
사삼이,4439234319399440082124197494127807382893210724290550240892630987501494609403
사삼일,58740996117219340807963859364726365750268399610439866063835137267008369008867
사삼칠,113060491452412643301078323182740696969094458997064973512224070902509192542239
사삼팔,51446872702198869323799899988234500186701120945346553274367401278595173315543
사영구,51985260489716863705855590783823916153131262276191347415213738754600262466803
사영사,15933583794058908924151002751565040386499637216965888551719742787200643020730
사영삼,68413356450710703337830318802376381249477320658702488497963661332093744834767
사영영,74571405317798228533169259283703062264545462666985104575053573869616232209912
사영오,100570852167402933624712222552645376651706722482657598029602755633515429502354
사영육,24709556890730127513464691711727322780551011645006540951515301693552250448690
사영이,101961782019834046919186459354105553161479536864896929324175297550046557970635
사영일,49671197669584624487472849604260844622648980194505460402892376129367206980462
사영칠,82650953635586752918629839367461154468125290228835481859911532737186237793463
사영팔,33548407271467942626309009114326410100573572852201762065367646811846011670747
사오구,56161942094304908579723452629588580556177538844086661952781828104654113828235
사오사,8645068984077776445312020331306824328195980302797492787221988059375616963453
사오삼,100382810413855870026466540380526910293285691752529146272280660254693512926571
사오영,91548052193496470762516612795532471528268501380684134298906754092095543833350
사오오,45595704852880584906346514080563105064334590100031011894037728519949885694248
사오육,54755703582051341992728554803377024817431944274261224660687348250655813459032
사오이,88367642034417092117305895393369056606867610435913536467066895795326162681261
사오일,36007722077811853911866007380621708365746957336573240684204412902397621179364
사오칠,84104177669317854665911118564466571860317869197098091493526282432346758700354
사오팔,101397271274229175557095560319940632638718195746368947091502427518523341837976
사육구,15772220233647302360621596720284491066385845531693642046964932176618030533394
사육사,85685986729612740983400916683513489135264566544364497433166052743687905446167
사육삼,10249878995177679901109177248176727390185580669366081856764763493515297453346
사육영,15588939585677395465874738538066907294689795493159757093404608904184418595484
사육오,64643020411663460340966339979736419408586308583697582476994153455261164276483
사육육,1725551437683664719635228298733121737994000458344660685262642590027486188842
사육이,85202881490030717168238744109060232676897070411322378714778545876661956877956
사육일,101673585309612767683042060982502233059078193742862769660099151792259047453349
사육칠,59266283666401467697272066051614858910786702325117956169843635621210576165474
사육팔,88978525339043491777912238676105473579192141941144279105338383263738818295752
사이구,63094362416723787274321554655619864914923564014106065871323311740023927397511
사이사,42294664918026912108471811833788278265518162330439070184644211333119281678471
사이삼,115019215957183249155309703462395144791380060314745853679947696931849876941278
사이영,69793847224943779622970499794352948662152295015182950638740630835978699828149
사이오,24168070517462537334273258722527226995219182189850461006772848909968523087576
사이육,62981510485578951093934027747443461702249340231634951701002572963155154990638
사이이,355966633842815987406904959944374599059834130933668338112205383939508355075
사이일,20546324667492136756605165153865634588533533314678191407448042215320373110053
사이칠,79565634453730371915549919671388045897782814162369157892596231240886618071916
사이팔,34250456102800201902176039503155286021149743592795608037638067644512727571097
사일구,73121716686983345097741297525301295212003227753205429809762544427863486675653
사일사,74926359811218389584783715873831200032956351311884673260741208585694307305262
사일삼,43547894198723768482631854273802734709091770546103578591824735824144576802837
사일영,55398687443500770689203129866094513479529284900702494685770069390703195720641
사일오,103507958938193649989084421822753777572528641908091238429525031162297174620019
사일육,24715241683432160598894532427033516944793637543437478969986049909526102192222
사일이,79095478593834429859645377289941860417139784027491829708494516211314320885974
사일일,60943934998721823835091044089345253618193670463057592144751469837972063629706
사일칠,95004168176128553222720289738706061384461641553369988367297705249559086949718
사일팔,10218016143403088302016970614681156174441355475145924610669367222833357474694
사칠구,41890599774410519711352656833142198605295722663683424142212086344217700128550
사칠사,111600459317522723020492215067852826335037674006741857851170084933267513542982
사칠삼,48564000040196773191454274855102093371975874093834568514460386111817515732901
사칠영,55365362161346219204064891100917628596180360051435216041832956478622287124806
사칠오,59193872279378609072506557128244377901093255525043641088974406732385837360005
사칠육,88731828451574006906013580480183316138235040457316410999754676443571876165241
사칠이,57180800088041029675802780253972284869081333074563667704182629547345210773035
사칠일,75158088826252783825613452393044513399086573156922792475203342104629609975417
사칠칠,92485023419810503892817644571866045230746834746094282479607589825974892465940
사칠팔,83893289952865335142720708228374139863788235360411131208572907570832141341563
사팔구,46860788763179534175559818037004738682237331478214334599099391530738553215423
사팔사,40823826976328336808203178403166115400889933492605202595468005866739851165281
사팔삼,42497977750204246152976426356114249420170518027633592260630395638745372832010
사팔영,10864590191393004666415183775645774140284911243877418301466736003213523100642
사팔오,69668284608960202126129259331322451142246374971048127258015175961066297498384
사팔육,85625255384565830042538770731143401489850786439219795439778039370897530383133
사팔이,35197713176260053424305025326604363971850139911391588242142946415010297667506
사팔일,67007192706431542181259587404771241046178885648112383955477626364807329896553
사팔칠,88239947980820815620721279913804011757728897575872172487309908522888263013834
사팔팔,57342322943756158116992968107969831412523305288110769147595495404854687861055
삼구구,79854119471470225272940658815559979340901329917124137527511660792075773165853
삼구사,60616317606195971812782315555730282406361763062017758094736813436399409606895
삼구삼,104639242459781376724958916452842956844466540777520057630154806810249453269931
삼구영,82601790849046665386979138098266532466494424821571987219034028823689648329182
삼구오,41765641585757280867092719576252105849572547745644220534929020295685214962685
삼구육,12027302819842943305366504911259112137444933511648135854727698993534404396636
삼구이,73378769302986968899075545473403230497498430540816289739889739549203812969504
삼구일,42890708343094616301734348138745874631043718184807552015479909096907990413976
삼구칠,14561989206472010317521562544694492237634211062628562926573453337142216863015
삼구팔,5757467815559698666999986258735019883797963776546388885246110374269721163057
삼사구,46750400121166720226591962649765778233803752698717030040363438517149068496449
삼사사,72733238952363439027124628171403330026611191841356798925499937254236269656530
삼사삼,43467198113541539274686842321355724616539681680639571267705558597241325782003
삼사영,4104722216764262559781634217760700355132025135590392042974435030398318456529
삼사오,88848941914599720051138662609729340514363458653431708686102271250263188595205
삼사육,50641120799353608750683824784238747392860102462881400304246043799130289566734
삼사이,109598463927017298490957271387723841386309841399545221900345007450100445742588
삼사일,22063376301787255639141302650882316236485810565146008105116793440749332011544
삼사칠,34594273330403931385685485764090100580728931687248091590622035334912625592656
삼사팔,97163426571236056212567298163978618608444248923577986143688856809678776796758
삼삼구,92572122547404596450919886390231485051701734676647554725962222037769211955905
삼삼사,115280931106262210909074150575915120396442715007657162483912482899816386742046
삼삼삼,53532781408073595945085801286991619914389441844278751800502418129182111952049
삼삼영,25536609578570906768584276827652026022165990276184075372861587676131767897835
삼삼오,28553411889022888016749389939152096247037548181041185546145313353596939247862
삼삼육,56963810371306105657206683238820915461761187940941300571200858066221187257746
삼삼이,78824440567528281588484601560259835119294660044680915906361465068261582855975
삼삼일,91984223287213125978485769603019081763584236715552685081628382342732672913166
삼삼칠,92960402065582866000535459473982594049577797208015951376496943858768581729620
삼삼팔,16250635779083166259499782400212259250330980373271678371118298028502334075258
삼영구,2830800813116274369181044960364211961158737568947421399144217335080781628198
삼영사,105844569556388384810434720932290182987139021998026012258046273133271572844324
삼영삼,112210856862400847758774842435663744955651504509061906843113652568815190654772
삼영영,25630807206391018848925711558392252347294253444790413393689992860383358517051
삼영오,42263013158367343592274400259311480845539206083757944975590935604777258463416
삼영육,48854474639695768808120160006300520409037456043981078810396110616328265197174
삼영이,101262437880635412290513081514116577926671477919577212844014550133237774979332
삼영일,14792338750561300021987738987782418176219366972819900349760022756845184424832
삼영칠,78211794851611017848271708027415416846435390195670416791746578767321061679102
삼영팔,98647600650338584204258698848992020697652260870030008718649174216751583489514
삼오구,73574984290750123560511015497993344592750341481953448432124958804974128446539
삼오사,74476847967130905231109212714397949765621174548533037599607047345525277128154
삼오삼,93841739000492387136540319072066220019781702664026390016111436025582222247965
삼오영,28438100271230220010183866384986783723715414503312066643208997259995160393734
삼오오,104292982512317426167625514797938816928248709249956736840303216293431759771937
삼오육,49884928482262750775994501900250851423509216501530107862988591653713406027149
삼오이,108916369624738169036411238461624635641469604831102420365880509078377756809695
삼오일,33182913457594881008021016764252023199568766318904529690128974510484289008593
삼오칠,32754602706579291040279765452707859992836331488991186559130679962156195846002
삼오팔,82016523613873523576134292059456195024156120459951546417801858199997716606065
삼육구,44141600760748358695812242312486946630425714924172492400317610564582620529405
삼육사,4058930187620466704965334050074037045632568922920133272267424838818051271260
삼육삼,109636339168544094024866784178736854096077767135811789547146246772576395535783
삼육영,88790452949138311854658028839583527783687029287137750635863729420391710858102
삼육오,215750514853725149695024143542489812157377420188551276023846687738819213838
삼육육,18198901261081065691103703747129325018040428957579752403191875998765996380892
삼육이,109757706158200341097785429726131054954141369621966074018332180871796885660160
삼육일,40411548619714792651835967486857724885605814156174187596656485928986101777882
삼육칠,91515383213192111211147141593709062387581369986447818773903017414281312581630
삼육팔,18228122423268560870461134045477068927063338077411631455204479783083958274989
삼이구,33744653042069866542438739471333980399640459544635817257032613670274551427671
삼이사,54267812961307272978193306843678856131137124036090212216019537821114545723258
삼이삼,51814049279540333002659043980396015830720323182098347468766230638592115529058
삼이영,45330985738567137651737966646821364334781621139605840141149445824512696023494
삼이오,105084023854099462614330851599656157992322399673834551353126193043177832784585
삼이육,107849559665632049874615639259564203467178994327398620783823793478512019738837
삼이이,76636095770203157819689157437748192298234404519029510440249641033910549511925
삼이일,20792421528980153387932595105087464262773867467349985957004563708523431212027
삼이칠,19811127445321066743855547882650861819762373528880355499047215846439039091704
삼이팔,28837431189262744336957405638535824647951115508630465894528596545930563424969
삼일구,98653468441458819093132553327505430188078401953612136819627985229781738467277
삼일사,111802405989044731141968801763391047209652342113312458550100192302733385588420
삼일삼,41555895661690991996825154174057691031154849022663134355224886555307788519300
삼일영,74585685214689858920295270003717130611480388041243453486811687503063174960653
삼일오,110453849635262807723666342128928425357758137989463231180707974332566415381851
삼일육,77190736623979069278243910229053885046422984025839844519882611766054489832536
삼일이,32640248330467317316812177255357597909666001235353797567398896967543446165865
삼일일,10289597915914534131905805251218751297745082532887185582893404745040035499559
삼일칠,5652975565735018697918340132754543167288615532947408642901218308303694223164
삼일팔,77054918459718511900315432531728722806655299107893780273817968367500316142571
삼칠구,19977579962537408652773334529416684136078093189537077992046043449254426664393
삼칠사,89636612031064327535578189612162660589669991510144811944135386873233069961624
삼칠삼,72746011100088543677399299959507961677291897749429260531427187305735029981936
삼칠영,98964117595836161222418585768544359780567725135681424858298761873436234547695
삼칠오,101600566991302813464246809612288979626107611221860166505358497697882091599024
삼칠육,102609127520756630690698501359966293858610275642496673658085823134004291137281
삼칠이,68713729997992214119877074810626251365212736664578390382316254359035450411198
삼칠일,72014099544914063224224218344597356039401543914868044168732358240164766212196
삼칠칠,66232393601925925322560533721764794431725471919432571744299511901499275320526
삼칠팔,89118752874955071185103308331523317145372266616395651498985950403639474090663
삼팔구,19678398597350731482443859644135229220892654137296070483354758895068127113353
삼팔사,11222694843666328314164223174934380863748544307436599379576708506814837466403
삼팔삼,11806237482342330758344858428768599044014077173232001924461190915460926117355
삼팔영,67478328278603480185446471239028275183293063805236261891809798436302910839092
삼팔오,85585104980162209633365099441500033856004526850331492861846482935544951910556
삼팔육,103229972713549316323433745346337801152202114944459611726387618623431470396120
삼팔이,105464187648661510364434403853074962818878531186738647844757433785457376793038
삼팔일,24746287879883470420083652174458474108533974832643567673292746125199450123929
삼팔칠,32758251404823842517304933113275744261803430309271098390565061032013177219773
삼팔팔,39338286344545499583659685433099681666621846412245668689317631990576288185756
영구구,78729370754163688823207063653963619473575183483459046279630369431116786037143
영구사,107494282839790031815740454096210518187709915827235048111263302290257326659390
영구삼,37521381603801750504208375158378597123218122966544423917004721107406510943883
영구영,44011232605474613027378226166886107930221277420304008957359079973437219490537
영구오,17718107063499153363928801590068537864772146347386154345467933929603666432594
영구육,38473249794946436340378523653519162429368159398054855361096627652583750251855
영구이,54403790236294709483472083283385687008986123401961419292164275353366232312929
영구일,46436135477329694212167366293170798466322137118918888381602513324895419474713
영구칠,67911752550223280487086006110800026745138814445572511901909819410576961043198
영구팔,82405703412074888820893838713043667584700562010797159124497316341737640708824
영사구,54250305217376716087290608377529672559137496606443987141113114736190607835645
영사사,62231106726878363074904512577806790522723693891712239997893950101072412078745
영사삼,98006788122814016026340044237764471580565307488485117751792966310886325821896
영사영,60153837040214763640877390734889116851544181585009611015835890095481855148380
영사오,98037840736468153166802557444951274822294674040649545358709408098763206381338
영사육,22253465400986743712324848041309156724085182325133409981536729197327238529714
영사이,98358853583906106985937546651788546448834528959499052101062989053418964469844
영사일,86932164801227509577008927083087889164407289292081774704373427867427133904276
영사칠,71949994339090263365452142935927825083536854417604972689499431352152378756499
영사팔,60749486080416197874105422115063234984568574333775990044523493968335469288764
영삼구,48093113175528510673434591600113366421432364477897794973313074641460348206382
영삼사,27927230080321150582299515548259592615325171700633391489113761797945187075560
영삼삼,57257933614032642345467064274836873157307795329606277910633674572408937310538
영삼영,49472588294920333921003399188678740980562401226649813639446002909718547955181
영삼오,54858660804929848043367962005062890307499065474302759465605513679891733477117
영삼육,75250543389913104813750833094765149258590535716493949552569261623892353542796
영삼이,89894452136804785163284772451474074199111642780766139089511223155633185074978
영삼일,110278399635459884183625816831855937917675849824368575509828075947207026049333
영삼칠,55249702420732829392521482092118987458884638837657089149374806546369961861125
영삼팔,36197360028509481323765899743992050336395279100780145903965724590455978571896
영영구,99022481227074670394864536391125838755775065413588708655458068274695620476016
영영사,113231049598919932268419316066384432177067222787837003292767083258112392542892
영영삼,55190195936589639578059181155047684410192331039233389290017647671921036679504
영영영,112881533628548830549898234725422536751118845584608095133663406415842586719735
영영오,4686488775994050840911435283353076816825434456307607551276612514326361587193
영영육,60219814008325905524008543347725727909215863814190522012506234448490132916165
영영이,72736229027106104394080710685283495736108901741259468619876247954339894063079
영영일,1722853298052305562547337278838034413406215694451234752976505410009222477848
영영칠,98753760647972728754010656425289974325172798480663368956956436235438504181201
영영팔,98447736831928900927651818188858587852068881947341986532118319199218210991390
영오구,1702062520843398048391543364148275155698449633875536662952826994876911444778
영오사,29864954429151988014466722662469213737069533421003812800106820374216413856649
영오삼,110596338960055532023473671048689600304964066488762425947913143635212307994131
영오영,25576233920789207788431853849851634553770961790399119606376579328750010575165
영오오,68864474529144845887668684310082658468306505149195812125750773743534373434651
영오육,9024542424221117245930365028279510925067060512111235959569336658086011960010
영오이,5867727792360393179251952420189057663981533616365318949889144141777177789882
영오일,81074595295294705376347774700421753990575613250733412884747913697712636575100
영오칠,3912461910304894482232870096024242433792415487173866067560770866306877975567
영오팔,33270726112127667822186956638948200932980811695116132633320106383040521379743
영육구,97228487977781732174098778561941030427790902699507669254164264273808549667027
영육사,99509082744226556635318598728370626385587484091696214531887763371163759980140
영육삼,38890502057717097398066399396010148289471763697891675947404264930022227794489
영육영,18539495617510714157299938930354634192101017509836741939622227206491547134470
영육오,91776916011650346898687588973748544385992694325242549895154302624127134951006
영육육,102396967190238781712692272222725394798938383795838760306902137183130683022061
영육이,23917502501909947038639886354055532371009942744358757545532782581049979663875
영육일,90772855150533811889102787543464719659769516133353419249207167721008613991499
영육칠,28063773959267410378223846249844286427722417403989076122365735872560637812630
영육팔,23422456093283723252783093705126469043149383765129646662689842472122117580996
영이구,78364008853664989713683894876249659457945643904704551338985798923549599606182
영이사,63912221501008733145798429292179493793823811948059798083638622477891230620528
영이삼,98638835138807148955981240259283626893286103433981177197164515416368943982569
영이영,27219786166771864456452999580127244091684974314616338788633481157250161273567
영이오,76418818959234056776722712355765377340897645061297174558839486947415352887139
영이육,35970221127084422007374125665373430434239656237612423840570622473079429739272
영이이,50128007378468185172122916063363057418893270765409166876967081141264768626237
영이일,34540271755787730920920374610170297146409980420106368844112074772727947937526
영이칠,16330392291189139226964452983380783257007747514985986119633628017961986474686
영이팔,2301008932802396696537600782197953442918415489282522335838684768974779396232
영일구,21614160037167695911348952379518794128332493940855882123080868548635398710001
영일사,41404570180366426581719033219359946577499131255163570752686140245853935106651
영일삼,82663962122185678208430900139576992867892458103279839927055841078863420164868
영일영,6613960240588402635782319084872508229857690028244685505927816750365964784733
영일오,58307488736926216079594242146330246569119827352472008331931437886007450990548
영일육,81953525213114306083330761004316344258940073974644256368341461116540544772020
영일이,59472608780016360429825005590923628267044623509906053777130486884051234390872
영일일,63222018870530579933596177619307402183096096574296311597440339284712089871866
영일칠,42859905089974624217428186192671152924276710582643094463204023967052424203082
영일팔,54693065926224813293970474286048024767039112286530968861757766704932589074400
영칠구,92768177264891389373605987808716869094977342515628142609268583551108944980811
영칠사,39127623906919837242327001449488882830800378659913723606530259266902180326703
영칠삼,14626830600350841761337275903518321167780862812844806049760009175244159807057
영칠영,64134405587144693301629005830276172115053900340917486770050705462383829277695
영칠오,51893986510822222420444074805768780315612514522660915272760323521784758019719
영칠육,29741219411846014755141790932948858877109838480432233751590258653892235446076
영칠이,55110768322019666213219861670849639862263315081219158441833637435439175703660
영칠일,113563198844416090593222609432370218713883725541786669490363566022869074245286
영칠칠,72435982083495977001806404515979238270159635982625682245496638769974855444727
영칠팔,34002075143393774717723568041335772804297013273236712649594642396432499919307
영팔구,115105709929660142608287141508999625920510857878508665445198459569004525862530
영팔사,43324168971282823008707113972555338754140656159990394308684978198800237408574
영팔삼,20223320762233239537221117207230522920723138659970448058363358999676853952722
영팔영,13718387137315985010121268073704834087615954451296375881309851390107123299992
영팔오,69294555926143359096562093293555911076009837827864936918582690146833235584271
영팔육,42519452196641768702124692114370491174573665431986039720268798703073388177776
영팔이,84594097465234496617633141852808760610235398772240929693818659683063480919649
영팔일,66672296768572409338912559660708688803299722339942544440517099648511742053173
영팔칠,74616591449017670672029595673382702585169005478976495990081494343956469246387
영팔팔,76737586118847697743847687130420272436736032847879262180275649064179360708739
오구구,26454015991595736257534684735134101877770612236846386787564056231370230548958
오구사,27955193429750027862165431642061717276815439784048103213537642613797443257989
오구삼,90941282162066865038045049404430085990633389252044642049193780756339768699329
오구영,22168946112681037517422480048697534291852267254173452917917202088274907532731
오구오,3114578122451123568491124776553809547136832764367310996348047596668509338559
오구육,11144937584788446627978030268869482829083139466335768510347982927409061469728
오구이,15992784371436123909515690362314153797729545809104952963957844109516511117105
오구일,2037301366740135241347556406648292506277357236673973734912867078401819072396
오구칠,107167226268275862694049660625728286006143231221912018449719762965974978815336
오구팔,45506998831323666468560465658527072159974726494383210325042672813596574683143
오사구,69705185628929714226596337292692176009662553717531234582434879073273488298651
오사사,11887563156249285916866402541870633693508226249058519042914116947490780639472
오사삼,38109582149744158915039504182943345317893181990411283576793097825557805349302
오사영,68319693099997056362499166824258685542921577223924762414534773087985638341085
오사오,24699460815215360015930771230323144005342222813861635970908009166233321332952
오사육,67074336461485012217657208838954091366131185281969241929822012902709826953617
오사이,17210296838850364483109545499049870136596402801298764296370346374875996103751
오사일,72650595048527588030557941995549562837604974583225892198444288300479217941128
오사칠,49704297144254447175433769461301695658088937171978435721423159353497049780364
오사팔,72501693176643798723865973512045935391061391838003177734894833462200831005378
오삼구,57125199904152564699575759976510123173468528628240718356911418056513026734199
오삼사,109389450840413400676577974837745847261160345914605438019827697862098457819998
오삼삼,44387784763074870818872478653515849494638572518482380115892341999043407980548
오삼영,5625510370582013124282661040796037107621641411411897161980811498856245366340
오삼오,62448952319419845672984204276774518117519199930670574544036681879071428042182
오삼육,94775886481348924039963179598533461211087217162883408393233471922805215460047
오삼이,61516994171953485837763210594190281281264393524279794376261147039535420201459
오삼일,101827247692232379805057881435236380044188946755379159208213630965078840313805
오삼칠,66814587386096610155774036674454109138116618856253180969900813291944953967237
오삼팔,114577504795620370453535775011184679512524837572046961765738459797006265627552
오영구,107799474078492997187905510364891707673229778045566555219562592784992793519682
오영사,28623538264145948212321247876859354499562327872564815929562022302980325723298
오영삼,96634301050891658040372574738434242360066048791317926821831433637029656567649
오영영,76276136039139952707651916964283636746418893324368923985935989080880255462623
오영오,64542267610668268331800039547608718771739719402751805036352214535323568302892
오영육,13835309409309333003111636021250529168471787919999615274453945978822601677801
오영이,96699535155591686112597435312859672515978932439922782000772008482762375240246
오영일,40942789206747577732801118209227975245707696127419375009696633551514417927001
오영칠,93970314184752451681090030067796058491894390486257724792698004574788550936255
오영팔,32635811832066195485299490590347086854714552822324754124092882620592484349114
오오구,105024698075249002270141820798281179763766407071733142318630060805902587048115
오오사,697403151069558965411754410264934271079583990066816031559323369305477034042
오오삼,95743002745307995881428935136737637689305769638722694843354106230775404493549
오오영,58447404848782980655803405244271096782818583772769806207892806697087800197201
오오오,106226947034892011098285750362469099236683622209781608591637101794952202034685
오오육,50245352124382472016149393328331863603776938236186629957756751318286672508011
오오이,83588623400967968756126124753579348725123001773033851317584463490059059182483
오오일,4188256721494979024734578473888279342535649414157127000525838507361068375282
오오칠,47559010329028454203405498654897068751575567386117905911366304487406818763827
오오팔,85550194249998862289791412724836560960534708507855855243272363028838202141455
오육구,4026816032842365985831683555101769821604559162464275538086009460640633218873
오육사,100364398491539296796398456461368328586814111260767192747034423447904373493740
오육삼,5182147198691371626188124290681840655339636243203418424400000184164964922479
오육영,11757356078337680845213846534119940265172188314356486313496999466827546719664
오육오,11903583220912750752613653461107553727541885505495499212593160991742251761764
오육육,89217339009208385405693358298539573515095078979415241190062150892796211162689
오육이,71689701946588008063400144350087520610467264704168743496697454654446147909750
오육일,93586811788527385768576903996318575457831164045835668308196721446527280894998
오육칠,83511155302599883480962339087050867692016815583181371905999064292924288204762
오육팔,58972239212707772635545002093671549009372764326443740272573203659192322024283
오이구,19080227317143701465647444443676692344265030539156880785440944176836228997930
오이사,99546292925397948490525225033253704020098259233656039197703575643624609447058
오이삼,17615862842209702411849876081451331486569632920031331267841443306068818040223
오이영,80989935058676063744631142353541982946072683237144281489871016627300007664840
오이오,67230587807665230661505990632683317021550536812711415214807509114654660912854
오이육,66615901570396324094132256976947583201795575040731866735457772736796716296359
오이이,61569683235119391871033515471757332260462391384455691451439821796375212158846
오이일,64205858198478787250475607353989007184989004982763063448789497020960316643328
오이칠,37697352747776416088634977940718343651381931928437847823877373384605270434626
오이팔,74581986629174890953248563110002155398149248176671850326951527693804535389194
오일구,61595483223951181219752318314426083282714746324538314982935847651300349319813
오일사,2810116256331015718455866648366586631591759490390318100561659272618438229700
오일삼,93858176426655008094226728064808034737036949359276069345907562950321307347318
오일영,20088235918072738394991910685647529591131132479918969323786311933963242275769
오일오,73038381641724642478857312680310542412953659562264851099455349672268306381568
오일육,87844826144828650421753871436654814887734569463621202403849440475662886558858
오일이,102612887529406792940749831574591036153375777093024193237133596095422955246715
오일일,78724962354089317750166062068713353585058288759869918278300421462667358798842
오일칠,11776252772184820867113831068872220334126793421570712778883852224684722764694
오일팔,4407261933907227316625172555454767010989991025560557900895559738290176259469
오칠구,95755624825761433020018640587935302894198401933106889919882536475476718690280
오칠사,44214119108423915981058875506516267734817629171725716265845995460276970405231
오칠삼,10938425168746961021879134936405473900744192591638570134541592026489665682846
오칠영,115482899357631849711439989215157239208732381687303445500322714092991284057682
오칠오,104289410972191859957232813844203552131564624529954097022439839537441172799583
오칠육,111688153107686845584971706936685922968300585806439280561418208540608353029562
오칠이,67320470598154661268475567684740331682697000301527975863031356561851986902558
오칠일,10324082338844044068397928259445437280614540155886759250459653204156959589598
오칠칠,108492262670634014139647203946231060157656633354155437388944915954379791179350
오칠팔,28140450519833763441105389061915564201117775566593460664118764354551314355439
오팔구,57223774819269506986409395759978808030511222665549085498449368116235864425957
오팔사,27986863254306804829953945827033482705699976224426173903506491927861821640539
오팔삼,43756435136084011876771845724949726075132032480264221488162680346974825015601
오팔영,97562713842923005830772243806499212538488678514925833959846082641176271971055
오팔오,880332971916846439724178753551514946273698290502841987100385254696548974243
오팔육,73594189934438354433637310779490917483586490936369555807087802123168282531988
오팔이,111921050462044423033451017839199308846312469141326460905220233127137611846811
오팔일,92476344816948181102709180837573015974877633024456158295593344275662882413509
오팔칠,105311589348214794573850644078867028357850852950955254781137967975705381211526
오팔팔,12274865443747601715035082515841666175324336148241903574947505803753990535257
육구구,86460944589431131118451667671490258413916526142007590602786615439727775484403
육구사,112202943985782033178865414608127887986167795369778299364047325172132205386067
육구삼,950599989376815877839555869706686704721732371856894597454815360895656203144
육구영,17240578500423528355110740712390488477612179631088372302543269685619697601479
육구오,61827634561642645786092261426064794081752608072628906376922828852457173405929
육구육,77135896603001601528564839805970768930496474616790910350121350707995963540175
육구이,46573320533899539110073532890016498722627750008134559823699952317163263800189
육구일,40458615603884000867197552967968044466118085787401223586096049179112968398576
육구칠,58842963502854370774988580628862660512349330850011880122283780198119023532856
육구팔,2974540498537254454382162987163406373109298029110989473150107855964376085958
육사구,1940915750455711885645415496217885320797122001034535944427377963106045030604
육사사,35187034481187515103892026068941382693758534021376569954646318564304984840410
육사삼,4255970706843574533360800240989727171751219823651207010948289574860071715353
육사영,25822642259582205001979424502259754830891870652243455222062990673599924342869
육사오,24687734517746780754590632081904022013707141716051486190463327237322304608815
육사육,57285477704443412953791390329040276363198400200870539854988757832928616726346
육사이,28514806607722850408482768758503499496498448112501056362842421739990222954093
육사일,59803674761175210520177623782654434207990540712600479500700256103369960485360
육사칠,111601575280248254694976287529070745636006846813435658186456607822013203255936
육사팔,449107048548798407095293766724711144261307185836871160567679343050519582821
육삼구,23085659443739164217079701013514336560965790428772786015646576603048840947353
육삼사,88996110434021620179928674885839476891110850203118446728251712323766544372572
육삼삼,12366917409300026341392391502439556457909462347364461747745892801936030930099
육삼영,114166770637241829277538500737602238011655831603043273754229350222107713701255
육삼오,92428317038086938489955610409428967183995700294041254167638762196404547524020
육삼육,67970380803610390014690518999735424487412219489626444262148853229868189477039
육삼이,107315503615393237886332289213473611452699158124862649183292550431581141548897
육삼일,115203858004789657595319187219041424830814736111246632122468974680909450029666
육삼칠,76082004745395146532546220793528692347008971523592546189218800442655758197387
육삼팔,78192732809827693036502000914051967592278274619182827317229919849070199385778
육영구,73588234776293291277967849215345927479969019758042921447001414243585661436462
육영사,3641465751415169781071054901656402343573704523131615888664547105155701306405
육영삼,53560951457637812502407928926558459746737706909666446240751901039298421961580
육영영,46151713884825739796648524815561018477319058651969060213061989845055456769707
육영오,2176510454706302870896626704463520959280254054670972376100449807591680345150
육영육,66820841428195002188192894700817892420801471651779131571871051817941057608867
육영이,34734838183807174344156530855205611037205588560433447690683326090062453545857
육영일,27188839599286240322348162739999195283394771494640744798146803446951570598027
육영칠,100837796624637147691646917629070664310304187752859650206860180951944482592307
육영팔,22300959156349523886272542504888344051877187562053518475057098742886121989307
육오구,98163315310175191527682255336393437284431905946290315133596631371671743339745
육오사,30673431930714779247297110255896844028249020444476023822090769587598378254149
육오삼,94374343793017367713742008160212892591391039050268631462990416471154900794054
육오영,89406922560734554876826684647200779562692185048708957717105898064981085667661
육오오,34118873295218060376707079999317582890748552411702667312166075478108698983058
육오육,69987818508871575075994177354323784229408156914668644010088110828767288438422
육오이,12529402275457120089458706394605294509241037822739635849595954053899928430561
육오일,115385044575548411533400240414111978315767465665949168346874294683301778927426
육오칠,32597595276728525130237299290591441313521588595071009845423569071827421379086
육오팔,103115655645888601720902370676903401808267313548476675342650855398813164834268
육육구,75395773768158662800087469532397619949139958990240997082806104423464930169383
육육사,2044185653929892819008662433690802195757696488942972345779761781896789935873
육육삼,41102845853460851936992079792987710308191374904714308309578929886147766696763
육육영,112560528764177721053785560516519469038386200509465818452842701070948825404925
육육오,67474189124924953493669559594142327972774683785735973344689447295263752278809
육육육,70586471419235663933319651888463440058085780474463655359100274375272253014013
육육이,37311278285870953846111887739406653388842511358516745538061509598656373996769
육육일,6967089283355685006949047736019122286894756118369978757710635045091528141206
육육칠,77865605383370949265937977686163694501597993602613530450547535263842455338306
육육팔,6664615379119000280839062622445219809541049176530995558866282971574479593474
육이구,45666813530134912079982006697607886221010931817641704859600029497117905874806
육이사,64603501241234198083170489152080666745826904199915263929592693413020279327478
육이삼,96166544444211870358457060973557597258559526737620511661790940473523200683334
육이영,1023917790052534003269821585886563678063433467016975144553129515188077408073
육이오,105103795437745368085409746226405666896010814975131097826480505616016905157746
육이육,12621884727772208746994828747665735938546243240167732804837623485382345412164
육이이,57178222133865453297317178150142302549507577488740959165359753562158056438648
육이일,24382865463075541931280169403720426869384217007814172718379284060388019802977
육이칠,12438935572448387014547161457309982316226808671652832325688595262869952406659
육이팔,21623931999325301953935999745657279758752657087745545555367801216417206073076
육일구,105882044286808849872541383731323007501885679574585824178792681581869733126173
육일사,78307464263627501141103336031701226374081022593529204825158202586452497471046
육일삼,85809286583338961404315767542699576141447558325236524269229513099937681103213
육일영,59813410502082314993305960227435475826320502994502678482390604997077601027389
육일오,39004192887400088733887041745597663716579048971900272205144593995362144489316
육일육,23988562933759658264446008944548574476738182020620846104397892850789012311958
육일이,106764731258291924473461514005301272186671480252369148629431161862233856600878
육일일,80690179445278713260554340274215936850486016402648141662047458834139760615950
육일칠,64712847489901273352311362903585558581359410417628015298525380654494333801765
육일팔,12173899578998770581687736452395910518155693508787166269344318889598369013440
육칠구,65352265949396740788639565529138680997210777985467545735089753126918055631579
육칠사,10731482631685144825519593211442741721613322952822130588106949501661225747089
육칠삼,3578343094346883671490388069647070996002398804121872938842770319699055965317
육칠영,31707801187717584691673153105944817830580647920115119479463564339974581119745
육칠오,71077084228931521046119196335379129852008791155750945572048070708339954173631
육칠육,5914310758958547158222047872144985886887979807792108412386034148366608125598
육칠이,971827568444187676702195388786895113591517893975092677542312950887235391137
육칠일,94560431190416758979946981587045257538774994260591190264787230130104003794789
육칠칠,33231330953711348714685115365025552570930637467541851892176881570702003102526
육칠팔,107247213334861196321719423192345358334619609209771260046154860459836837211068
육팔구,107438449066078200216741226546985073745731790254837169446180514273067983796199
육팔사,108304500185338831662299103947852247843930083853086116531731348060349797878261
육팔삼,51011397555796809273733928408568136488786505059875724048554735806351454312549
육팔영,17846611595140720793786450803477344979051494550366468677224865268651133388573
육팔오,78914434158721893155550361240417245666456288800588434145747023053984470230259
육팔육,82538354631081431406316854323123930524156637815219192444495976965877933789938
육팔이,112057164102312861685518816036607361796943900212882519462075800303846749088682
육팔일,26592186643206114071399892991935426318970575342647755472325300020395823972132
육팔칠,21892918809255049710481780880096066907636936370380753044698029087170632778707
육팔팔,40583645863957938157003853567859358383295344396449602604666951143764096080155
이구구,17117197750878155228111138098277909946769773873288702854221635111144539900193
이구사,46712140464656096401493446843733775725098637303577207022689752252760994194431
이구삼,47787496538208217813658200833585852281575006306265267182155140594011661165414
이구영,75716071468197773831762447246105130970685564034624611617827669194770463097595
이구오,108562713027848719092470467515742769361765289369212886324129365404075103571125
이구육,10929404221727305950387301979709110856263829098046118605554686106137713346737
이구이,43875288138973580917600880767374923368122618123356676024647420741448099836314
이구일,70683317585712874022938773235873921156563920581570578758168109231181893807882
이구칠,57484538280223560106476383283993387157670167892934353258975858517571557423988
이구팔,104121429096141829083193173562561099099567985785135659770584332626681295104288
이사구,68749342818040477853561096261951897898133949053763468619600247062515399070306
이사사,64514745320470625680248920213208314315598125718520617259398649382102747170411
이사삼,15051145741209229979025339816620186476735654403839784292922647717090957318336
이사영,84403106526427479040247389503617333731060745883638102901217456251036743290774
이사오,71280331906136719311831195081429736600006278341881955974827417348846447731132
이사육,64472887925177718569396219393847073210290515807869168013813298553169839576075
이사이,113814630708114182083896468637647799330643617445543015488512592934975746323327
이사일,33047925172749193690923542042960377984417318138860707768019948091168646248399
이사칠,102914238983831311723474854519579402560273141084336985535482318430207792846727
이사팔,89681083827149553824774518375190219092158036587855638214471144150266007272732
이삼구,1944891930742562152675454662253056424755164348779100337543728690128110455761
이삼사,102969567534776422649699075636720153245598859042745037196590440433657419748208
이삼삼,41549544599876396180664907205555933900424676475166574431637860288693041873897
이삼영,86039067031340942976544269370094420616755384901522234289240155469579370441061
이삼오,50230898625410491324901842693007430607041167244335204395978236918042568596258
이삼육,49887214856474591403673145896290896108365815119093325110932694620029991402032
이삼이,75584788141239924221771463487529412168517941497084109427219461639292345708416
이삼일,37515426785863201970935005255630853831081241070414536753519168164169459018269
이삼칠,72333361320312965038579335529582211239718412345026566865903093107755102065348
이삼팔,57527887897968601493244117710908115901928069652915377046934831640565990559365
이영구,99786138082934545865185347537689983208690018506847795620881004214192762006431
이영사,86623954036301493845530369264391113567996804068912265669359339680240223793501
이영삼,89857671024047318064788815418154290651121604996991730611526284012053461173068
이영영,51045316659392498340459422369753417167597474165047791675542477088519927600731
이영오,29278118622710247321580572444657378439208187557170574960776666178970030928604
이영육,92496545798743686937184708404146432346644644473765335602488831913047296534612
이영이,27274311788297564091589607422613592758596017036514819501894214380214026056407
이영일,56410057516055085604794665668310615854885061927110367078866882208303261759229
이영칠,32711600690452833584125417310607813689802898223852289655927457524817113264797
이영팔,85594720393999849618494261509804679953882108475635717871539092938852484049154
이오구,108340281011822621130531810228704519539057956909728366910388472795931065256831
이오사,105241982838761583951327272565612111557179009107630738132117409239747152640901
이오삼,36849370868688088652577683217093013856887621965232214052067448542284203861125
이오영,93892490017568457930379212858402770739960498588763743413629367415527314331874
이오오,45256943250905272187676390763013354341773093720871352355868410288420539999297
이오육,69592965860064336589100765692814761497402283870319458238996751705381741916318
이오이,73601588271437572676580909479331793346500063321123474304341268200841446500578
이오일,4503935067347475654074077449316795743379108049758809398665160319980260210674
이오칠,61964641074333759529969252768630309901721017801795897474786335983309323017063
이오팔,81873222568327243256005058964516593870277259853149381109878183769947823382934
이육구,22733966905603422121871839062691845774129987025717918855943812135967643567993
이육사,63981902149842528785994172738151683869983539858542147712541592784900331771456
이육삼,31912993542000483871211923570689203127865464846209791835475471314519728022023
이육영,113018713742621924826988911539795236151688649074842228823537614410584585784023
이육오,1900148109487019809939455187948451661282904828189308208443614221229783788193
이육육,52378641213603668063470154932200636703876417289430919269248505894432476964900
이육이,28811627226719438689656906929497321727966382282754338796676952900121214763502
이육일,83158451156815981891636124180651010458321990808851607989560242903295853612073
이육칠,9580540041459716575135112239638678904188585830631189248358564651682201493906
이육팔,82791193732797617643938720931402792978835405428868956607223533608498341024368
이이구,56559201644744379514956052949186140318297959217335643956190922726519633670351
이이사,27814603343678658598907301250326539922873146206206216871506343486783460652197
이이삼,90284362924237041836900427082636327734326550943311871375110318935796835536721
이이영,101798694544144125821727529584022827811192276740321899725268187610163614764799
이이오,108257855215687554774247821167710224276218094320954923392049025341177769751768
이이육,70286671449079959090603682113002045078680178951710703262203059364563598003473
이이이,45134067459570658490045449673429826757255378068835588824679701950917523672976
이이일,5459268110004436947903450578996243095003202666562238121343076972127184082425
이이칠,106099764728422246383016553491057668781405916705819422967750741698405462214772
이이팔,55388858792153979437698414116487352754020863432863958413206185718050085901460
이일구,45199654199047562145001350560880693802152541038480861623635098242617797684763
이일사,13536622541957852392684603515105134394078282215924920413689872113125497623315
이일삼,94911692317061767979332459439769257555239250886957260439826306789199080366839
이일영,76529990408772246494249223938460523396826499966557874643375178628904535808892
이일오,43628922807534892276914509506923065308539849948851337932518938974430605719995
이일육,67786619736980377364748753543717236394467409509757290145138823687667849553484
이일이,36920181475660151116133934265070393931838827947126685664263135642302228100337
이일일,38119781379757326758676090098952660598177461509205250828968948395778577400980
이일칠,109329816728887480175012515598306556876706879111987867769549613479099887828097
이일팔,56543383345341529648723893184833251337939687076240510012694475858739139220154
이칠구,67457312344308502379226809361576289414741115226279260865018591885984258743653
이칠사,62686748228643680770480967133022446986447209200674941744303201711798719524409
이칠삼,111042382758027026300666377213663882617328451502286388597905753196873984845764
이칠영,76922507411557217515292067029983743169906297837246503381304869974236084051225
이칠오,94998230909161604655312473190779988816038387873708151250687630431941889773978
이칠육,52841825947436921350202365648471954872839325183659887654128526890161505751600
이칠이,102949655705009680585482241256570607046467326729434042005477231291985634610877
이칠일,87452482246126388667679161201413333749292419249352340323458736756462929493462
이칠칠,63656289207351881246178809055155017899393824099242848073266245415217686939853
이칠팔,29568964594221418872089951424989010469437481702166472836213897425929748570508
이팔구,42842389243610520283834700477386941965710229485461621037934839891072445252231
이팔사,98695322460122010921429807870951114149080608427427636747906012909133733643065
이팔삼,8079523006584967213373845085522417812494026859555946527829957014402866247311
이팔영,75846548992801960461767097865433940725397377556838689155911209401978423107604
이팔오,6426776717899661014726712903800917864381751154561908670038255813668621700462
이팔육,72877311180678808432412213777399068955758949509021590395065087379811919526650
이팔이,96442482419810313405112826884419004395456597764860180166787134415864928498559
이팔일,50164235377144327546184479846245919177912948949676250864847794600697361215967
이팔칠,91545171449899859838530521092700017085905775673658361867218147649687333273737
이팔팔,37153917932358961904595678726874714173128461854963776574795101191957752817794
일구구,33140770828295157196928977203096821981818221623517463572794381769057907787524
일구사,25392079872710254271964238274969499892145434576260919824264531710468852001975
일구삼,31930210245096909149478154981827487661915403608983845524797440024769029890474
일구영,35439111365513086601579523352474493689676815179550763521585735610110159620726
일구오,71998566088829342546863299419847279575350149213070306103064553928975180757369
일구육,23860366830722989347564509493118207149530941538263382472277636799381475356070
일구이,1005810620021331448377386789782120915921411591731665274107895388603001349041
일구일,5039105842186072281469145116185764205458965707756705312791573131344360773317
일구칠,6064128872615936257080497823610498165011239794544440826411870738355301918584
일구팔,89565757423401263854208579992661840610263241161144177469131114555733966927620
일사구,60224815126235495519167532953551849673251934123133292809027991129547964923671
일사사,76286178782505448114451551690321470744298263067118849949742058383230676385941
일사삼,104212656339225313588352403886640069941433105517249449010020019092043754930306
일사영,6958844521775129877396625541460953614250574587251496468154561179745308735480
일사오,14135897290524469005458888015604792339712022581377436190452191224555509892542
일사육,75383923691622736852954186196602241514771582189578853661031344785225733319248
일사이,12247081421641917158103486327420127469718013821576562703186593159684295556479
일사일,39554859400142574434473094725149965865114242757772369038788356967145234581853
일사칠,86919265172747467129496360943582987622259050734571037106001376604183420528783
일사팔,47084099215272694321924879824344159531660582128637338130139643138793914139589
일삼구,85487646699280333966658132529807031133447416510839939141645155586286915316907
일삼사,1780329728261739208577014685990915357665800453421746955746864118150179739390
일삼삼,16243861176028172570531653921924466888147563530760237241315476356588169888027
일삼영,16360132673220634869358862726974344934947321240178237212347096956265247505307
일삼오,27672569143492976933920147483399474230331261563913613748478593814246204651888
일삼육,61279964894989399223006944347086336497084338435246373586642823109939080365243
일삼이,77407280459379137488415859620820865687982537631240132241824705518095354290125
일삼일,15117758299883961908857119721833717198239934652701992000777630894948925637739
일삼칠,78165156073348740943356358761298457618660966321835459615675524700971308777613
일삼팔,14038388178357148333222606369058719975903585054400817909378080283264481051555
일영구,22481222313146530197319820493707515081453282633809646307381792252756612211853
일영사,44496175633067584076353770634744407320252520111128924636320141378551775978932
일영삼,1589991750068768112349884148545778519330825354121601882795154974451578611888
일영오,40774140829962108426934732156480370473290843346770054572599476570319742262588
일영육,78158799137861135062461503627299707652757592519041182762798129639766622905883
일영이,76363863780259991440393698012404926130424045086703615183576488923845700947084
일영일,31161936578464301844154179079280007433069223771111412889478370654198122679038
일영칠,67998333947023044625064225645368520561127036282707685860114885188957897812796
일영팔,100967189214346860086306815656500273034708638878530043898963545770807660540494
일오구,30370286343397219852709503257972498998851609112422696696530428467278756871753
일오사,57185363556620122176510875513463505584984428989170780120192717389695371412275
일오삼,103512945499106454547688522738828442182076479475462097412926818110403942007216
일오영,80460769888597491094191835933452318260394568711174324222975506680599981294505
일오오,79608175997333594504143292512748510711699543335823850211869505584258428562211
일오육,63377510312115765962252875057534669471856958461379766106828421447746271543977
일오이,104467497242491213949211478575091142056104223031732617893202970151118777033930
일오일,36696421563648562476401523562945453840031088611581749506500831743316600021733
일오칠,93925367852412912128021689858956105968400740638213441627580565368770168141098
일오팔,69374206371958338726231710642636360561375440631964308755381911275310253949721
일육구,44502224439223503146783319621204626697439410208794408052336825740505482043203
일육사,90694421510200452408086832897455954088814429076868929217957037016488337079310
일육삼,59370436604090579034389607103065853000074035510196696336674671110508382826003
일육영,25641348537603718933675043395114887671783792360585764005096102958333013915879
일육오,47504588791981958970781218732651365865019517706339103474924968452475067752831
일육육,12822000005966575224790766111652877332348615302009368265233442481972796252945
일육이,112681889877803928918060719780800740104101822967431340694797609472782965598957
일육일,94358929180568878407062942089183510957838081545801854505149474880918931201485
일육칠,22099554450802241069079660769354339796510994308270551806395825305308465920777
일육팔,106804196362115255234547715959160128808633352197458156331053858898358489213618
일이구,11327576720337248027590861499800160389764830528293719939104269763182528013097
일이사,998348077719574638647809409476570588357815073083200756687083394133524963787
일이삼,14516517150300634264918576564408696769156090615182683791386034449527008922028
일이영,39934034517763665419707211537700058531171381058635308471123507423627775848370
일이오,87359853139019323256961975319319296616679363346864787805755845752055175754999
일이육,26907897666015333785689419439813112803810166557633784709279358496025722691071
일이이,80473539667234326141295702428499222808563507838963846171087958947291416521700
일이일,26508548197853698373126368903085510440115269820139356835954335424669972254412
일이칠,78275601346371808428951142266630142669111737686217455520586490347751865165841
일이팔,29901779625780717858694387781330755185989263247596396188264441642437901049863
일일구,302547092435664694184399806749277426254085372820136300891719755240349306437
일일사,87126162984736545257596153368534955773548446116402709629275546577390316801231
일일삼,91215643657110722522270149707625530734746784691875278621194509119951009596530
일일영,3625323084967442073726950144478729377308141337827153526951268579548396685994
일일오,59539188154058867996788147091348005424444784737442913285244781331822704331505
일일육,68995071145276125895743401379509502799500154867201575149480353044809744136488
일일이,80863826124428853988923221690972630082324975059212497871748064840149765403249
일일일,5047857775617781741549414820992074431277788357807672118193419701502065249221
일일칠,84061457096982492788712987801249067420381942349848876625806168004990594504685
일일팔,15444207306966700833520985651408001885169605075858438996336499380914925401208
일칠구,8235213672364759116718821866847292268621555314408305637120907967173562695779
일칠사,97475606893789429288764390798690487398979401733613141162683823705557426895018
일칠삼,14326418863727435783755513687325359187328925097288019796807227567238684011477
일칠영,69043207079744905711891562067142092086444052024909598573464932316801471686265
일칠오,66539921951906142986204358581584279440008223003244526211895173984606324444979
일칠육,70193301632568813270938060208027201462057782954036279195732234800914613626395
일칠이,22318076545456247305748274267953123887442246233903507883754717751217116114666
일칠일,4326522433052861232118258391479599203220977721948400906608366969675621930124
일칠칠,43209765497363875548458572998434657115364768115411341155122595311324756194302
일칠팔,89265688263193391059266248495164202483649097280051485116866690271258881963901
일팔구,105499592267784462631684403343031180161891146546322406317297765004691776911853
일팔사,98369018156977031924178165403476736001144831725428759768291887675300366819211
일팔삼,84325947084239759516827604483302333286931666140682289483478455004781095740856
일팔영,1907902392980800404607805969864421224848857840444427333659303437091819598706
일팔오,112746838316391922891872716539097782494606562573616857011281833173673340126043
일팔육,25536879671211759662587998736495827697236567864734340104489265051412462975133
일팔이,61698568239016903209126853936529017528233594179897315083090553271715306330204
일팔일,20154721037772815488477478676670966157494806282467493269672384653952270540653
일팔칠,5523862263251269382103985273941891157710561413716385812164789371052265672449
일팔팔,73553182633705466925785000327478205476333561604389701355497334508557606751112
칠구구,40419087624120510258848584903813054713775136984051316528505395857606955289491
칠구사,25890447414435821738321485592468826354043675741112360682094999003538240148674
칠구삼,26000703835288697976698651379145358433975107218994230934118893968614623367347
칠구영,88105225625149624807634538262592112002352083192093270734771384118354062561520
칠구오,68587746946557572845217333723734081437346060423305519447863164054418922069768
칠구육,93048110014848334221248461569776644269107308424350312299409963581902341309583
칠구이,26668510996289707674914373428724841238393807702565596796477758747726380432220
칠구일,97498681083437936759393238699510820534334008967321226125291408699527436245884
칠구칠,74199278779273933952754119160572049585840863649893798219713425130051064746495
칠구팔,108715464560072050522346766646045595452019714442442587833696462574724767216078
칠사구,3201786901654781076828254517952988270592185925216226121730324782892063022262
칠사사,85360611099485435004805923257404886819591277152263984455892242766944494445192
칠사삼,46902312462662356519795094333878357667073665689106982543271518598256435976364
칠사영,106962418745185539833221405220769739840828524011600042860405000561584436078070
칠사오,65004363231440528277644801886013064408473582691932434384440600393713217105494
칠사육,38540751580987605734666193720271761560911647678636354109735469128799545843949
칠사이,49855154963582423831020018701776003915503281175379516663997795364008287476802
칠사일,32157498176924800411770105876791374442653008652800549750082250290613299493369
칠사칠,114149396317964059580956708947425868764833389880362425847223549200765125411450
칠사팔,66641654926231117995142977076688786848176308148512965076415259055457016985324
칠삼구,34635291204609098378374444367878420704547181213129930811142282373208862175360
칠삼사,44561333073550510117105308037303743327364256629080767918715988394925747990142
칠삼삼,112121329488045538043665103486392027485803210520410792504152540100344150454669
칠삼영,79136342557971206706588555479489806284345964354542881920067528358531662070774
칠삼오,92290592445795932667713551127677958679134029728962130535246929540642901036821
칠삼육,58808735117961654083565089401752982172093795514952445603682573056444531837237
칠삼이,12892053703677234475613662893791392650052093780011938736530371371059897301267
칠삼일,1352730805077833319815218197964949457977283054465197886631447920335891248024
칠삼칠,80274014657002480957601081557139917066328786242894506345333901561838270418887
칠삼팔,85835956079025843466325463089960231882442580568162869253651671419824993237666
칠영구,72418372867826441725470157371476130205217393169783201169942177491329826178846
칠영사,64860331593234139262182662014904332047648554769177148897028802273919245346621
칠영삼,88634637273342430507777707825587213845035289039769556606817971103222097483020
칠영영,22910994358757861684519225931801731476524828792405595200146542904843337410402
칠영오,105489581471564584715477483883891745886754183676787951130821087931418510920982
칠영육,22137270657767779248479792993200143695565473611594679407903230996593974484765
칠영이,38320842913395649772923411282352165105923804982757017755129275816926675776794
칠영일,72979517332219731725597498071346474934838532548929346391999452015271823253830
칠영칠,16411691923602455184769677969900152928630846180993203072930764126876257948456
칠영팔,101140685638504796488284538834262682071246742282583783056945214848582025796732
칠오구,46475455821220343914683897802428322764480591150487952273634934531416195763907
칠오사,114849387945961172015733202659891057891842831443291549108606279187765446180235
칠오삼,21451345732222193683466946613887525227786456953129064319903529207800931590639
칠오영,51456788557881127250098689002617887136814638535625321611162968774952853528803
칠오오,87806556559907052009473549555293473983834003886318752324357397382108864584268
칠오육,108017382048983401234981377264619760792718248227810561147865599881067646158394
칠오이,51061499109309261456104629172470243058013921272964413263675277004799764474939
칠오일,14391850595158412286787008248528117138576273701140188395706609206846844835879
칠오칠,40865879398047238346361370487866961106451653197334698460348855416291441155498
칠오팔,906167183675075526765918377060097296468271248057271116030048630297340004701
칠육구,115141591350746294158557485441547756937657354759351328069036391306942344869953
칠육사,88827343161836185877182297335376218350629677473145077486459199527639825754676
칠육삼,61443974540510515001061999207489773938649383947772416102514368874936781342592
칠육영,6442013038336684814930457160736564069240507234642374344345204572086013408119
칠육오,11152457197344588327171125536554656793876658946418831970164792447321086933809
칠육육,109113219269388743065044151784120545084190586335038421747991505579493781596952
칠육이,67212155227110329762404846842367063134018414177665928446627335357428412115739
칠육일,16627450812016065211006841621977707128159753527898608956315267213639967821916
칠육칠,22639157402503049298399744696236434903672658248240681155339377129245494494831
칠육팔,55375936049853923373194285808985195204036072012803078452491959414795721228372
칠이구,73467360398774136415998298503955165548940365506233107593914294955741959670663
칠이사,100349564813536659077363191851171159381588702155273465295986578821019975379283
칠이삼,15445209728758158939449020639988832170068898478425031501696362245784046573549
칠이영,112409753263205089553329916902782814947437478563707610134084567710680189912655
칠이오,34202104064731687197822914628023080105613820169466983532765349326084224630708
칠이육,10908523750865318428981028162843493684030771617821343574435530189739354621404
칠이이,33124767880722990294978477846760587359195809879003819504830218821262484191692
칠이일,30275204123789439992254902877678227937063237819617058896979282160303737247448
칠이칠,106265509515727588467583043100038942793332220635922735187524763780564470583129
칠이팔,109067261552642830979664438955059984892220091425143797287768624338212092913873
칠일구,317807109723380244052986618903683879681675908255771885947820510635233130730
칠일사,54083050627313181924121565175057966090166259106563387235391744931875786977103
칠일삼,99814320782172982682291817374443112204872245645724303101711221436315638239665
칠일영,71765493862261788486644479896299940455658618797562039445984981586204374028684
칠일오,36636707845608876882217637760030032125317860968416626215771094047204834180485
칠일육,69336904166782418558555051135032310806694793930768657967579316366035124982503
칠일이,21223984862057614929747249387827834139860791977782551866709449112311326608730
칠일일,9244554534687927749039203588126089437897427792983275238484371627338026157797
칠일칠,3637837229703024571114673753079356921099378241678647235684371194296005465661
칠일팔,97419543274283325655872317849438205289901296888447037627449390248650371392388
칠칠구,77853247058010218400346114412747585741259631277589844445888932676627443959464
칠칠사,41508741225971506151122612025070929570448862735389997830153193134876230770450
칠칠삼,72124840537001442088630826790690886348713165526003985554862354615444942227384
칠칠영,6674093807039034442960087717141028345398914371755718719079058233336125851961
칠칠오,1113918742669556205622803717564206344266666913822429464425045531867178112996
칠칠육,42916760728545591436010052114956449718045555184037194115018395856249983316611
칠칠이,96126065482079189601330807368301438360183023655600370093902384311548364043262
칠칠일,88450241121835958769707160093391255223103062952631772167178918616286437739366
칠칠칠,41546012580570948037449686239009418875949783702608086608302638704991198993142
칠칠팔,41663745038074088823482809427977615248211942796097375333040172307067331804956
칠팔구,66730789687734736663117718416076551013735009431328786082029058845323359564247
칠팔사,22621216303163313530515728476471471180180420551034251846188945288005865701516
칠팔삼,5126073476651765296549477180722525208408289770365582266090950807138248207086
칠팔영,41820923705294561586240003553934670605443210691719138534434480809922226880887
칠팔오,10399064663270575145343169436534096357171076893858757593809764462589440037797
칠팔육,70562284134809796099180448769287878327695571084997209371707593218751254089213
칠팔이,21333146022569608777239361104254674963766961468766891933962046424476807110072
칠팔일,58914483934074584587001219438200528263531436808732898751156201634842849830693
칠팔칠,22303363924814139025564971596728739798807547067493355101548683783730542636638
칠팔팔,44928157401264547020493740523155711624865744452289993546370307379800397781977
팔구구,103008943526806090739974603883829535277103740446687476070990891404539358255204
팔구사,98338942005583222317401132153752899384305346080248460560912980091874287440137
팔구삼,84073492544810410874359124904492740332545297227972047949953043774515045767276
팔구영,410952997859894250644160591567902946008691255218807518730341533136516766434
팔구오,65810683228542637407006253714550410137451374955678709125599368323013788967505
팔구육,23954194467528467577550041515256909567400201168647709381013957221889724781810
팔구이,49793666397046208237311572122635703263584652652152565554718195076998128530363
팔구일,65285511602833390389577717420823186283217964042986377141628906255091819563539
팔구칠,97045582690774530481251277344828206271991166882539461483337338078944483539099
팔구팔,74654657935537300458287612733546752244449025891186934919604952231970249371780
팔사구,45377326875683219033772901343288447891825269787405742456032878788946230261078
팔사사,20495813205289181969397053285751101539334882240319530703436167585304679734788
팔사삼,11269707903806525054843159022644809171194595867646391513626993125642614285744
팔사영,80769519333850340271145776259787478413756191685093469020045067280081532707040
팔사오,24229545552210506975860623315166455470541223064951024943878900848581130226130
팔사육,41252762445096455035725204754241480022031539077338486969593643957175092777278
팔사이,105654978439079106396564860260774436330999950582564259570928969405212243318505
팔사일,85097546508964951382649522751301211938040744452989877057212784014610794460784
팔사칠,36249997856653755742478833939861025362589127890351127942815070664771655670426
팔사팔,98373719825030258184711910563946283162603923928587512742319448269841457644157
팔삼구,85676284147715362505244758713424753836346852552258652360824959023632497649633
팔삼사,102636803545752716853288593812424700687072375771170653838464333611509556149256
팔삼삼,36143090783687584074771883657808168086598913521854416074154409073973730228886
팔삼영,12422650398363661878064198531973320839355378702925060921232514116517274541064
팔삼오,47017243311901555157356472394090062743311322587593184313263602108346420977771
팔삼육,77960914935863591716979292782547293714561385601820212615897230283159214552950
팔삼이,68148906186311573994200250676179609195967418910814354493827913878384157487625
팔삼일,25118138474504701603323686884092937499323992782557145887992989651697732477275
팔삼칠,79003462496379781691770624021425029187610078163596458367063188573343732414420
팔삼팔,84449189243551833089718358124392667445868576798720228538842388083592208538671
팔영구,11171607513609057193791727373851720170745251594584904838041564105677992711549
팔영사,11918869263845726935315703325023829932130643932773523673917218059196744696712
팔영삼,42587535072323349117349933580043842327799796495716600949699722916402597360630
팔영영,70981719692890428589838525799689141981895112213054704430857810698146412768912
팔영오,72930818636073948084212794077473498935607032109992165962288636907728259557560
팔영육,84401901274837896800793390907781274262526489873333322899892155465429177625583
팔영이,2723690051457608677453906592256962578509748630384995272998609742145610410966
팔영일,26000359806580190502392921187018117664902958619987631414541134605822524226444
팔영칠,85762986133933021307858086133123013878723647279832688708968037755454395165849
팔영팔,77839235543303829571271947984356470853958379640082820617803326587973963754811
팔오구,90911651344089016508868312257928405458287440292856171183758804873860678484203
팔오사,85642562002682742618067331391858749883871435774626134155748343956166156953986
팔오삼,45433636442466513939053915506443746549131320131510314683753494310775335955524
팔오영,77389666482575308457710098929418704130499401855303731817788505310235617640290
팔오오,48298839178934408460194970091968986840171137741007675219309306592931158281474
팔오육,21988096274854272730991320452613364564660435681019789171057713637004399361758
팔오이,105969087559139042432784829777868169781624583300968138545886231612263893932882
팔오일,35216924204259378508030334705412788873961552804905753748801534321638158907819
팔오칠,103672054938868182113091057223809119699434194094238074139764385284841538679771
팔오팔,53922943174308858280022313660153454673843039287800951223426597603186319599162
팔육구,22447224113397826868931245220763575004578307199117080427050042227070866256485
팔육사,25465978177134054099234287588563287331565943853960153081092820884096742974311
팔육삼,20294692772948330863923834736907768959148245407864683588836928239873552818145
팔육영,54739453746230226592667038709569183793374511447491000508758698501681167017189
팔육오,33971934421946315472807691931450192423118246465541913107225711721579636489431
팔육육,37210097027117091119706902646672755587829903171388062779819045955045213426367
팔육이,2525856396612733131463048074196761728176625052116408888057236275591863843855
팔육일,71208147405154788636108948718390023931032587986434588577208673823996197958195
팔육칠,98775809161569500100550060316345959977053086648350931822775040474442438041747
팔육팔,91290579828488163588987630169689926768985298564016385451612115674479063866532
팔이구,108366327812914103520511920496272246859012812048278326198098929950639836696234
팔이사,39728861174649438362817473148578365797254805911787589714737628838859407066199
팔이삼,51937274742565189337162169369923670316465248120080113910627589565220583237215
팔이영,93428471317695066812327871066257711551477179721523371800209270913042828247970
팔이오,26757056125883028946967834260158980623346304017150267179297698918926628674314
팔이육,97747164587685690594589285516559310298730172333261671066607407688319625413599
팔이이,108525736827653719639564239625172513558429969681553644008865912093431940022593
팔이일,23855811308341847530554995330253395592190421530632830798880550139680284944650
팔이칠,56668516360925505344881559543165711215154036299308030400188920163178650368621
팔이팔,79461206528269727788953975814639896144500315798076705510204448949389048179009
팔일구,108859645009715850901558978770206560117126201608723777577276101497939994690645
팔일사,103846800502016689213031205523597001447789513401685029017028439875536467565344
팔일삼,45679473766184710423586350535158606918558839731659460783836355493679679056051
팔일영,86487231817657810851621251732977242333757736286746985791731777645465873188079
팔일오,48697754339262754619668550360864914883821039128429368620927040740792799977327
팔일육,28654276277367928018944785946181826963925105346374210453336748276882599728530
팔일이,68557238068389138927993981759902761272040409486317193128498852005487125610200
팔일일,101388053460635514288419801780412520531487058896962615300338514800819220796907
팔일칠,101738237335195448232065382067048411388027168852788364174047970622408312163458
팔일팔,26212431427999673532399949574321076833901620778261541967457885031393122746923
팔칠구,32501215369624858135076762947871802906491588172066593992083042509170125652855
팔칠사,114315472718877783710142880143727924126906489385885606031727977059615404820757
팔칠삼,3429403890805968982449542395310579356718087449106561371026776516401260467243
팔칠영,55430718980831445715708619069219250115231789490217697562645457379514267452344
팔칠오,109444483115900757284451417073084824379212926647575026833535772857984937149336
팔칠육,106516399480434515009713186886672769579939968023288156010206626594454218397878
팔칠이,60816661228841195138372149987947278437867676387343768130784562647821199024611
팔칠일,24851330601079667541266288980746347698814255474195296923393802319077853472214
팔칠칠,81766430530968046404906011663803634770698458462666677958519818029628798777149
팔칠팔,33272627036121003108183139866565807100615565743357872499231210787332265355146
팔팔구,79060054497509878533103809747719123790155551515721580629534077893374485227484
팔팔사,100280599371595822578404175342505174732693153075945145471364647399739757898493
팔팔삼,57738271668814901230508270247846721905063091608512718053335495503685003934957
팔팔영,75281117764782359066564389251069131378414916271529650861942894578371320385772
팔팔오,36179043850383183967177233068930853022523350917827326421603080568523572896518
팔팔육,106075852740072945730813405579432069153868194230574803560085488328296698022062
팔팔이,74392565233699637893246319632713454318773912161302210801070933783846666706292
팔팔일,821154060556930773349490582595274083873217331174990952360949887917798796656
팔팔칠,110802569753001577057728691119901821479444146068039890109612729727716475686225
팔팔팔,22350979912774674949216204482270104747823599742020019590024333850151568942766
