۰۰۰,9708725828190919216592375763951256760924689528978943972413420835882940914631
۰۰۱,38965444938403981419530473512677007214501387046668196361276222321774454813864
۰۰۲,12394404310606881920205669782924073888364890833144119820405882020602152802332
۰۰۳,72877978115618692308893558474814173511041019524830872043538598796861299050432
۰۰۴,75039520548364849395131860966056886082856724063586891090070495288566667525653
۰۰۵,1772606607535735370243580748409266804641885557098287417620946817691217567779
۰۰۶,72821627110533470798114561059368451972087998482629489168041666501691094002144
۰۰۷,11824616382633554466061177056379706411716691113845423523174946024461868422580
۰۰۸,687975293051647189697283310429141627982793067982514800876891009033330876701
۰۰۹,33644899408292140544592331527183967285364433782057316628671568682883948716213
۰۱۰,78554864868987680166417685196769713070577600656434592427952071048039010182667
۰۱۱,108732077316392598826651542937949003015331029303513560014409215194570283624491
۰۱۲,51692589017510039816969202736735432953857453706863142471731477972477265696710
۰۱۳,63642476492455581407666993473438269077362041659861534953698511318644325216323
۰۱۴,108196843575022338626467610688469616651196473612959078196951062178355645934918
۰۱۵,42732457240659454444587555522550007207410725856069800852545520208302721586065
۰۱۶,17640502022661734653563592455688208416422176928378806065086987185713974219582
۰۱۷,79073964703518210575091908074611092961459643322050848838940970387018697025844
۰۱۸,114045144130430458441830625974731621555208006069374665069527467783490205136837
۰۱۹,111618679830687326967308322692302593509640095530308943797464428280070279896795
۰۲۰,46756259929643972285615349532130880047465632958813325011827619465159557564484
۰۲۱,92327210303970100182254145692790720074965716246836122063572086318061291925049
۰۲۲,115096638474765230415110504450153168589709288717719255735415366759500336033623
۰۲۳,82053586484867320351892685270791411180341066660398422583166215645260568504961
۰۲۴,8149509920530159593528162289424307663666033817203178314011541351210944336007
۰۲۵,27509780081669495721725494167099691457740798178450949399649430707325014663736
۰۲۶,82752044427836387370055030691432007690154717714144549009521069847733615160025
۰۲۷,36860602902932748777401958712589599563868554491855330709084893227837624326355
۰۲۸,31494397009294665467317611669321719163599682113451004440700461498754345138087
۰۲۹,73632989354854456681252924515019552909914737377612129664992841544520312135268
۰۳۰,90725503463713319583393894513724668962246441972896261246256556405714768127962
۰۳۱,65162321835785791914428494826625799498303628534951384847210650597619940181263
۰۳۲,2270927300465227430246680296569375156207638091338193948109334740149453758822
۰۳۳,124057605279560596716545987202282741801806791401572466433622527448000623097
۰۳۴,82297704439699053919804207515115438165757311286654022914196132456927623423998
۰۳۵,11226790826881157618476588351511793306675372818964039927322168895019963317325
۰۳۶,112362651930447186800223638386131739615203325908614972412828229474268595111089
۰۳۷,56439145614304416724829183532618338879143099347521420746658599512739610374833
۰۳۸,5071771640758096778279047370393006096528094732688866192063075384471621472999
۰۳۹,40984984855582250405631687829671795455104158580415490249095387156607910946642
۰۴۰,100650085754897314204961050535252152454056252084421070217886020090436457222221
۰۴۱,71735379248777566060178197847469696837057289329734405469233941756106117890063
۰۴۲,24448894137853406911313253227050754669196272021045872083431056380489589292185
۰۴۳,98381869797124878241334501962170938453392790377256202499926885952457844612253
۰۴۴,71406748887962813077570912640758131861196587167891203520003558537345432432079
۰۴۵,74402801356174186743973228751361257994652951064248217378686933165597618931419
۰۴۶,71217656889785708217903075186773841701111342178503739565739967432103104524827
۰۴۷,87002416105061637183873621974377168639142501202332161029004641130031219212908
۰۴۸,98384700029310996119028482789518333630440582321928775361769712307806942309237
۰۴۹,21735896018516758704843198928834821676319482012948130885576464217038962684650
۰۵۰,86101040143264727666839996923515559552515979079319478755367690172109630634109
۰۵۱,52878486080333641827639827644292117608795341182569698489066242028396904710946
۰۵۲,10611112637373719013770633556189924257387824161346348304901056810364099211312
۰۵۳,40343975129505880406209588943206971956434644656121204578414498270923490466603
۰۵۴,25427870788093046379155728809677758979734056413848275744240070696244793385319
۰۵۵,13599166478480449286701848517537051766596561086559501153298000771981032727120
۰۵۶,10346174846703278826015505194075063324754574077052859256570309117252725486975
۰۵۷,33807229627633917969612991519180459274911861711405115470666495740344488054654
۰۵۸,59030657258786001473322029037260413289493370108104476817226149931581771719195
۰۵۹,65973195909919393350648801858847350606714679857616826060997741968397743584971
۰۶۰,9737761098828066503605428836130708725081406922656037229245754376547136330986
۰۶۱,20575936178379207627282872681718646710883945165901310938538096917570543427772
۰۶۲,7844142381678792242298878004785278331325001398029629815911301026366299433149
۰۶۳,50118840466326289440367775678796858257230644144755133441247889027520422813387
۰۶۴,8759770881233318519383691698338921488763173463056935862924589181678534947012
۰۶۵,76062956053614330957456608088459608704482133837657523553892273885302865515769
۰۶۶,76048364482066686020417822677715719003891587763712151595407919824738510180351
۰۶۷,84060012283479434901751710052034390069265082928613701426232848294503605548957
۰۶۸,77908834615544605582918277094594034104749180938910844985823039476254604199337
۰۶۹,54149385263722148314487264316647190277844476260023706908849140491831731014263
۰۷۰,55270721319734722034520706988462100376063077562856884204785321158878830016124
۰۷۱,91052639790048073607248556683408533359362740875575670443487717738098497952561
۰۷۲,74222666732887284647687932406029157509540589623594626777338142662713599227802
۰۷۳,53473916212567109488575204923582233852862546386901635610886570453565738424918
۰۷۴,7518110834661487355175333399317012984603067842277656527215860656826906244550
۰۷۵,113173863163524581549162805516166972164244297686314658740641863393117424631712
۰۷۶,67201147278139046806065730524457969897421686835848752303195440623519147015732
۰۷۷,41056161334239367631533052882077582946209860478205435780213207492284282125669
۰۷۸,85337369678107028018338076539253610349646102913882975295308333460433066165190
۰۷۹,42922637154681289404433637709290812655514760414467134955718865961486570178543
۰۸۰,80330974501565431682106566127480106146401962622802399005878319151386680553115
۰۸۱,114106349769571284458871806441105932190415933645618478176247490167733643864463
۰۸۲,12894016267460136859421504140847479817884134917019091782794130935122626577766
۰۸۳,38597064852268258351151304081141263894383616815127913993838199992556857161252
۰۸۴,103098164747726456678921037149947523785849217181911043208381892789171571721602
۰۸۵,10696261029777787781642517370854501532535759331293069163887701844582473444431
۰۸۶,90338594408515897294097592740718332116136146080337048507887697718665346678809
۰۸۷,71800501025961197147612031129526590336623927533122875090868329632137040033049
۰۸۸,103895744184177089425992717037467990624588501020209059974123551813826538399822
۰۸۹,108421170348965170796960471076273213599127079878310703851518875913664859535381
۰۹۰,45020351231442784206375314768119036864264410407071009194774377059956934106572
۰۹۱,11944174963074871285359710786498238540989611850584711737320851313206365331074
۰۹۲,71530642783400948632818772092777086737044622847197182531179886784446310224651
۰۹۳,111320400567286978641302592485325162899887921172722884500421861106836316157406
۰۹۴,111758318930593218878714118323867582980251382414141213941690787557558399499729
۰۹۵,45604135093256094709394224961962344537442876985392686618106340247927180076511
۰۹۶,2924855500617311047801624078991865801297953546804208271299642265223881455717
۰۹۷,22781797993067418904259662442527842183666897119559796941161184754307473281017
۰۹۸,72469469621496647716963793964734187656707047484523722005532682480846457175379
۰۹۹,70754177281415120550740295708449628005726826186781106727394487945571511430156
۱۰۰,54689441912643070590745289276883429823779333933775909174098529039252004089687
۱۰۱,97446879764291185383016433047954161632800622658637872362595459420198693978051
۱۰۲,48489258546825284942731212727696958254040689092976760027492722253027936545921
۱۰۳,16829200091698906984137437657406890905901410703045383008442342118787950254474
۱۰۴,99913094201268036739318315905322747462845446754831925997441989085017236262289
۱۰۵,93103362583986207147327085987722520805575248289353897119965375870349317543700
۱۰۶,12265389523378665426013754894204639640004067452437749954924734022253977772173
۱۰۷,12044662150489086133262732919688065806281554899664633904293530419362059066231
۱۰۸,57427406480616249959210762559163394329190254505491028460171449575948917929017
۱۰۹,56995424152767622051853180340225068810521365431671921003890722242596287433463
۱۱۰,5058529474326332340313225559973017429612250029303730754239809706295435545409
۱۱۱,16350172831173999200699214510848864729058935635514885384051182059369765205184
۱۱۲,19558399665246322862013943365283139472780466499585161353439246876643587101194
۱۱۳,78745551879840496556874670361169666452005704577976783868161156946571412088089
۱۱۴,42472691835460040720711159289973071802338981627619197394905998115526192077763
۱۱۵,65012208668837128623789139015958195422110127223313639872131083794256334859826
۱۱۶,64955204776163869015085672900327698583553160677325823288050739334824097749300
۱۱۷,83072488563012294824745669089260539304790355948600321549876136001651037796816
۱۱۸,10488110866507063685761678538730044612751138763836231777025416213867309843943
۱۱۹,46144200126210612890417921793100644184035409473396555199914961156687187154365
۱۲۰,103162544887148440962578203923249097845866032971421454337406048622687863906594
۱۲۱,110174628543012930132344725630701750195291249551866294115913551226024512739394
۱۲۲,10530916349403068944235296144487491745932318145338021735018157046293789444346
۱۲۳,115118336138340612333040167500858910683572921528508457645852968341043623033946
۱۲۴,109018578847616787059445158172992545076043903595030713603582808593513920864127
۱۲۵,43190050753548058669444917164360399780775042462260322496910137479700453228121
۱۲۶,112011517448846016604703999865916114178029554941578432043940945531721941635484
۱۲۷,101007625069680851205076175979770395914455444937209128067222479981260840406208
۱۲۸,6949257283730568310894343100776618137808729172758047081894037836633411714558
۱۲۹,11073222673483064516472076415120015394912736734393654866705523168451524640945
۱۳۰,46438832619218296228548095125423763518395460555304065056393913859704749163885
۱۳۱,30643813395359102713946923501625799274176228971189670136216886448710371772566
۱۳۲,4037135076143253471454885682657454981526829744151150696142810941346122589451
۱۳۳,6467406494591427781725697007006457133943564591264906750533426162833233488314
۱۳۴,68191400019626779270634580651046719152098689827631770718907769192997750087616
۱۳۵,90385658383303015591740431242337517025793832929983771528525293006054377154202
۱۳۶,15184165143582595829996699425038038761006349714918683121462208842571012194276
۱۳۷,22681126817170348935844674825888475500905890917577297595667380870338850979938
۱۳۸,28178687753154977614796269914371274917668389631944564429094785809882687673547
۱۳۹,83987115794832021034104398257748160202789810702645273495447619828119974909734
۱۴۰,52552316330543387600413770621336316900183626173129973633500479822818214691605
۱۴۱,63913130984822399234041780721483209150676379412612087044669613286085180476142
۱۴۲,31227605967378581975153015305193747124051116191135441145429760034561623403425
۱۴۳,44615253604413022790864102264224860551877976203487534140331708042826188655076
۱۴۴,99685941490217668905391637683120152819885164508734955578697997285933880109188
۱۴۵,22066546838214662950060517662424738847831832636763358981216696021379166512560
۱۴۶,7488410292592017972223367135763314560827099527714502074452915033790709554472
۱۴۷,66721351355025337090902426462174588954596654006942828347489594415291575784536
۱۴۸,88446470660971175431295685825596081987475890376182705910003051104871152624964
۱۴۹,36341000326702410598421971958517535438568944644504206697021834584117130273877
۱۵۰,84648602216660628460166512649068236821128653365788364545850415185472133998564
۱۵۱,41627755197645531787563056368287542530512815151298149092979123225795226603434
۱۵۲,7843728578284865430779482339341458125763158416724286939864134747514585232082
۱۵۳,52477773009660156221656614528357326740324194964656929641206481387281964465740
۱۵۴,62585857727712846839747065003889154176764148096706678662228953708883611535673
۱۵۵,110592236619416194868450671667115378867226150212784784912378039640330726174186
۱۵۶,112621469575982232352855539463225661278282610519651549121906145306318932864643
۱۵۷,81726181519741336190900229954348600203373448048248658926457091971892288862344
۱۵۸,40124920778830959354360959330233305968870939539498204627033634259231236739677
۱۵۹,62738634245737025830657530280619681705780029238217651510909336098169849376499
۱۶۰,36169864045362954488358541220670010634052514590936991148895145767109247388693
۱۶۱,106108502170883017390691874377636318944825617303946499386035784006391932519938
۱۶۲,83069195709650121503974873657741571625688737106107047030027347590212679963242
۱۶۳,12468465550388571240593859455561142068911344736647432842982936103539771314839
۱۶۴,32652931588778140100982088608606830677468701013675499405782826810037073196682
۱۶۵,16589697587301573484129116280213875831561587432242453399070725284006464131269
۱۶۶,77608508770205392294387593290244644858024671990301636564448405592913974231355
۱۶۷,92200349746292052828911086160676962740641197842387419048325187292192918370297
۱۶۸,112443682623097056651347516511378598339957406220940451536049444603965313912899
۱۶۹,88329974025211193589326062194448055440380461430507845019066090363641628002578
۱۷۰,84614926451599597676772443536366851562330538783674166363637420631314478640937
۱۷۱,22375293073212657818697233690152624805348033706179040266315537090120748761523
۱۷۲,30947137298356626706643164115372221258635921996280711536285861333018301007403
۱۷۳,112155596489470014088369762900319059724951792008722259783185295293388111001594
۱۷۴,38097907602824156752584999647549496019624931027432867157158675415262512476045
۱۷۵,1438922243087497181770748366041353223250383591980317759690493163533934723911
۱۷۶,66963152241126700361649051186104697345404684031889161834301595373262418171226
۱۷۷,100740481302048542008812187573176878599214337121408516840860418313078527125316
۱۷۸,36210842198593682399437074857589181898983345138145010101627439972454910098103
۱۷۹,52759312811221387355897146578796633034113706718068387334742172896088299693041
۱۸۰,24303487911931136590699090915429160774352340160179649530572088421647837136084
۱۸۱,60829453663545921922046750401997665632923854060377752421937077264192639112943
۱۸۲,85155655631393556218128336731907195142831960142046508113285667360266097327247
۱۸۳,109518652174682382659260857260759713573181258412328493148389562888177944252145
۱۸۴,58044519489134248815833320323020556348500113491107578692164166293303582586377
۱۸۵,48943919121149237521791145536701430878968942013883824323293955108780886948421
۱۸۶,98920829616258695809254183473237412771637026925516232580139886842184479685355
۱۸۷,49049615986677003966697704312136029048290488654528386098935129943949716897372
۱۸۸,64090797165630230594186994816590290956508111513887582441166348143178608765496
۱۸۹,40424840541272240415409813486139055210079756093265170507709903806083202571069
۱۹۰,54830403159917502509864270156692232410557559977237989044228593547027078245151
۱۹۱,44245400434309165528034044554458988186357884755904950962679182625962319547583
۱۹۲,52304385582572896302035230271434505640637449801549827881832091048306883339248
۱۹۳,115717628942049096341481340882655830517974630380842907887732872591134192261757
۱۹۴,112973013674794746250409075839134868392504259898525005101736195439628457253075
۱۹۵,8501471601236756440300228707672958439106752602309512630854384169092256858100
۱۹۶,32923266823250436639200809846178468090837854827045877989614316768855073311017
۱۹۷,24635647925060343114481223035060480922672802120995842317164451498198455385195
۱۹۸,47158731945583696679885640038194302882697662772091741942251262778236123511960
۱۹۹,57533620418863926972962327205894423557988418085594992217451752714849329900530
۲۰۰,106597976642897030218116688518671261865846245783123908507758599102810075290953
۲۰۱,53652469737038481429949929560965169133610804242543608388373725566972411134300
۲۰۲,33097863094587661381714067803255282683787785419876480514862606147256859004212
۲۰۳,94557691271345226744614970668160347702747083127061966570514292206570375995197
۲۰۴,55418358061174216056440757866268584209292890480931808156446803110405157202263
۲۰۵,75062859616252047544197036268359431605549949820272477262002628346403815850769
۲۰۶,77515439982978980529601928902508350594940682275172535621144825725234158071530
۲۰۷,81090286559031066207649143551850476981215487249394230073866698712271370915681
۲۰۸,650176187736501931807202716885115348003679943043259231642663664940978675347
۲۰۹,49524025146470080919257854336293494793386659140891755207125454244823842218526
۲۱۰,86743025400451535655698524340222365173401704482711078493823928458660553305913
۲۱۱,90931077070993183543191201337561889498861106045863199273806727309439448729641
۲۱۲,37801935449016681250457096346338132923115967871328198156395964707790922922027
۲۱۳,61100518608909450632212453816311251921147959523566628533873476524660436367075
۲۱۴,22150474339348690601272445555418675093232748253493506771522832341469872681751
۲۱۵,17585571376546159303760862243962130364882975400628549096861067470481035862924
۲۱۶,86263990114414382190703491188651775907457060676375162119138862656131132381400
۲۱۷,36115648007324699077033208976746669484070533623265781950969387428682976435146
۲۱۸,86030793638444361748379082152038014567067662337695904339592566182611639279383
۲۱۹,19021000860711181888899566097544305660934322944620342163089327847264559803844
۲۲۰,74978864618053759528487484530270192056912862213777797246997317665586208499363
۲۲۱,4424577259546155003270644588422418943325886931375716661850066295603133896680
۲۲۲,24633738408519870922751320733206363954039585282643504860762876675273461811104
۲۲۳,90216891947420154147034895672468313583699512546770716246648795972958230607146
۲۲۴,11252493727844019871649170679482766208306853164379898862644965989437012205273
۲۲۵,107563664228185674941897653141990676441080428097780135978280685617028820070067
۲۲۶,3849403318080742235928998101016280293914408428737119259171417220721759096250
۲۲۷,81279532328174387534624051521733298348099004544342918121200345856473959190789
۲۲۸,49537232736235603006663194562945571819573026774104812265634456284919749713574
۲۲۹,23677721327335701982435536655796586374169820906267808678582976093770341982878
۲۳۰,89028606206093856567349738813138036145700045188985998048338139386953408321366
۲۳۱,88276006323017800160126869678633896973207716480725916138163234935385291717129
۲۳۲,100356261540090141754391374109555619459443871163287455951265505682983414859162
۲۳۳,113782798857128782162395682576662816321316069116626248551285982968555578541273
۲۳۴,3766417418111037707445861394768372207122634144542380666679641942446098368298
۲۳۵,113251548123984718844073984787817214627681268145610943613777436547311503450499
۲۳۶,74007740626399528287019287801717660607164540260259329500620733160192020102361
۲۳۷,56376093782002834790521414571599911295457924070640295864761922395579700768649
۲۳۸,85055625747202046058158429718787906698472063343597841155341841894047737183770
۲۳۹,91829814580825896043345096481225336065884705327607788677787947454749125397129
۲۴۰,81452127418956970189485241630620307875803928541123370106867818606197222614172
۲۴۱,57537958447547220175269562219905934196603768508315881824156276900228126532783
۲۴۲,48878237086935736531737106123580766846630209094565975188962282900048089942144
۲۴۳,9621710594926539600723775428157832216197038747756846498181630178486841566496
۲۴۴,104149695360524956973474639895760431345292827916800141572165611745398804618867
۲۴۵,88496770417800490568288749395069858289910721839019926440097494731678424045413
۲۴۶,25920123279918719091449579899022391715852618935633365624390736616642618322085
۲۴۷,20044969111052271215944393295861430350235353447679996631707125887528485989170
۲۴۸,26171120879935005261917296563520097730617264679843233336759556762667675383666
۲۴۹,79118235530323917446342732078229866233441866224529102129134619848599231575878
۲۵۰,57105160018127802458459655472862107218818595577794129939946623286475694297236
۲۵۱,76070084657949502824132175247650876379854508213229060385467932042179930692516
۲۵۲,86315767261607185628694025098000472493566723986772813978979122319275982993691
۲۵۳,63112136676181542152390133599499195597980788419900505628498307477728843220902
۲۵۴,68010897625220636774427704537355192141926498769992150320776645893111042221473
۲۵۵,105088837365310493319436616448483880777962472217335893724677159003902214327117
۲۵۶,65448999948530879719492691243572295967856626777602871010578140953665374288502
۲۵۷,53278699456934601292748749076843045452846504496836953246103596905071870229558
۲۵۸,20716000895495766540879215391679998580403706548198719168028971560005285635405
۲۵۹,4021398143639907001256407123761224316740488261586392274943448850702487185248
۲۶۰,46090067617087549569407635008183607989756025264041077161365806347497631156238
۲۶۱,59744196487363409446412219560476759259782717243950223603446693371360639187043
۲۶۲,35248845834101973398977478251920176908601166165086932234278893307898560658353
۲۶۳,89714636375419770020196551905723343549173153187393519586715383597633916717494
۲۶۴,45084220725399030420292248721706629154985846057408357041702556722379435400889
۲۶۵,15970139226338102644371407827311097920117726415302533888516467363846082341628
۲۶۶,108328081430626681182281043453449555807052241661325229259057161896049643657648
۲۶۷,2756674306177120984706868282526272772413590214226640732948860563748712512244
۲۶۸,6880267770797820741815985690395427699670583731028885774116652675871394727684
۲۶۹,65501184887502391293032056278380284155624627632995491013606851763284853125771
۲۷۰,69749865068765338955170462759456183087850078961296524377011332318190242982689
۲۷۱,23996197330998615097320252327731763973434863761375466671080476294349407265079
۲۷۲,49104859837629122856980214735075126787668579743388959540268906246191005063834
۲۷۳,48678879153450849814577130478202544544700205575577939746689342815613191470216
۲۷۴,94817283847583482180724314929940629027105902182186803537627851471732953431968
۲۷۵,55135111116831761056970070628637666384251015807054638147350221406397647313651
۲۷۶,43279742349120228118206987266062580424064217430150803697672582493249337937389
۲۷۷,103460195074059434327187830688214009259565452730427252168137714134283827184480
۲۷۸,71703503111348557596214741662659076153913761290299254042422217114340100505568
۲۷۹,38784796101306409920931665830227772218509407779822043830418595807536199244445
۲۸۰,3135481931292534900728670385895674816474395423333464948417458318430132389418
۲۸۱,88353665562951511571030372420731662868098985058773016870338636819782950605716
۲۸۲,83791263214221730519306323845614470095087776924379202732823669986163694374040
۲۸۳,74859632411516372971094186947418669408745033241881449703955697150044508912994
۲۸۴,67684918191769716879926906583243364893585029545971140794897834540230315003306
۲۸۵,12296764976514103114827049417464908197840585514499775247382708146677670105108
۲۸۶,89678642467693653139393073691364304794763677725525527254668462416836455099040
۲۸۷,36118303190980069551803748587136725540774245636922050090094927958473095776622
۲۸۸,44450738562696693826786786136118776566117938364112639360799297014917972698440
۲۸۹,6969333075816486301106649838251123607951756402885724592738637547360544880790
۲۹۰,10660264391476796596760012577733586524564513744082705103406191108963292206997
۲۹۱,47738553535424262566882137155815659422282822160656743665470098776374466582538
۲۹۲,62064372867542460575793838297717026066783445482205987819886678525122776431193
۲۹۳,77690242536631637156463720425937429263847424404708892325784862622504707207994
۲۹۴,39949394537522502521643485085942498836321219147191106733264466747753856996266
۲۹۵,74892648900697862895446093799224846144556322753258261830678117162610680914367
۲۹۶,46572805181658278693321861428544882110329588629961367215896769552529827322511
۲۹۷,82165920654376706324787059672831350772475451869038220528642158078316048705190
۲۹۸,93163146063426240679660338011089182979372276077981021480492557661666579837694
۲۹۹,103987973533133140246369073746982390144073313373328409463213462271433068702497
۳۰۰,8520802280453286646141000761001841209169570552360802074774063059367882326536
۳۰۱,26252705844889966643712995962798863943494586805874566933486182036854116768415
۳۰۲,36893371341688488367668057455532261206364417405687446779083407334893503247868
۳۰۳,50776707498481195649875497178458214335275262773779965665162047651131122664672
۳۰۴,109311012544939773445126462615294670587608203396944925564576711711671772840131
۳۰۵,112666222819117540040810307708563045906601856041150892230944711228274976643998
۳۰۶,59520030977621046218313746289244641328994476786467905654802596291868153661221
۳۰۷,846895655568753492718201104333803386091184566995146059848952520602748419404
۳۰۸,93500814131424180624115809375427615632401020928080069401992588276157817903787
۳۰۹,15257527897006239253452543072073550548997122232792986835948902134012924138320
۳۱۰,10451886368508117877938979878882249348240320812430895642926604194682662087770
۳۱۱,105423856487098793023025332047971643883455425178469677955243080531038902648387
۳۱۲,7086166426610786599795203824880766534311303027800083162160265381196506144822
۳۱۳,47207050854811462985162318376488308270297545549050391339487396976618953063765
۳۱۴,69809453109162718725651874485285757496503182714928659528125320664511256186245
۳۱۵,108785419070015380718677948868128713377621587241374464711853618214823595091261
۳۱۶,68832626478338283797130944918306081813285466586198655531004735630976467840293
۳۱۷,30324228058307518909148446412931885039899108248216253384930462531786694754686
۳۱۸,47099708310162175496670448311326932024790301731623393900139143512106785008394
۳۱۹,56862339693456546892339228857477245187317969666105814871816558977514311789995
۳۲۰,49153827440839764093253749450117542240149003325311326009526154082455806563301
۳۲۱,6816996686766645602616120516056059276252113484980636634970423093728875596224
۳۲۲,112581023505242163202147412999645305217523887952160000448555346015402558973132
۳۲۳,110618220327259112926792837581200499317691627483520202220145147374864747821678
۳۲۴,23579525479468298467545377560510209267584022978044481524726456937968335420665
۳۲۵,73698659159366048160756419131653013893722537410868737489627725001109969003184
۳۲۶,92892623607768806474592488442097339734307616717459799557739756340983254155699
۳۲۷,65475083333681914482213534172722382210376856485276686528864611243519050649045
۳۲۸,14383299460158897748741936346051786970997712397644975991609961504513780226640
۳۲۹,93856678982482153976667703976991709619137709017357212002232773369595375043694
۳۳۰,57565902877297995811902287686355715562877640834578185947549602867089057254917
۳۳۱,84554920884737184700088074569014870030805864545684878291077557974461443705287
۳۳۲,105021847106804943496301761464601639306812687862796278747440601857985800761298
۳۳۳,6095673770501158091313899733271664071338539732147338467428241662106976121226
۳۳۴,42448675764081611792583081146658837527917913134132176759319325904629749086917
۳۳۵,28118139853817063712928157709280205685035938138915233138194103284604264520277
۳۳۶,105466952734622164775094701105021566883105967302195430510240615049984744082741
۳۳۷,104653277144219821952307901986071731736652402502422836418396651594053257017548
۳۳۸,79499880018583826400338839369391185176528682198566823491473883598200632477897
۳۳۹,54258453967184534844393880359207552993359869964993234666913413191595001052575
۳۴۰,10530558833893984316476469292854149309577707506036103985360087709161010766001
۳۴۱,8831246718389764814739142505506756382942035599350334999725235374148614260677
۳۴۲,114988563475877253943792841741289570990895043687657765636350739884008054136560
۳۴۳,5835657890870902962083398771130786907989556144450192113670786320197502908546
۳۴۴,59448074925910872537174771732223425962647670356546448091503330987888615364715
۳۴۵,68178781335209504227607746545225217497649857718217957598469589496759604600962
۳۴۶,25404276470965390082956137147231513466351606745540318369484935461881573855175
۳۴۷,100973445111879189677758931498620617803471033115786968218491342375690593899272
۳۴۸,50107811874188335921954355097457027090347253609544353523548111458690828379463
۳۴۹,88260314011981219216052104769348163688037572049089014738910082836187332138318
۳۵۰,106705657998427935915100837742196050421422200945055460371315233720947351132193
۳۵۱,1417327824849115159324336351339053140613742606176705746217128902319822062717
۳۵۲,3706157204373016108335003679481453169198932704141029359139356279734902451355
۳۵۳,54696969152283735070125681806206205954328660395704725744506813526522743232071
۳۵۴,12303691138460322265220995897404452672917528509260288302346808587327106454252
۳۵۵,39633603396056606095728444501248814416301977780166707812736212143133546851642
۳۵۶,8434846242949041256914381635085080376291425613926628369814672845160616963319
۳۵۷,104428452855504839878663749400622354056658903884160164061057414362759170870158
۳۵۸,78547214153624821359979492633223631227995728144519602006400661264261496107952
۳۵۹,63087544399254040904506666275174200398285198625707207178670899903240977222839
۳۶۰,58236819171982496856164026527377523366886150909506504732143524628281733314766
۳۶۱,37139738120490972826205016813703907384421522249868058114042764363239672441555
۳۶۲,15285177235833452831615819895788550820456769977157324983097672026491375487435
۳۶۳,67245376977607841277202208954639973688352345114192782030707235136685258678453
۳۶۴,69386151568335627054570849444195747177691397619294716882806292316618905790299
۳۶۵,75302013132630837016619126031651501996856310041185175077754648743334052020567
۳۶۶,93884089530880852520638801409005988329750596299287090871955462950731658155368
۳۶۷,73810500494955343923142705577874424270200829720175665895928777164131586501784
۳۶۸,92542233324505115508267337809554151829406460700243880538651156924587800440093
۳۶۹,50156655603049705293733850501524844314720033954571687543406607981739196403465
۳۷۰,96615962504238477359340614564185946681176815495451736813639556665529662703599
۳۷۱,68191108116895421680739508536743908869676352783739901705098267751844352580887
۳۷۲,52359087986333728899682848607073462532558944031474157715281671603218451554293
۳۷۳,69318001934576150355156647553617871997339675054291174867809056860497033156933
۳۷۴,47964010364805184841440743149102927194770366112287428872901540924194642480672
۳۷۵,12297025914409682995093763232191366208835020774891043810918368018896045033776
۳۷۶,46565702892545160792145785233875614937408914278589472018006917392319231590872
۳۷۷,27636929324103789222112151875150747843826383705311630585114066457379318592630
۳۷۸,113852604526495749362171390725905214709918711145290279941768705812645936588800
۳۷۹,60262505487920963004886734156242053579752248465266766511731833366460013401926
۳۸۰,79106593405198339617703388278088992721371491106165861381470868537221840188902
۳۸۱,83565378551314460369048960371212553661031587441150909852491082095702518096054
۳۸۲,14846490611378375788841666815300774373130778404940453321552530099083401453692
۳۸۳,54935066010261388161651274504620382877018340396732539729625255588400731713981
۳۸۴,57583565947224993711227814894216191699256366532971050520632250502364537388993
۳۸۵,32484251371898060697723926306634387830724879300396655860682271878719376524593
۳۸۶,19317058838835355656164594008439269897674378728117527873398916208246004966509
۳۸۷,54040207357776002494192670804407056543335866440392629742706999527587661245977
۳۸۸,41904198740754633481213838784478464733285099410587374838526891688964055624427
۳۸۹,97363450338702314583158997407697483236433015421822972102167753363503134772567
۳۹۰,51536075833651638614192930742223034692934832934105417792178326158852761977800
۳۹۱,113592864527115915335906925006835421358843464057458528168619230907724001657797
۳۹۲,4965004199698493964985607440463369993633145048812606840214890012667203673052
۳۹۳,21449092167088800357079746288484648971659812734694530613693075639368874478181
۳۹۴,100016170767862678862538962083635351817095621504607051360805083543620002696237
۳۹۵,47014520887411069239686633765276591278583815118814935456201084056776802926447
۳۹۶,1429550477725279209712486731050398274425568923127144828583066690649773516610
۳۹۷,11731695766906904365447844032305199606483465677942464367920383938992834249989
۳۹۸,64397330870142683477833388142143004620445925121253791180560088706909238832254
۳۹۹,97793173472917845570086450820125394304868384240889858246315498346323692317848
۴۰۰,107105149867259266157223024931995867957289330605612704355393400469486871583815
۴۰۱,84394407453254692376119453537254826603778814154362157990659863687124710540204
۴۰۲,59905073501454823395272159364217396216968529957940561392014454943301566101287
۴۰۳,59614576411674888285387327618028922231465381210818820063405299158633213781165
۴۰۴,79924451569472375706658472875824757988747383365680510664261521358265447089623
۴۰۵,13499257350901777094729290069361439640032092985102830684541983657775846373789
۴۰۶,110385457584176013059848730187128655590995748974662873272901837634352888358604
۴۰۷,38589786386645596976990205160327870849438642495537144996451603079354974668076
۴۰۸,26538225706312229283216649755193375632250223645440393309753253083839677741388
۴۰۹,17589694159811547026213997649894983630786368957133324278317328371890632272054
۴۱۰,103597993962605950810600463251875910059117524219730683815616800553352159666301
۴۱۱,34846482003912259111841400454351614970667409438271628103823744645314995027249
۴۱۲,77096899103639686618571744859939153449782975878310965452761402540134493036646
۴۱۳,94837841276029251433855508360426363018621946892160150937101774548672725457544
۴۱۴,5471771028965481416619264647255721248396583985716322110876934829526195823939
۴۱۵,91690152240062104687696439709809086118325854733871760396643555723482553536368
۴۱۶,96750748180445366839570394078947114319708182068673407615468663943747264210188
۴۱۷,91711555722427298457112864254364277063666967277037180903328539261046659684782
۴۱۸,77093061062325440505670466856941785394746490711712997583296059548461634255090
۴۱۹,19684939256590593782711190798161220060351484784867674514834955275985510013619
۴۲۰,82621788928959634096716865517246381965448894925431650314502492121940894140988
۴۲۱,8730623665969731601172078968384898478269843374975185022408868154181099863832
۴۲۲,50319259558335337252200771407459788969436348167647628289646514980412417479789
۴۲۳,55636349458745390435529982454290691101300401960608512493397532197203802560541
۴۲۴,103544393292322865494618298851964663250565382471071009078098843468581820725302
۴۲۵,48055870039805601914511716706054586076266946553480421523938697849178886473610
۴۲۶,75998697238047370851405572367850659550925798137612574918439655148043236277177
۴۲۷,14063066254305611740947605384299367784560872169942759454990825814455319118797
۴۲۸,100314436282096718537053304855667518164079975210357037136559577552075765537605
۴۲۹,113497988060805229819688947502567544166141067674503355589906074439972680623264
۴۳۰,25489446468217290574894725758815979319732705337550022865312335045440921986333
۴۳۱,5990112277804241030254353642688059716639165538173539201779604146562983361861
۴۳۲,114559785712695184903452530707787123144201921276041684761573606139574159771413
۴۳۳,10369735709501562657418918154004375703524955066916100969696653949839101126871
۴۳۴,97638733201834322560315047032208586335294813754889438124743006163083132225705
۴۳۵,61046094999089946452109164366052464536559256536674188911996982714401774414682
۴۳۶,44387063149907911127977050950359813812540267665118678664630255424359256724449
۴۳۷,106378214632696731728620224327969359877092214243240155962426199017261290543365
۴۳۸,1313171096637894396545513113482748261700766040748220909917702363365456848534
۴۳۹,30087395469840641330691475180637875177636863578630851753110136983130953129525
۴۴۰,14278903624470669452902270654725616171684817336971820477391816709273564779955
۴۴۱,30694437130479110977238298452535198573671060054380115163256738835838584978436
۴۴۲,108581589194423216428499966407141649201581201878516670966263726405414595468032
۴۴۳,48997194214289554445573316712692735080354194036853805144669773873408158794410
۴۴۴,71648033762223432297669426248880279142262839747185737822574450286376816151042
۴۴۵,3458537110314546772199339421933357098699724274222223519678085430286639341558
۴۴۶,16821340555599293073695032954271443245876542237677843038526294493039226348323
۴۴۷,106664987807872146940920074272713357994008787387204082209112306348457057698604
۴۴۸,16729210238946201075243440590868330688987915487142703798453375736787548216992
۴۴۹,94974499794027395755228671527126914705315068131288200338313661670583611693095
۴۵۰,9656021177582169864237168206348782575172271958037738854257840641931499902534
۴۵۱,9707200919819668279987839249100852625587077505463728870266374117945655306393
۴۵۲,85741301520318117466273667418132300221419290723937368317952225257879059172840
۴۵۳,17151967142011432942413074787609855506049675416222190416575112509641327809539
۴۵۴,81375523513732768402491141599476401293761144195258082029743108585755289985822
۴۵۵,46417114860423526689895397966969147833597407637859929941966948716750779741091
۴۵۶,48622313981266243850634391739173234788179619784968273371586720695392663159451
۴۵۷,70051084702711393570071946827771008145503143671911767688463973643537073634160
۴۵۸,74185685764997510062342063949896675057766989533422864121770339537858208586982
۴۵۹,96235717534133103680729619843409777761179220478598776778215201737774444440134
۴۶۰,14035182220149313902437476004729674758457125969610205811590486298756881835387
۴۶۱,34275281652519020590934700937010401493817459878702868868934288031707900294713
۴۶۲,60922833168857432070448209147979902967522559242595688978056332827087199644136
۴۶۳,17167282033912273397606827125580481847731015804087427085388871247057548296969
۴۶۴,27518453027284464851747979650598715221187619905566774436196689872804722755428
۴۶۵,52477747981410937559316854217725846997836554697128664108032983400359623467925
۴۶۶,27996540558420868779274274443359152131357340638267633626383772132249340377040
۴۶۷,1986580714139223489344943869805855631223221853462507634409248690419135542217
۴۶۸,57967414852079140801604790949086512685895664094636638812978138939774592246442
۴۶۹,112427284589248266296138029444682792874323425177077166044912518566758609732442
۴۷۰,49211377898438004656686270791693729465855301119989349165917721246113050963055
۴۷۱,4397036409253291153996171541067921823212643192573662217477205530255215163780
۴۷۲,29443703803865761173035844886588598046585979741395764893484528440787834559420
۴۷۳,50179829939232873587982611177241442206396584092361184382883089294069034769558
۴۷۴,2072424142209733649459622683345553649216267547252770295839356420377397034610
۴۷۵,33645135630801668075486285686932231789072309905936696277738437978363440004949
۴۷۶,60572311047737128760602791654847925730002699888702408420142912802750445937854
۴۷۷,95976301034711346030139741841237625386312384399742132158898617013233455893216
۴۷۸,102140980055369574934239872024502265129939415372519913969017641216109295187374
۴۷۹,103999204754216123919897981183500398668324659012748732002447856701736372747400
۴۸۰,13595442825752474686940819592451003945501483152713940255298256243253169797757
۴۸۱,36401185553759023530254344971268983033869008069793983299894517300790935498709
۴۸۲,24927567197378872285753412797113836983471143970295170460640926996497155683434
۴۸۳,49484792941264134289190336163119342933878172554221253256925269223785336223166
۴۸۴,90643046519370085558684174785161188026059485684056261180939120916020972598977
۴۸۵,35129339915218999375599458729555999281640631099769366585064413748868978993586
۴۸۶,5712493582132727047820434815473781613589060651532860710033126422236446143937
۴۸۷,57496465836302637807115481568368820733169245305809619205355288649766224752610
۴۸۸,81665535379833401440645907971481757440898932905916752535704742871534103448124
۴۸۹,250470319697256835703859485160568985925572337407530766675168694601385766440
۴۹۰,26488861583081054968959078395900090236308362312871981708885082163774560519868
۴۹۱,103145280829682744657773005090284724253765243322968700350037331562874823162008
۴۹۲,94875426367743918224071321903233895994219301041850753571908344008385352119071
۴۹۳,39705525472839926838534290463638271120922025095098481435655357523188601819426
۴۹۴,35790087779106526813683775486516305083176290619776668133158673929956255895605
۴۹۵,91036144520990175100910780176249014572795493003185868778691848243199552104757
۴۹۶,47082838228312866226699333342923001895568852576436384043271948401193660280582
۴۹۷,17294129338043035421133188702785952730492476457727982476687558955801973029112
۴۹۸,45452094166398061637645026559917909306216773357054835233918803973225299493052
۴۹۹,112992808581763625591454528124551638593274004263175216485828572419378922073523
۵۰۰,29734262917705263064557308823112363903231975651322992444492068974646371384323
۵۰۱,52391886828744108256796150520355842976644812943254446618738276320784354527319
۵۰۲,88736444334792723332915599562414887947546132460331675209406187309313262467596
۵۰۳,108755310348071273263140015020357717576449039591708680801722929527959427082960
۵۰۴,41940087039681717682382623896045999248842916433632957848706434692485584664872
۵۰۵,112036217746576611509894698544169120164221155052898877448428300917361573767913
۵۰۶,102692653748629238144356342339291953910763039845879649400198638101219479729966
۵۰۷,52960762383870676216713557476258957938737840530128930512925977918016662226683
۵۰۸,103728333594735365628449490175915855260992181157757172283739212670372158616598
۵۰۹,86196863198300924667264070022633867626356920046398917337319173053052956068479
۵۱۰,80675428924722905292076931959158126516419968507951346792091709947863982430880
۵۱۱,94415098668905519147701141710375178164388133757102762100932229634937047209132
۵۱۲,54065729397308237447594530479195830741732770538447497295594789268809781604279
۵۱۳,112331260269240363005059502568369326578746641866400633309640742300329397970073
۵۱۴,29741243874648859336791400208566299815386099215911321475089316234138053310151
۵۱۵,11833702773248355119267092830553151452838079539199393373040902355795585215728
۵۱۶,42218193396252623611083840502503831959526661456532409172820334745857209986773
۵۱۷,92654384524930909595287654782585550548485605126216292607386501104130191367823
۵۱۸,8077735948578375657050645284207190053538667430103336947211812703390784612283
۵۱۹,68970480268245253426610814832246946500555014190651276014792288403374531715713
۵۲۰,82925564359314273568725404836477559857928167683792086201062105771376338016043
۵۲۱,18301696702152302093062735057459899979843067099246794745600974104430659533867
۵۲۲,93077610800275848528303961563886292756593795892697872688419809598985298056302
۵۲۳,99164964964960133996614725161362024333161287671015630465743599809577133105464
۵۲۴,41040979553959651573082440395036015832710811189872630285733276646796194209194
۵۲۵,37625870424979807491810881076229387927249402584182707471556506595401217028957
۵۲۶,44983415656748983088045810213446734574548749099195701146547357379471266894175
۵۲۷,47180456322662283107745156352942259962534841357111413596952021169408854335931
۵۲۸,30466092954736927258362656778381641645846335524658430745378732934797834089854
۵۲۹,76814955782184633289135177535636195058073231212217559241727857930546972879334
۵۳۰,6266511139809703543289735524783046439242659310579962338980053932078390782164
۵۳۱,110495318678421175768395852292657197834838616913132751212841856405445452809315
۵۳۲,62932589022837231509610553550656937221541549471181149379648787747468342820700
۵۳۳,27262146917342959884561293833626034178034072082510303455842452313445248400146
۵۳۴,83493294316457973847642595466824009361143109168115872078087232905369966964548
۵۳۵,65630195782013583217433269354289057004474954533632100564780502737307552950339
۵۳۶,30672979705711326836604844045411619245500059362699341259042845189305999947650
۵۳۷,76679651804123375953233296233664142323452262003656612770077854113827890856042
۵۳۸,62040032160812403246311703769183134065545689414689216142681753920696229756348
۵۳۹,54012581710763295992701870995270155779388012939564466994456496461434394806015
۵۴۰,31444676052052613197366111481489165989153896732998978591259366999112185934610
۵۴۱,22212166137940035159725275516146977060223448977942810115499912208720034681669
۵۴۲,101422252384225545081167454913651375002424736694539786815924321901831470173501
۵۴۳,97336086123440095305922813070074773012921205869041863324595028479843535765
۵۴۴,24661776458075825767868904185376409818487230489641057992171450918155328189878
۵۴۵,86542247475681199975576210425229657717305167720060008554402264901066498520042
۵۴۶,70499028400121366718442809751909584109145485727674210024791552247692644484769
۵۴۷,14861975313071781186010374744587114405627054023484583753804463962835873195298
۵۴۸,29846029266731013973378532133116682014264887935864978105513881421372114335798
۵۴۹,14537037158523049103331062956596348185555343658555047563193315387288830442196
۵۵۰,107831331917907878688768555823498440802995859157823600168968462962781354250138
۵۵۱,19514582995024775245767843318794882702089821839530931165634119706081906615957
۵۵۲,7180128298136352045348670678070233742807820704589826392469596137343245446201
۵۵۳,12490087006844931773699947901393920266759963168799282789725270094114137505476
۵۵۴,9808532162778164059501497305596049621678383586347940151129434405130476710116
۵۵۵,3608460700855910736413470590838566522672550075533328859321339883393999675925
۵۵۶,51646256251555368390021295362845648649419364086943130527939654683901938041402
۵۵۷,45149364843744656221351484667505727021892873888040864523683001150786871363857
۵۵۸,96302220094581162194948651541597195565460465011787523040224488189470318468509
۵۵۹,65237181616300302538517132053495053600168057061909234880203872601535929822606
۵۶۰,58197308922410287858890819991371398115127842917074141257346860974290443340752
۵۶۱,110411232068276500722100072841091863144355461728586325466432085449908529220084
۵۶۲,62046654186878013204929193531785855023229974883048288607048208526341507018975
۵۶۳,90772653519306815605684207587835894679672278808865088974464931575080357889085
۵۶۴,64102689945878029329951267715672784662064280571228492107587675238142164895544
۵۶۵,7577028983856851575094046794963628500212660853875677158007482697078787926783
۵۶۶,43624604818101761648901280205632268414996714552058030472977671089237303493599
۵۶۷,37412635427442726513137304140943075669464037150287229382890082554461114509988
۵۶۸,108911685604931318803075072018328249102461757083743443190118335556258374022637
۵۶۹,61048857936486178333424669854538576368543874548482508497191159673622612182083
۵۷۰,112628634221222091799421311020786854890832775268840273261333696048252826039463
۵۷۱,37136486448556121711209121707532763803970789899791216136707606175923663132603
۵۷۲,32863579475015369026446691772049792498230384389221187440789772644677900204960
۵۷۳,14704038050565880295205226646001671434003971443480607136543834391735698463348
۵۷۴,51697944430332213077445361224135714750248475060463957246904010932496227588265
۵۷۵,84457777234795221891469280669503317792239676821090218494478422502776689819546
۵۷۶,3944917002243362458368964768669087542504245290020297227813804634646869786773
۵۷۷,60484525722205449299378931596616099893401095493607820221851421641642553802282
۵۷۸,36148512221626267410495959139063440072004985202635540114693686298435170862260
۵۷۹,9029924996524025574579151673991728942656314395396878317576697490040246642756
۵۸۰,108421508123110641519435925162186905469835097564810481689037998667378088062815
۵۸۱,1558702591507326333286123335515884698887769598053263019249701703182955428097
۵۸۲,105212911880731401848907960743312022909346279862242735132939749735558955041056
۵۸۳,14327801460578096663728042359358112710304071311206409991913707754927348612723
۵۸۴,95338539203024231479592973797097575612487410314048336376575848061028090542016
۵۸۵,19174175628229783825161592756748225397741287512778531220989962514288096297880
۵۸۶,44620460721916995460692813197870803847463073738911159928808884199230623822792
۵۸۷,96866010521817785918126025401388950021788108001479783452178975592257169042846
۵۸۸,17148080634826318653823365601015576121634710052828442604541581520698291611062
۵۸۹,113477716287524703005594292035578777836275432661210188384550466987542565011092
۵۹۰,101570071509590847055741706076170778018438760021797315931899561970974480599868
۵۹۱,17848704397256600244058160239514223607669305942415645076500541708827589929671
۵۹۲,9286611160601732302587783289770653606952189006399229480572180591574818461566
۵۹۳,107696148494965655964609338341709869660673599144128440795941285664376987545471
۵۹۴,89583570210955936247327967640968771865222767597920787753911366140034758518148
۵۹۵,41691333458676115973199124363193235862148815365320820547105024707878290375481
۵۹۶,97534630148600157312752862331945623447172855567448971153567440389877232812288
۵۹۷,50162372650028113053664975735264218916343746080895535167144017092695547465822
۵۹۸,22698486016081727905683854523811620386528939255942306436246812574704947330394
۵۹۹,34590006322649296175923862280232144913742981484285557749868010822475925222727
۶۰۰,66536391742106673572906335083477309441316287309846298387372630328729369284617
۶۰۱,115065346638292430005997930206572926462254269103095344475401711892496337674221
۶۰۲,24600692300970219413686920134758380865475698422766378498862139231954410021189
۶۰۳,106021122894241529939695506021886636290107847822704026834167798163694095448642
۶۰۴,96684048289717997240493697689672851666413652369769930261589564841291723781417
۶۰۵,94648167777893781908239506882186536308911762157506544719914304432410585463429
۶۰۶,50697281263523135900013794082359203494490506144129817721803573066160001319966
۶۰۷,23261229132495806291971744208187627240816901556177638174530524678966751014421
۶۰۸,100806288766137426399200179544455345316809846397750091263444123325116148690691
۶۰۹,13679320492496308498506081465767620967730310250875890965708410724442277552179
۶۱۰,104619509192060034100945033845347487143323508463915324014868031074155286284361
۶۱۱,12009739987626584974186199075066375012697874813788922870260448656896868399723
۶۱۲,15695098868598964955546492446688603136593118349174765258167968466904496677040
۶۱۳,62933008095054453424370148465163773137808761819055674961559897249360387518106
۶۱۴,88038788090910552489711350322953519954597824054023938974530111672405940741298
۶۱۵,13235570089170696421381608055364332587721894642223272587338728727030085444299
۶۱۶,82499989952422641279242611496052564856921426590817314400957586858136070726743
۶۱۷,674168798200270870852757229810938811351868269645114408101461676143619132302
۶۱۸,99187707682986574113222465534522123676409737473527584674926338979594690166488
۶۱۹,54488898579659689778474944568829794996974170370459094042193636469728078290844
۶۲۰,82342713226358037961278483124341261762003145013706242571129146454718580989934
۶۲۱,15592881164254722165106916938651945183903989227623752508594416368428821987785
۶۲۲,75564688016320480777038060064691787487829506961228741688010423044921350717160
۶۲۳,67979824086795499798967543549922436556513188892290065290326412409086342679439
۶۲۴,15823758325962313027805275720436007204762018677705377820139051824803948063437
۶۲۵,12654790715503957358657295356730573123468118298652750543741493662240447301639
۶۲۶,52821956840421126452319491794462483984745023267729905872732530398748652247367
۶۲۷,5294080534645903637037316511636623193989934187083812441575667061588289672870
۶۲۸,102826923975640396069291107335660356554334693638817869368190951750747345961919
۶۲۹,113775218045764245495438264494958830113492901525157751025150492474440979661431
۶۳۰,82827920044778685116183014963938368298028856890130555471802015579197563104763
۶۳۱,28787056299520653172232737090341627829681207603821231413479965364239043241109
۶۳۲,68605363569563145792100620312086403134073897321345785746031930016395429891502
۶۳۳,92436668737465315840878479503884598208815996448226955304452259469309501475767
۶۳۴,23404991041117473796237383662139059074996375398024463660670234315552299669503
۶۳۵,84666485812099803797894111650368307758475050636750161447834367172448801209498
۶۳۶,37119756400274044898571952488694375459298682653004847762379741470353124561078
۶۳۷,101377065925195334862197371894043028191720599818675969632639697721978183053304
۶۳۸,20950892913130311491396369159563029498364537769145277561391472175798868174044
۶۳۹,78039976238026468192888979892683191042436362721183766719748005680379034760331
۶۴۰,75707219828060205859461974414463607095969733464310654812475083909297091605876
۶۴۱,66948675085545323373475152984017470466320053080246358921018963580219807186958
۶۴۲,96313574706405228326329353914166619890486715582038894966854697415912540262665
۶۴۳,105393945967487765905389985471145480146277533504951207367479483592262259007760
۶۴۴,29116553835244734393409938150257122465556062935373579121201775451385800244616
۶۴۵,61315992323004134488230773842681151675427977499413416779730846692408775974592
۶۴۶,5161996973380563844731784915080768182041376512093422558459569578616454375396
۶۴۷,78867881824760265925493221941548805789533546003294518749424377733463678602031
۶۴۸,51476205330690012916558029327223649567398225341682273144240746989779273585494
۶۴۹,64352147245672470630138944877953930731448540505214957613714338802337788625619
۶۵۰,52841375040788557916032932030984896303711613979719257296166318287586598827444
۶۵۱,7815351021803706645828816585935787436118090867774950415369485047961296621934
۶۵۲,14028226347663660629672641337819083855889047620694044457769067949501792233315
۶۵۳,62972741078446224301868466781184638078962717210439080575002144039387007209745
۶۵۴,8678750618096120254795179595225839195789518933634795080969516724208003503740
۶۵۵,21200837116459866554579784527519976288966253875927796431883637900574260919197
۶۵۶,108343335676442317889305604756159266850276290735379358058062296845304549249972
۶۵۷,27536359480847121294252457884168885844002332704726318280662678738415467037939
۶۵۸,86390770705747544069829272132518141208626976826103065361766215237985780777795
۶۵۹,89603669617296550137563278899468668541097475919916667668996824503137270084186
۶۶۰,54756465483854814856329968693273553293431704326544171924753192454213924017724
۶۶۱,74528432183054152002793805588593091583295737803617570309660925780607694315396
۶۶۲,28124128913853264052005071956147544156384856892124104449738014243775157533630
۶۶۳,55421571054933858950741911349780956124625176411574742207511025086811749548796
۶۶۴,23557882839844931836002016847309142356010804877622504603149308591215427469373
۶۶۵,48719197035651938338187381515025884724283273913329627938895898271239182790016
۶۶۶,109399203372736226086275039833057058101253244047910690663722155982097781758679
۶۶۷,19039326062649598518485141072161569936371899885500288423655781605460804758270
۶۶۸,80741953183578883143164864661067398730920132569234847084070235312749804570989
۶۶۹,75676011048250808433157682896931371906698797859324119272211367109270404161685
۶۷۰,105047496597563045085886095745907550072528790160297546286102862815759057171651
۶۷۱,6024448888132790885954715174384471736593726676510434605502421182869319253247
۶۷۲,74562417150357847498194754414627890567708485024660980646087103660368055081484
۶۷۳,700251650636279114642997776605548437797243170169635538743878165506200413019
۶۷۴,94339127063809753275292310658841144517696570655882564577946290009886869334279
۶۷۵,69924018104933471723305014291769718113368247918667025601201990793845179344363
۶۷۶,27494341329350514502441101092906512345821055901742552235479904095036728420715
۶۷۷,79488195371390821485537519666141516031281580596235656242320760923341797902331
۶۷۸,25834860694330170075397333854218890205999924740659520110614719076015052558446
۶۷۹,27246109857128225277457511381704162577876392468509456354961005908714183068751
۶۸۰,98781896737563976685831390796147217526800576538826002500516797115794191827104
۶۸۱,7199706212791930855212278904305277194680635718625197176203839756087842413104
۶۸۲,85193150250179378570211038605974990151200850029853571383379236942571644459245
۶۸۳,105010542189253517603154528877211062998935083312273619623353896017821566317008
۶۸۴,50201533684276561205309895375868002559780323844672907936749777840967480896134
۶۸۵,57869440234256969906738472082120549701894362575383427624052788657754362723877
۶۸۶,87814772208345598443909845635341476070012136768569871626272463907848750525831
۶۸۷,107552184921604205208348314553852530248403946757690203650837150207926588450518
۶۸۸,91455977719901410142467023924855556051871627705031254169399608080023145543104
۶۸۹,55366101507397995366560508727782149384509981972876821394839166580821020132631
۶۹۰,75888029279189006489950723262439614110085141673354808522026273177097159141663
۶۹۱,82811873264769573479979413842626880714042200791856271380061243580291751692464
۶۹۲,64048721499889520347077077744086095377003277915243788723902671253801199995547
۶۹۳,109260283030831384333920070394965688586333969835774018425124239249043649668095
۶۹۴,50022325423622504266711799467684988291437655943749249558503019822950917012005
۶۹۵,68065858158608503765295122510405651510260088014243076780022580899377542240930
۶۹۶,66114383171583379258706686259168388801540910708209702685363462284014231787329
۶۹۷,29084894484445951439872571999360071001683789182259524395499835358864655092659
۶۹۸,394771760331925015780408509445147363921872981661413440037841998449443398246
۶۹۹,50176585853131030768722781394945725880665231616467947245945874996163346339964
۷۰۰,21859335120776943666655690505972413452429982185090121617527945972563023424710
۷۰۱,80813060985632395444107890628919755356156931542243412887616012730686296943376
۷۰۲,33313926135572834317983453192938958117292563261140499831184482620010230415596
۷۰۳,29907220647428122125484463080469531385381748720413422045101621948256924855713
۷۰۴,19185952599483148266290922887902130822948378763208587191227012897158585936352
۷۰۵,111834391994396716309924927704849897569321427575075569594740932251535226105258
۷۰۶,43519021460357638378672686208385071574620777586269800023920302706390272151510
۷۰۷,90347370767731460814935471126599743913536293726064289683899289924210127296051
۷۰۸,86573517370627229969368331201234742087549830211276249925915683845765956649796
۷۰۹,40526887700185711470336592706500286054523217253179205177531351383508932344312
۷۱۰,85065910658215967530844585887307064299330361615211613218046754662374765612097
۷۱۱,113122755330195395618133983449797546398770200359819797893177096207679229016244
۷۱۲,2351707168564789044109703352961294571288497038516775577480248748347876311687
۷۱۳,54333610737606286456023417322263074967503011068530722073365455235500936712211
۷۱۴,79206244825316911316125456546156611062427016784449379547673233948773816505196
۷۱۵,49224065732511876176512272313730712261152689111536360948324679424932088473105
۷۱۶,77560823075706805665458223194346947183417958311636498667620501708546345622945
۷۱۷,11089519433527011099494873928032287888619349574606897525697977582847467744635
۷۱۸,102136827062098031420325077852290805630579433623723146752633166955965709418621
۷۱۹,9653567837622339867177522797705214219938942071489426950521979905254197097386
۷۲۰,16751899357907966103014696656685133035517343767680314342991935568418146061586
۷۲۱,99184668590821258305004168333077145111449759557548892878610032670576162725287
۷۲۲,37290769381454076084578472118340739227000210263926946864871252993810281546163
۷۲۳,26767580858116063793370207626711936462251797594752783062301452368590773562558
۷۲۴,52330231310620852345587703667131379946567616559426808897522959009775012664148
۷۲۵,84296529238791494298532188872575663944743068485548704297843301025407409845352
۷۲۶,3665761112003686494369849008654756388310162825133177593707175054281751844513
۷۲۷,14139153270919589019170047016926977546802651131189443199133614149681644995827
۷۲۸,35170684319001509075078206990478185614466004620171271663795633211146434076697
۷۲۹,38718813287539982083412870381495490462216461655621678283249040655920721100377
۷۳۰,114885097726925060481466689078338954698795468389775676011808378156496199980317
۷۳۱,39126306205204595224520212912295583667932657109377134954394637652287664429734
۷۳۲,77821107968764960302709093873203390570624865565350623045908034491062858462141
۷۳۳,31276430355706158411431106356911765376612850517060234700711021237183507924752
۷۳۴,31348396943927726563449286585576541510666782118725337554064859914038111708587
۷۳۵,85936586378070898838739542238252493591960903545809333201272046770545982398646
۷۳۶,2644885207850276983522739179330779984375707661871715410673173832979781904231
۷۳۷,69183211885238544329892427575167831084248019074030221225019979638329276941238
۷۳۸,115525466323736417130240492407802578309385147013093654234940807071749761281615
۷۳۹,3822895169653123199665094220164607467085770297109054605547205456182557465883
۷۴۰,73994040410060889928174288956020757041663155378709895456073536953255836221054
۷۴۱,14522741962503689257801696564291397499339630500088085922316639885979678073580
۷۴۲,62678759090018754329865071771392403606765147594948289837813284479611104120442
۷۴۳,37853920305687923834791477028551982380493022404786821380549118960556904797102
۷۴۴,68586214996477066204699942183413769788224502771771551313482968306962345003580
۷۴۵,7298439223080553998031450379647254633033494801043602091302040341729139617477
۷۴۶,24564224439028437790598361196408647766179744426758652578848299139612070948787
۷۴۷,105229302461510721560362395902264855571900067475076372028258691328011036756664
۷۴۸,105650297089765986674982564044300747674873831220715583094824372611880970307882
۷۴۹,3055135060199577938599726531119729523148980631432065152892607335898680497902
۷۵۰,70036533844727373579072242637111969888016132968491904469252866165144305629589
۷۵۱,38145720903698285175828975950257430763767723345683847756654803168159780376857
۷۵۲,54669731214791877688154378417520146083238222748166333538039046767864834281398
۷۵۳,11852356906365490952354916075361208843823578049916750586324374818910300720446
۷۵۴,107915187778401274447085532882541834728135963488351806068015844181439290433542
۷۵۵,53758373310057434048345027025452453144498115145179223157580362130348331382776
۷۵۶,85333509973582347670074320784555148283741683885548957680140247792407081172615
۷۵۷,919494085492708209615818760723686135995986628384670969589215839560931775060
۷۵۸,99696388082795358658463682587302768137222341080812130344738600995209693227882
۷۵۹,98380605004356756216046966486445247368252741409932581472766271386275923780972
۷۶۰,90941589275962845438260045375609724573030678887960507736409354161003166077413
۷۶۱,67951290774940800200848419149896774025200280465262885183004436689429585557078
۷۶۲,35599641839809721210777576227944002800561347491802017346304501292572272921635
۷۶۳,40228951652909018489452530572946318984860661374368013416810843677877589003779
۷۶۴,71487935505706394604165985954625810409154744340699662181978765342688280933805
۷۶۵,106436794879513405411332998323492277264350089944410526285530934933278433709102
۷۶۶,90865346796378405562114299332170573514196416862018339176786552864196733718123
۷۶۷,25625822105033460591561517959828124989709539295156569458873015565056730997536
۷۶۸,95661052288757721637030337506468513497359740040763496544193851074338417559428
۷۶۹,35206579507500847617682610036189001841742677410457400341492903172166395704274
۷۷۰,4106946044656955372533564028678823147298298125505631240527534253981196859428
۷۷۱,79879732093652972918197320702471442599621678475446247719269105318254660187743
۷۷۲,112500942954513829269022772084176524995467565927098225464038604660556911899550
۷۷۳,53088219283613221684538520899599229121851543438494595213986087484093344887729
۷۷۴,17231362127532880625575704762472882847810619869342815684489883497417616765840
۷۷۵,55246856428931706551911105018537252291732954678444797868437455012627950065092
۷۷۶,115597044165074541810062882723365714574111639494334903817156792018800277848573
۷۷۷,75542255715572942742700298392898407602452959765420847731205090456072187734827
۷۷۸,41932748146530343405990914456348961486449114712334750215575234877947161681611
۷۷۹,102391667521929335320988814251845776688557000980314111531661651364931100346865
۷۸۰,109875679093779627202667773892173575532822638992521624264951060588510582493679
۷۸۱,15188042697197245782867815074710277672931143418986583141662924993372557150975
۷۸۲,104483880081179837658704842952069928467668763127722783670287727568557024039972
۷۸۳,30340789927380627734494054537094577172426029649591333207344047105090401643871
۷۸۴,60206577108155574261337280637007697807166047942165241366910259040848687148337
۷۸۵,70443378698312921234051627099391293980692056402660016193080887936951333038991
۷۸۶,43543873463378176111981926799827874360693586252978947428234032893557255255869
۷۸۷,64184635549557357555947538989214417900500329331005466065778831238883223733097
۷۸۸,68426108014121180935119224192024698887264585475809588234972505572915338388189
۷۸۹,108076607432984965236404179312158226687153305612394187501228097126032429317709
۷۹۰,35989296704290964843327675062911500294626976700065305010907500503552835086791
۷۹۱,114667920797183382475535749133890247362900097737119547303520104894260768755875
۷۹۲,88350213201024179579944591083264123918530068791038635685412159341698613898952
۷۹۳,80684036637453744213728757220285633297474854795663691867678920063674665431344
۷۹۴,81198337664195027362639313935691856296897708219174059145256619183217602445817
۷۹۵,84079155282576307622278244175794569860151881560530321286539253639198825307778
۷۹۶,50542318608013703322438999273469209328850979354636119764905104701025381019144
۷۹۷,38483798487086639759743286701966729914107360965267530077745775809979923879400
۷۹۸,29851058548082017119576906495760117111938677891211446995826767120406663523081
۷۹۹,71991479602767176438138577985745849457033658108874793136331195077292518899898
۸۰۰,25828984275411134335648801058137612859767395418351916597035975324034251078987
۸۰۱,6594721284880656384755004200804715608508733061260839629572422880427967493798
۸۰۲,96156881330668335641130368338365674717959352060983892401786311593782362074024
۸۰۳,926573341204500540462424022860639938000633897189946092995599549099397621593
۸۰۴,95348198983478282213207390906099380429616497831414340381661889192426885347690
۸۰۵,72730938776244429377446207871570173888820746217505415043593664981225020554434
۸۰۶,84618032973079389730167614749292612628694133332502845886835200150870456980500
۸۰۷,16177037319931353922408433881850182507585213176188691838396607306708913657816
۸۰۸,79347310966476617527621361834330427004587789348251108917513490448449073320431
۸۰۹,38207405260339881263366937812255277267570961135544323973097438420021232914156
۸۱۰,80172093158086326673098019738575254172645436634306650719485010937567041379327
۸۱۱,89475278988105543191403223084959001694757462355958695203020181706706051085854
۸۱۲,59075682952968040680601562344356662283201749589225155177985370016477740185939
۸۱۳,3794552964787571081416660048394030411404961913814966926698598135206153420671
۸۱۴,24489851599005295467684835359127087369987514990113045075531601702130782528975
۸۱۵,63806607796098190744402670864982718476777136193168131031235708276174287370726
۸۱۶,96314181072120234740192262650956969085497536676076529359595218174418560453039
۸۱۷,108573449045325353689604543971935153757285012615830871905574004407723857062885
۸۱۸,24907064305113053190602953582518298453523552675998514201493550881152146480248
۸۱۹,46082849410838642360677078575992965976110460205430870763937450705520961385744
۸۲۰,32307928203568337761367737755184341099088871247356164804669939273977456524809
۸۲۱,22945788498873512593714514154968978328021579338035876526423191631772521930469
۸۲۲,98164315332620617503704082088982912184009479456716246795917145402130061235695
۸۲۳,51597840195132254397566120066750535642204679382734703331983852358475917414700
۸۲۴,67879540896426640743364617403864603825744999240968047842152349542030402814768
۸۲۵,36037047179607017730749080293443163118912071802546117159353000792165004432233
۸۲۶,74724404879002281405373309565402232448907848561373319440622303836533965549114
۸۲۷,87436442365389767760194377718062483997332549940345437905457006993218002368599
۸۲۸,58179516505988493659914268903454510519613667318070744468102284879137253601132
۸۲۹,16432604542444254136169346871299869745178813895947315692848106700858197310097
۸۳۰,16046968222553451377015101666498275339369078375709695758888134756746080305789
۸۳۱,51073232321476243155802791083501933254426586761650891013941298997001012505877
۸۳۲,90771662799474726556549746671992904054035814157730450110597384407921769131409
۸۳۳,59430283518534760265736916949362191973998833684448366995671502176300345543912
۸۳۴,58605166437688176448482908906029515111413003095109389710844815467781338372986
۸۳۵,37658646878513233586362414402262644144123378019654786811711108208823111294494
۸۳۶,111414361455013290223213988576941939927079262509625263720546797109540555845532
۸۳۷,85100546446650373247404645601705245406231013534599054508843832532917618383318
۸۳۸,4899286629990893484768727599030325272525516606189072449432088049117208979726
۸۳۹,112797120075684563717305233184885008894702103410073875697634937909194345963246
۸۴۰,29823738731043322177589811257454679277923124907519681055371960249344720865787
۸۴۱,20849291750433009297387290410743834614298722554142546708591148700139094800204
۸۴۲,39961841122441046296912399110881001532058159591567108511584790810210520399605
۸۴۳,78263125217533239332392511862394967181382356719629292676748233818331644049015
۸۴۴,67751586506876998169801346500219760346642396840459350516973823312515402041908
۸۴۵,27608123773203982156570681055790990261479332523135350752335727095921002354072
۸۴۶,12725588272237950595469375915074605103272131179428083488034967678455076310343
۸۴۷,39552586849562146484878839371245114158429332058535858442574736456915284795109
۸۴۸,55356699235765096274498273589236856828184254205426273591826809323958606986218
۸۴۹,32925685980527282593575889427290656154038286920444087041520577858842966940040
۸۵۰,98496127153244893750395200742110999219623293650334258330065603817714060446543
۸۵۱,103336006926420399649771471932564096406487442906661166969935740139121653070841
۸۵۲,42641070547530895492900760271996612195308591167511837531178232785980757808177
۸۵۳,100853952411569764149195990366592438730152387932849415154656140515648009888073
۸۵۴,84164833855143274316957396660456371831999891482296665263517521933564897934279
۸۵۵,105433352390649457927581133232754394484074123640082819200400641091528821507464
۸۵۶,21930499113609075419242410594531662407752766687508136826168800687858980890489
۸۵۷,111881699964274102257209393490896458858935897439021319928748699221224054604888
۸۵۸,47058285013483801728782493446301708177326936150408951696515872096946294405734
۸۵۹,52325460982175048885315995503144653868238054530588805494392057141226560889538
۸۶۰,78462634870802955985132288476332009929081729962610931751767336575727350489936
۸۶۱,115664954578827128032469300526326348804994643331138184070797194020850766411034
۸۶۲,99582510244064879894260077649313121463372368027685485099298813543462353767272
۸۶۳,37570465990207799625620024220151164763718130832453844510140293960598862948089
۸۶۴,21957518846073527161967282423181725805956845276617384863316935449692189413200
۸۶۵,81705311511340687922987445745110668107174072238671752824928619674800658071970
۸۶۶,112050961438692317122074903100585694934429983797178442804088475739945119071164
۸۶۷,44625137734353878049004740601123550951132206309614682959929918821130828663445
۸۶۸,79875605332498095678670573610751743278255000898029390191950876142061870492575
۸۶۹,13137175031908341903576243255358835320755421540117036579994893876072926059740
۸۷۰,45445343963239861088480694689168782907619304311312242812471513863477942797348
۸۷۱,55826287728947476031083762755972770512025762301082336208629867196347145359068
۸۷۲,9526822529797107808006307216562952568924061370408440063285971239376775210746
۸۷۳,83531022418662987037572486801590555121585672627707557178820718343026525789991
۸۷۴,36475374121019352175419957898872096675064200596881756032606841747386025490477
۸۷۵,174243137313749338733522665151700206009022702752989486353869883535417673273
۸۷۶,22505013515320680631014572787309930733251993994939169899455706093678791003154
۸۷۷,22951063293353971614601945790669273174512892744113434261073566820039921988077
۸۷۸,50792485757779906617088159313656109749433609685168849986782227093743755361191
۸۷۹,66291282068258869077871631434553210748727901124960169087484989504627347286849
۸۸۰,23449671813555890785507509592274723315572587965381756631182009838413444228884
۸۸۱,42773735799656035805713143231480153491482719079384022834659898780148850444291
۸۸۲,75723181985180363522401347305279151082744848964545933168667376065639515952880
۸۸۳,35826646655316631359640390656336557175290193992800457169114689897473418957019
۸۸۴,85297323081203104707034483969117491245615828148531396237396940645135581932866
۸۸۵,73743834342766806824072379495098022227502287020341653756601165782360721625226
۸۸۶,59806936262908864812890930872218136882348015067300603848021105706503324994081
۸۸۷,83739970503625075090225923974492145970456785578642457215568493099505347280591
۸۸۸,72488483087049767938611185896269715547297706454049619025820160794213903781606
۸۸۹,97905653731843801321862683382692560157590128925568626239295203739069043188880
۸۹۰,39697134482088632889908591110252671321830176884484401564636975523562393283396
۸۹۱,110110591882228823615257312584304969574266042798750341201050605847690750546553
۸۹۲,46019270738692810566627666026808589218993253510344041405376940936069652818118
۸۹۳,51241007820806025705100541250993867930074651431227165727222327069943486279365
۸۹۴,43059969243898403565163307841028130553402122769538269019891158270346182587060
۸۹۵,58885034575776472597072357514776714472989080698490384966472520478963500825296
۸۹۶,58864389956978153329597590036675176686633856498521642550153941570458196974296
۸۹۷,38550335024683411565021628519694467302171463564082751862330789109336763100982
۸۹۸,72925292079146269877473144672945723441665148110543010821219218287140892344815
۸۹۹,3387719325712130438238807485043875855861008892157948401513901572844706685791
۹۰۰,96467573108161704467785480715390209759874736663606590440718464245733578132697
۹۰۱,22992427292068145359823201133432265816386759887025283192567535357307395491046
۹۰۲,80626997684299060854234394865313916537266088945886668884598736027767372220530
۹۰۳,21373683850530554326986925285114444977327355902188071317984028799526805424951
۹۰۴,69670614654476374426080651007903182312486947897873750507166866113979529848334
۹۰۵,103332590413121847957196367746423987877895521780930243061724755498586921573797
۹۰۶,92074862496665806268865651742002341847359611747988903487480049346004137326385
۹۰۷,82240324365229259099713672801427420687200376579824079100706782677393027779936
۹۰۸,67236949864532050584033826410314097584291306206714972308494973977963365108166
۹۰۹,52810720706818049582780996901655665919955149693615553056491360786023601174043
۹۱۰,93934113408232384002087631975167196108334823110961564577270702270574278630513
۹۱۱,80640073521277622806527361120101011186983085806156198537387946142904933830889
۹۱۲,34614117445015674776925178250765705465414424012933096842082793938000058103804
۹۱۳,64506650442513669800614362802556181229031229311632189186373406374240153304977
۹۱۴,93213001570257621003590844971619359257534507648917836752115439878326694106797
۹۱۵,87834961060259246609765590604392141169314158961747218701763131033096093128693
۹۱۶,45329624571324588381017116334788626179539280780623846711887101289398438506551
۹۱۷,59379894576807860769285953985381776770709157295365798572960941023860469942154
۹۱۸,80482457136581595905310234818676457745986677401074608145220834668857441376190
۹۱۹,48617665813927553901273211446681792580877806704629894900065642029724536063029
۹۲۰,105703565687562263213982834584571191195663094960529219569827414835206380728968
۹۲۱,44023532354876555583395178149457593234894327292014944664009375245732682301038
۹۲۲,51457321776282622953241639366320553687812787464528751451567176410823681920844
۹۲۳,107020978029041139454574983929581947974822331882517125350980400841901879885672
۹۲۴,28936964431579954997247830480066948112545706100057477959619895750513859119112
۹۲۵,65665652036710897840760127260473936977575148630785741696091585929256746609557
۹۲۶,85099204919049277660025122750762974243644012159005563365671158732934969847221
۹۲۷,31716266588304834056297692653055399512034476798924060793624235661766800971406
۹۲۸,76587877986129129832982579406227625692031208603265972020089226417471989341860
۹۲۹,26980945939896530067891851620982847499146236481347815442147973948149560869743
۹۳۰,115480598504584806522072820065349058310074357003925374013687129224410875598428
۹۳۱,87800468413314578464601285527868079343477321842371521813109926572601029932759
۹۳۲,17708709410876129511099594738065236032490098619679540550593874992056696789798
۹۳۳,30137884806893652931670213522479939178489229530465785375466988810184067719304
۹۳۴,84849989553419271935942434324411020793442494927573973631593630831491118780236
۹۳۵,54710580650181255006209735361519490774531890578186683399894316938264118463086
۹۳۶,52534176286693340096043936205833312961952380297744332002738278954986458330811
۹۳۷,72362137297203108475525277920879606528264754839262046724381940419620236213084
۹۳۸,79621404707260048438417639455213917686334103439079544278223935664627550277259
۹۳۹,18292094137071967427805959714466993413728240612227794323952602185941795459944
۹۴۰,100359870816932850260401476383685124827665184456842726966064338785801678656583
۹۴۱,11264357115486985742816500329018738363528449021291535110885925252195553615460
۹۴۲,9956149266590155172367950761083522668851212559209375968582450494918822057340
۹۴۳,12320339175478589149924332843857701512367138479757858614950310920761243348747
۹۴۴,28060825664943746855074900746492344261230827892146600206908474253651316076347
۹۴۵,47407604984573499916407243536921960970469433648311951458765723004305942759154
۹۴۶,4563223311833373464574717096230437647453174864717020910324770642350798581577
۹۴۷,55825094989970341953999419086000800572434915963837524891219578928049689128305
۹۴۸,114940813517836238744467765988672127149327721713931524453941765766377038048965
۹۴۹,13625984155002305005297808186701203703516406332164565406849567187798796918734
۹۵۰,39698404217078436097711435640723706460542917289214958116845726659040545858817
۹۵۱,62188328444990270514224408867943698456570478309950917354346610201999582499321
۹۵۲,22983778490609172861101718876346202455509290092708433271305339572006645811972
۹۵۳,91308255530579803341629635884843630358046691144869279971202100170876260345590
۹۵۴,50435924389218032979137746852456501599754951478767981787536417521142653092954
۹۵۵,51545806272305627356986044862764894936599147616759028819488075045786207837713
۹۵۶,17804901172801649670294518932715617877022579311569661514649717606680041738473
۹۵۷,7279183586631474175574541816864912103067692696838321206551567402342391587991
۹۵۸,23381390807779987869522076766795277273722564901920489127853257817388487704673
۹۵۹,101630415526490191734453099335228320776705759278858086923181403678221284080117
۹۶۰,58129075299444655690902643298070256628679150170145426016091697939952120580785
۹۶۱,58984757847910705900180829552570515254653232415990391565137388088572580389223
۹۶۲,53105687716019693541432010228756104923914507782914580382887209363155693491275
۹۶۳,95535527925214594313828846423330537493942066089480024927063221745772459221075
۹۶۴,42961637551868322734831527064498698932222668310338398340002405389800075627982
۹۶۵,70000143229517861884257185212000785892501131247432560673170217908909257249344
۹۶۶,99986193263271394909338110228450491297742287318017424950866249161300796115504
۹۶۷,19074909400823340082684750073193655067748569843962559737664031592430561781197
۹۶۸,3788159798401351926283526554280628837677143132197263848307856647841577600905
۹۶۹,40093263376119687173827126353730720780983590170879370657242744567404979234808
۹۷۰,9412787509033084895123390291898976493883179226059035236277002795257313013360
۹۷۱,34604645429495832114565189739130071625045704795130573110640814190140148493603
۹۷۲,37497354835550309332594984036020626508838375890423275020077147848244115661464
۹۷۳,113741137239040198324203758321741585547271540764688204954679060918032666747514
۹۷۴,100072133926665992370581137836204292804165481579063364811948564235044132529821
۹۷۵,91111561761457034595802481631561053597623396398635685873808972380010477245502
۹۷۶,85809557368957285936593568656796047676599836487935741688928107998000676824361
۹۷۷,74638211093082507044380928082336120733494348056677853280454443474963597946625
۹۷۸,86105990150233342010020266243013684268666118162937961470825120573127068976715
۹۷۹,29156935884561923440118725228314326199261451504589516625193043462529821523865
۹۸۰,85930218335777028394013167190690143463375065193557165392821054390133913335601
۹۸۱,22694175549636379686405452868311274149663978962453753353099251189206031679917
۹۸۲,51466309840307490407360273232671569466781510423341934531654083368631152294759
۹۸۳,25818908207006987995746201529042394208915875539389250377414286122005679877835
۹۸۴,91612599075272223287922867538028826809999062362585719870686505911297282040933
۹۸۵,68843623198132029491561356588186148510926557973273732553358095793632850154338
۹۸۶,91113878115143627137381222569028946618739306434739940882396290997966867743794
۹۸۷,24123007163187580291472874733790642552980327644351488917846060329734083804811
۹۸۸,47549004140182959718725282187050278710800314872669044655636162001874908213056
۹۸۹,38116687188312805056214549107670089452056190276175095297028550811028333237927
۹۹۰,53830038641856778827158749206792707563097248752177247146323534125195497797758
۹۹۱,29552547334925449286434344935602544242834766439405676529862638403034061624000
۹۹۲,21920685799396405571358842329489402905794663941989008290624206188536380742957
۹۹۳,48322588139340187043448966340740921922824003081005730393411281047779736297898
۹۹۴,50890533430203488793126521703110462166032075300867904274093971452751978179258
۹۹۵,39275076533203045640462344077957407707200783338372145228065403505680998025395
۹۹۶,87873371508241792179887379214704071198839688614814996921222300131554644111971
۹۹۷,110949926615302066276932456871020974959776344971263115560326239668164331000372
۹۹۸,105083945743873935369135329543300248877053967317801078367606869735950206255336
۹۹۹,104897061735154026734174624448905556719619626622808101107751186208496253893018