abril,89379512784015715730594044314466904350178100095372678600441381005307836537558
agosto,17209367620982452672182996840104980370015039107915607823998009592382741233918
diciembre,45122736247089350873838647614109772820771263215782215533078474645194514225880
domingo,69139657107713832305857518182742092936831117244584676457816929886898220947713
enero,96216311460099205174675296850621896612479753678229225858518797854273478560233
febrero,108723818612132339437445914278337154493976908920460568972030739602196434937777
jueves,65249413018745559345560832636059158560541315840761086385820900362561056158395
julio,111738999080964274296726518361300267086585019897647084473659284488974321507235
junio,32092850571657558797020668740658716274001037374546992402641590141486718680012
lunes,66482716612117786179978549184138657383116913966249790471734780728127861772503
martes,38147510450221527951895889547950004024515133891907366887062759350625514726443
marzo,85285435997128631339531430140328817840115091139994745616957915237426261542243
mayo,88274374115859012628837800655721710436688315224166225859055379870219783263810
miercoles,87778381316121863702567727857789667939223612637165492875391619983241951693901
miércoles,751195962335406629316520754015152164254034247942434900653695524691810782419
noviembre,70870775217974343280687021389408744862937522296225811057900760287505585225440
octubre,2382854030633602355548566344685663008299486846897947259283562423766332257432
sabado,114469287713466566709249265815702542498512623318020233838613226181611656587893
septiembre,65968774579239673977139368708159245150942551943523252986347861751686734878215
sábado,1888303412713253251798253431240764028108238349974534787021417004093682184035
sabado,114469287713466566709249265815702542498512623318020233838613226181611656587893
viernes,104335099360706963966071693403881109209049327118207424683842972402246599830825