௦௦௦,96300873965089374672321788044621088712266140161059176240610435031056389595193
௦௦௧,2764625590878742171829884593781617951694043523590011225652797680668034832534
௦௦௨,19927390821108759087853641860742354996623979294432861187422037792134402310068
௦௦௩,77116611549783896675667195906236032020418244826628536063017338183643782199773
௦௦௪,57119823338666273032152160011063827548085310290432516147449738038242355316856
௦௦௫,95251532381726857405991800417675196917307188406692682090500541743620641941983
௦௦௬,25275842923566465353398359494468412032930108710847628973449559298007311916005
௦௦௭,75835890119787738762592333950337585091578871402858196629022286364738716280278
௦௦௮,52221558337056201969508447630699986230606510117738283814576518921816403752315
௦௦௯,27603508494857521940408183822515983768709492012928111035491943645583171111799
௦௧௦,14705186740908754068997487639613977013006781564481106296013581796478106675962
௦௧௧,96005044801671773770319169967361193108320269309423685334667687757241846883829
௦௧௨,18978191574125975126958353209784701778669621635930992601698849635668469893092
௦௧௩,69220208570647505851370242844788035425929937502623105252965007257407076774596
௦௧௪,25557982681709104853083885273622937895218988173219928311714811757499454278264
௦௧௫,98725155936576704223785092154412923569195532425041328270768784649586464662854
௦௧௬,38746315565378190065960800320506181558202728523237342207436439368682178095224
௦௧௭,3707753151745835687306144601371689762589399149682023515519129932605900220956
௦௧௮,58500141242930730709316742367052716274564365398169836052031820796675654811076
௦௧௯,48690013197555845661297124022809931149141135530723313187871144220242065126317
௦௨௦,89802722283862734604856604466271470637807419156981592596039002994948002470210
௦௨௧,19924956055942317748513398615075420213039852233715191302593759013051486092839
௦௨௨,39665989035636304560120447408510668979462935258128020706163547934163705426443
௦௨௩,81013296770435354396295517210807379939753522611702385524100051654883942534675
௦௨௪,52753228845969652996032785798849746169848553774852553004009447472209370396455
௦௨௫,49452804190640534275392179785780277364249173926182793534660384780189474263338
௦௨௬,58585659256620218646574772666460492718864866612938697952407389956984995782764
௦௨௭,89387522165710060901975886642800488571977248153579669073444334989430827604829
௦௨௮,74592732068713950731476327637829018020013686380927002765366921202939565752733
௦௨௯,54194598300579539376867080210512241390952324032586369307759258218692448237703
௦௩௦,47002029646359417915424787130443073650812518014832334323979969671803139596703
௦௩௧,83171457677149934220427134731966793123816021502485361462943350553591788647234
௦௩௨,101187154574130709790194226877205585342261059739147685155147828318098664034954
௦௩௩,90128939827227709896615852886016621640969703732241876818467486312519016643159
௦௩௪,102764219163865638095171505717641931049386518101782940657918073401009931496119
௦௩௫,111165556154743029110523759523905715724420193919312313000462605200130642829564
௦௩௬,64585802451082528141720536068236975680685302716351134565592847185898910346254
௦௩௭,9565445253033131334780751968234680238326802629664831783665603402190075233500
௦௩௮,84942881450298796328346063690906829334246660530960588489141182115336577985751
௦௩௯,75768102155666446934377809792254055218128030003042362349175798257727067149382
௦௪௦,39448708761304455626363207429772997527917174177203661452987862710831181880084
௦௪௧,9995178533918460303917574366824164100584981942505843188680885004497979595891
௦௪௨,107792265657210228356116655678456300378579443173636695040017766484612118271481
௦௪௩,90580984421655713571157314981673278259923092593023610711963523752479143188110
௦௪௪,103090086001784265694146054378459982920727105573030408764946949890667646274673
௦௪௫,115562115545408784555233090881192112608459711268708019698977935485582543740032
௦௪௬,95565200624101338921417651730789752318905320373181755562108919615479036472812
௦௪௭,44915863669477380050860292687255247148087395036963052838646790460686695623510
௦௪௮,9740200166595339781128265266880634144937217411503474203300194589801351004396
௦௪௯,45135976366723852167521655232251127035253243171822479392484852190813283951161
௦௫௦,37662969659076656615539294172593292874680345592319557183385634053276858130969
௦௫௧,65747695087378255311904411913770951218735023539802803756100949780222518638546
௦௫௨,111332772347995627834997699289702389519452269691014682420345012616667207412663
௦௫௩,68618545634704522480345574793735950591075448668339282660717593384464867407017
௦௫௪,104296278359970450981358524218465043556596615778714360475429089705979073857422
௦௫௫,51097639974053098587148807824634310806221390208132535139323914191491791165016
௦௫௬,37995035170215957308115828855006255737000709152035458677355536182309366983170
௦௫௭,39637714200449442466928951012179341648797580847270803280440722898507952836050
௦௫௮,17091443446167920429016129891251200676320872238761211021233268249762717767708
௦௫௯,51850885842349232213589478671036438852193623999800390989771804611036207152367
௦௬௦,38124213655803546531350499159258842497058043361645606479559399467469573802035
௦௬௧,39927855621799328178767558576784057356680318326717602615064741622382986888833
௦௬௨,28383071089647513498948709427094719309911929435467823837394147133556349099048
௦௬௩,99050604556951842558534460876351685994496128904739345255696381206972461457734
௦௬௪,21506869868166614384282680139920812474941567947102563323800289937633745787939
௦௬௫,40898935097994848219321384550750939220576722791223640488409048130862378026665
௦௬௬,56576799674308916176830399023174910596585417554302538736499391592087505842065
௦௬௭,89217514997139672295963100619365236074707182480988077675473986493715382015911
௦௬௮,44970154434106099445683775398065928513019037037712476472287339262488519988045
௦௬௯,4087414106887801687127984801491947285965010368542533260569773480032784082351
௦௭௦,104658244896241941348063256321293856332615738791263956440787798878296934515829
௦௭௧,107799900754197507829916388710418530238402361017524851614510880254116637994749
௦௭௨,84865772993764735842864363099619431657371338328677372766771644610412992798032
௦௭௩,89166002628795553739206583294265494690304131085131890794510989550965968470692
௦௭௪,53988037003525022833936734612340251094537274384925384042181021671150553348288
௦௭௫,25143752133451873467838086311869051109404943507826697551527653940327511448156
௦௭௬,102974330203220443285246957937015373095783797473448500708333684459858017538652
௦௭௭,36130882528203903783406123992667404049682054430146533887291571316321666282767
௦௭௮,47069313995066936660291297749657859521607122459981251839354058079589790620145
௦௭௯,75632053350554993585533327824779462247611321214700926433654520917852991772017
௦௮௦,28355700925464132182825357956480139361187466254693882995236096253570180834821
௦௮௧,41090550392572555717659190823829908512003071870158788289792742723203582165862
௦௮௨,44656921091508136403393677399636727980197956313367903784210384575482250131934
௦௮௩,53632377953765840185124779470181643239906145955616099895859042826357415418784
௦௮௪,18578893633186560473658581192417673848641976442599655129306597981021504901717
௦௮௫,60517246220778556665101921249249805562879403789358056082510626409711581882662
௦௮௬,93019422945098712566062849272378958576943707669972602521843857482763253736278
௦௮௭,56577088633641789214066565401597597873669945936938052468951555170442768768999
௦௮௮,83487117518235860772320245971461122754023354481679710993356935811738215431386
௦௮௯,12712852746630052371872791340213409276368357174409424713529924687473161338674
௦௯௦,9058338540833607418550602281883386841484636236568040871887286846367241791908
௦௯௧,113149086399153166515224670853021529220923155302372570008587030288938703654675
௦௯௨,82178620209077146959087867171263866214421887068172305999173283950946811631484
௦௯௩,68593767475689691923263522513259458651087338029281631168043901988637794459445
௦௯௪,92266170528010962726391391985427234773318623015922857593920125018794455298685
௦௯௫,80078880477559629062727516402906551098184135468388234004721667088070948862847
௦௯௬,25554153335323295731052468917768640862858407199191512814271201493811898310901
௦௯௭,5305203911454709083678708058593764457837226466247773119110498897570439477850
௦௯௮,64193956182582467183160172259891106180643900860521073162715021991722451588251
௦௯௯,43636777909814097438552268776878325305668397440367489112929600805500211255460
௧௦௦,69206860203334568949979076193257770689736455986354520468404942553933080827507
௧௦௧,73248751672268975895369638628135943211800739951824483916501014756243029587149
௧௦௨,28353405950139565434896765794025705487566094496079515228919233527036881447326
௧௦௩,48491834775049347839085485544748236896262632252431002825142621979587243801419
௧௦௪,16328158184582556542619661858892027524993127776884218619455119392353340799378
௧௦௫,6042786344370809670220826299909078858263019561216509234200849771400575824440
௧௦௬,19890730328891428942539751983868682478639858302754524941429276318850640134428
௧௦௭,14992617899693768498333627572911243285702969557384511162255375639223846411610
௧௦௮,97386191376346879911934063657040201651670815814364479930170827860998650139741
௧௦௯,74279965304882726994342422960783924413085925879478534474038993692424938476780
௧௧௦,37972207547687772204223141276724442103746639340799340921243670908671432811194
௧௧௧,34026910839121418074074012289040419303393662526501331146882174962921387098568
௧௧௨,58923403295248122263298185169761653748339413635775187319605270199747615898464
௧௧௩,47801630064632734214334396725215842068330112746753634381384616031282606567893
௧௧௪,29780649899443835184271276374490305792334617417031587531941512458896608577615
௧௧௫,737703325581087111051877434667201399605569966290493471414318557599886758408
௧௧௬,77324156065289982257216917501023573998947901622010433217413265264214994809421
௧௧௭,94378779498715535911097127633982873375779247966152179535431608650175319226796
௧௧௮,44305049135533242119502214650164382725697515994071524400971403915705433008813
௧௧௯,6242755263156069096616949724551919926900385925554171972154256976410792302977
௧௨௦,40334588135461341887895532498398612549404813384828129811572271820454001755006
௧௨௧,69139101284910881034447308141967407448110323995834050647628166423604393778415
௧௨௨,10975342584034737991816295655236051373743898701019773879625309036777104757295
௧௨௩,74701888602910555024889457003408256890699580710339178655782973950712986391518
௧௨௪,53867955283442119327389891416814882105942634577215825588684351815347301197955
௧௨௫,71763933570693872070352725149003046070826058119359201176092603506917121944336
௧௨௬,1434683853007558027068309147640284389016263474510577963646543699449191886641
௧௨௭,99911942037038773972523655631416117923619537405893091377740199046977524222596
௧௨௮,44442469533249441405612069210603022147245466176417412764123531783048546202015
௧௨௯,4020998598786042268129937515608698355197246007888670679360613866403145074846
௧௩௦,77585971776768804886748182605195465651380309891094448991082298460860238699135
௧௩௧,92287649999073102500834871844398628480820961385797263143046348168942137180559
௧௩௨,43063567992970817537908815995871180302132939762505198044442076055528405432809
௧௩௩,44343335921839277376079304414656762128642307955186628737601065052189641800301
௧௩௪,59364634144309541663370786455349825960630037871509719859563209596268937772341
௧௩௫,83157009993910290406419895421711592074459096005315708749296049733386885449850
௧௩௬,17303818581155220045756776373563945916712769276717615819981271162002550850429
௧௩௭,41411976702486395048226303437939431324487354980243439740889143917215517272628
௧௩௮,115505071670744240097633199229109909263727273120913089973685418442420545348927
௧௩௯,75965391812479973707600602185658027358064197501903242756434985377305727848697
௧௪௦,30889917533594481580114109214570297911739093902361089744546200940495233987815
௧௪௧,31997011865273833079901565037899151686507057472445032738158449121958245976000
௧௪௨,97563596045662554487286024310180019236609803026974728492339809518743369130583
௧௪௩,81918294858590291016939969405488954380744775577246686849864166363240100384765
௧௪௪,8390193085454574567462914673571295163675378427146655389939395391167429513012
௧௪௫,22039666336039898191234851507218447523145518284523858703938893019313614106430
௧௪௬,85242222494444873848962989347342383935909088732363494433476310295758697749756
௧௪௭,82350600119345409251180943770608875177040880625745975220564387061539401922034
௧௪௮,39727899652089236375541152220549194129783379824814435290116651476870412765144
௧௪௯,53038210631305022846104812098993974370216321718810966648010244246350944154587
௧௫௦,54511451959597458553989602601140020664024906279621546496308874479552260675303
௧௫௧,27935916470226864618378786234377530831136488739612281593845264110267636851347
௧௫௨,71993968684946345357187020288667799169276173992145763240792074767043146597651
௧௫௩,36955078096635974228182087096471980705763647423297725056006507560474770041006
௧௫௪,2478482144241877268513940550336110409853964019827556611938779675175556184700
௧௫௫,99748312623116566672523170840705806168815384568529464485954477722566350412126
௧௫௬,2589377652813483493594554642302434090329227547524742020484964532341854596466
௧௫௭,93977851911012785855299839257605153121601988377195681107068343257262266152977
௧௫௮,78225758024697401862112982636049720521515045223421858693907276356052968684383
௧௫௯,96542347831040247403977095879097919344620294014513334709218173627137752027480
௧௬௦,67153090721180836030040480107708499014594126658305504677521638938517749211234
௧௬௧,10831182148716426206677428780642865342278037700524691932742795955943930192792
௧௬௨,49031710514725826437016407534437051354353888411412896087481468684263833752640
௧௬௩,62319778318305369036369199553735275988181258385123550709260890085453284677879
௧௬௪,13325101386316553472129594431381899487557586250144086927736395956365613375293
௧௬௫,42740731205341850123466908841612631285271570229124125385694150370849161298609
௧௬௬,94947622253572619356441876548156954193621914444392404254518200969317944544341
௧௬௭,95173127840299227561387554106503998218709720637016472301003241445402951343722
௧௬௮,49287980336497717825090970735176544327532594434434689695637170015865513762346
௧௬௯,76691646887402405703248104843990742113285888691266158138671205851708224115682
௧௭௦,96949886179146188819844793281416291081746550560803347224894682175624777212409
௧௭௧,96097780871021335582086564649929466655188776839012804295814020859262937456728
௧௭௨,60493478866158432875091554994928835846862866999349304047119632632221420652864
௧௭௩,16992413832168531164070477815760629499930585769371809251485840034180932195465
௧௭௪,25085060471212304806468825700166103360010743546145016305873366257051268352838
௧௭௫,102632960393072936643450784771571609721189262933480260860374180607059166257482
௧௭௬,21495221242026261075347625631412656482292427814891632644065776881411880177002
௧௭௭,60750559616716538853111715197097670864569325657756397116377371312445622798994
௧௭௮,7184801720480491535947450144798574807786672011263117103481875263995894972358
௧௭௯,108096053405420853350734358841202360573139662022786386182489538296997360807140
௧௮௦,24763174839237485100927052659007128503395698761808614976806102777184764703750
௧௮௧,31155815130293636202387620677169169292827767375658497983310186895366267800350
௧௮௨,1080467244534422644224692481681747059565152761531466395131125218745118358805
௧௮௩,69771373004177045701009761686035765380872392543172321224408493294038141602426
௧௮௪,73973500088943029474269566350309995167357668187367357795733329209384689947595
௧௮௫,27875367839720203473658701116231108558004181643369134294967758908666622988476
௧௮௬,92672541835530091119243920686360533971752431125875573480996004477175652496061
௧௮௭,73576279331138712999935282479675715724559071204869905445368448874243573142899
௧௮௮,41820569595943254291648028402473168747803564615823867753607046528432081172104
௧௮௯,90378020617248823449575465196393600443021814372714300032747147765389712540661
௧௯௦,114445969324964575753210741930364226351708231307654802096051376682979793231805
௧௯௧,29940096300522047223539014089050781086942701978542376473253450157934535532581
௧௯௨,55028290745502522508183255923996133771625255719110279981552547467923756195958
௧௯௩,99937389526715639533361746467821945556433569174678364639667463650149884061844
௧௯௪,12915163150724056258336419216137063075701123555288132494897124346057090020973
௧௯௫,19794689275643956518764015653247136589280843774300264799309462524670479344440
௧௯௬,98190358891297139847294765655240572002401726237957044213611741960624993608986
௧௯௭,72998807488096461087418587325336626460239953117613320506637936661752467213628
௧௯௮,99445146286327596563465084240408154192334918583895241987971839966582523941257
௧௯௯,4269061511553003021362417468497175698091952774134948680773185725669741069892
௨௦௦,33907797912923613099882484926488060424471548743040960264561515656332491374177
௨௦௧,9346263476320451540330851797296175739037200922138909366283938709440109075902
௨௦௨,18878848509216246860873505038810770572116872760102107827984069625386411938828
௨௦௩,108981296105368010024723770185513446123192670331151760261395341946853589507295
௨௦௪,32166524485138977860467685443147626606390180560675606416461617508859974722048
௨௦௫,43240884553366656723506218513635426052156765766130557498673834974104928902081
௨௦௬,21204843363609218400289870186013291730115560464541404108745602182978628494309
௨௦௭,95037773187641938828083126218739172114657043171364898751915660909324481865317
௨௦௮,110338227629198052046476799335725569137539176706414032684552374589290565671377
௨௦௯,99507363305694326356915805211587259191297701960796445182659613068114915310295
௨௧௦,96678130134052805876021551286429392844616300694974738314152452590703357480674
௨௧௧,10425899664030491652505816455579691133721654477995306912744191754644109851663
௨௧௨,15013217024273008771094081990382732784446042414303340787928553494841330124375
௨௧௩,54831759344031939218380915514321910156095902517269164446562824892164962709896
௨௧௪,45605122838776351569857102791818032431694541855153503785096482467823674843112
௨௧௫,19130397433485972272729459533116594889168642209119596745297371804597153163793
௨௧௬,80644964919925024694686792824233171166810640081814631487722753627102388503300
௨௧௭,11559076445448981235022662629541207716735642247449599887514042505511056095348
௨௧௮,978975079608973438871153161824770516712286702066774045207414284964158070898
௨௧௯,68440139075938185197218153542408182043778973279158145067402377640789651084959
௨௨௦,111287384199024122185982113674804178058574355562181770723941931237056279962317
௨௨௧,31592406311036966154719353977958179567738773015141235782362048650606390943308
௨௨௨,56536378832778482512502022046135972978007214639255130223556351491744350478863
௨௨௩,21050060888666033168525632888685995671842385127956459222701867024717729953879
௨௨௪,93019630621045245820742519927773778065698631876422404461596828373883639620529
௨௨௫,31523003793811857115976199034595066723996650925776979946051494490260768090372
௨௨௬,51654853492012448473533312815898460668686685098851502302440218623736121977985
௨௨௭,81344592960572872728580247762203946304649363987156442921729998031132024537573
௨௨௮,24400361998905511169469977406796731263800038439447707069913484414096324801539
௨௨௯,108250306927314430459066963315898176347818995297499354311845614566258311137379
௨௩௦,91669650123306442219139226765910771198911003984886616038454552717982853650863
௨௩௧,36926851146332925230608273358498160759992515564207455681372655212957081923619
௨௩௨,43027478902592687846790445588115086732711694462222423024909911250844951772058
௨௩௩,38165391970824233030445936119717728280734768348505259168525986134562624843394
௨௩௪,103669306525350407386238361034435164080406177792926595246849812817280658756308
௨௩௫,72801233241185071213431969342428424350010886759198349125557550657971946742686
௨௩௬,35313537556443175915694057191502450679554738448479599993330646305704898210555
௨௩௭,104745858244338897463480390962135050565940766238326743207124286206931356716825
௨௩௮,40273276014782028981806672172577521384302931991660439745017653362258288701379
௨௩௯,47214348525991676986730823873658885651784597005017906479484671797350240907919
௨௪௦,98866008390353619290184456307262318716981266074750489102795679632028597792394
௨௪௧,101556428339503680096089324683944920231147928890408148065259390767075729385186
௨௪௨,45604076915975817723781516620291695541568285324245408599844058854245848452200
௨௪௩,115020960116621073477541165987104368652639029104982818743723343291038117218715
௨௪௪,53384417055266567856635624160787128880567920098861516344983337853092076365423
௨௪௫,17184316517361193078518207738780649982783237850286155082204201256986424632592
௨௪௬,103206734851372878520459879034564840368955487215305977099260244323765498012740
௨௪௭,84683301811257755149885802135829763128863564016675045674114952488293771443010
௨௪௮,59814897204455896599351469547401572902631452453846577739718674542228821645528
௨௪௯,100197781658455962307248625519584264207343865449121210661234601019490410475569
௨௫௦,115605419222969023880819429532496549345766002175998294265077575952645253765300
௨௫௧,90736091860431424032716037683341503234245994301247142145129530609615085665560
௨௫௨,43438219678532544002217926974357006095435776663478087175675382565984302866490
௨௫௩,39580897932928469248503249344121863432527600223251434876448030268160998027458
௨௫௪,56562735801118087716144289934842318751851939984174349710663866271477261370512
௨௫௫,45981932475377908331296061360264709780755329150879765408783168963352343179775
௨௫௬,64932291410132945711026286394031053273145145413169079714233927852651087647062
௨௫௭,25092353526136191891844275088766882300321577841753725430506944133439542082289
௨௫௮,9204453423638607994204306368119961539928840431018835698115658469249487147028
௨௫௯,4888580993533137996150236825499566273234118998262616226131722025666325682847
௨௬௦,57132748599491042070340958926618134805392773857142856317539889194464636865284
௨௬௧,97102069333608470564422724749544144326155557428531102366389069641450643872263
௨௬௨,28232981510419601847250285402670338701253755441572011230922730910510221872731
௨௬௩,4790585427922782010732797908404467352448976642593953379440649067747796801007
௨௬௪,68483659932660615181788852208681122740373866511975151484725087849440339925035
௨௬௫,29129940910279428156408275120540958453403979376560295136195731546039323099166
௨௬௬,70113865239208448759361030759065506105597517240730235612843811231217560138273
௨௬௭,26698118974871602587309278288959640332620119663341916069724644289943769211007
௨௬௮,54156589555653981840712877800587883464673792765155805724099019296659589607994
௨௬௯,36490909071592943760067219123176141494910236301186073221551870705303674259610
௨௭௦,87136253193551438422365360847310278601623838241669937441798765139330915399238
௨௭௧,13531397315768633685888093591876623098201202207149975974400969914916326006727
௨௭௨,76346741019267160189971650580954013228544356284484526775802596568989954661021
௨௭௩,21192377266255898297020406770836410279681589985809370125611246681434946949306
௨௭௪,93458313887835584589017141674755779229261623898546149038064050714054694269364
௨௭௫,70023331215651121894284764661198557340313238418518268140146547861121095417809
௨௭௬,23125752510648616086746218329933874852968046694767979780636181834641941274835
௨௭௭,78900972400806352670048991492042893470613056693229889106878345387154482054440
௨௭௮,75799385319670478717336022430840772330558164515274193593619291120259568917722
௨௭௯,75448298109877239344048731121302661195008811573931429291130952461634061850838
௨௮௦,21149504132198717121692977773058194567149093369573761532710640157081323490278
௨௮௧,71309737293210846997455354811653054200089243561744744016791166941267502976033
௨௮௨,72450086682531076445763651442155684827000721354261108634307263015317663925837
௨௮௩,114375437151712624665952848833645786793338165693385968074870837658642385603243
௨௮௪,83934100918433235454838094674027208438098006581673284979639140536473754914533
௨௮௫,27298634788021681498936313290200933467207525995649956576585853673897510332469
௨௮௬,37558145624488379379626394450755358161843970696694596748334905482698357682916
௨௮௭,102185604794158482478885316236988166883072909692549625658366011007744787359512
௨௮௮,114002391168404977017725690974490825638751804880227566293706067747281286677887
௨௮௯,23825145088678572259145578775298465640291293543406923947688292831373730666320
௨௯௦,1879610021166479703442673617339049219875489429848918729943189845932305104911
௨௯௧,75221929946531393453052043486424368480515659017483860191153317486680287215277
௨௯௨,113008905082936713857537220849565709012729164466096574091168614663830339589543
௨௯௩,88626342837296230078547495952040019667170280914435651513883446530686024230994
௨௯௪,105268524884910212957708767227823034714550146564352312314704998464196778020445
௨௯௫,43318074830403472445492692288303100552433955855469514890559737773995112396926
௨௯௬,107038136035931592801842179938737881522326260697417329492179093727609990113574
௨௯௭,101739904290817281863186003821801697951072366112042505991630958883236046034299
௨௯௮,22655219993655812468570489727008015503042232243743572599244002147732090320836
௨௯௯,25711087297685009565201433776023501963920128290717278700505491470037652288195
௩௦௦,71161612746083833205071489834713469235213887277050265329582566222741508995140
௩௦௧,114037362282982804701454220830368182597706067018575568670345241816326096407544
௩௦௨,71282787248030284585029111445928136932334929844947422750823203694649071319183
௩௦௩,27788308893210231128465668572329854592549415632550869848511946132508091868573
௩௦௪,102017506038806651365114735649525428209379588088101218344349693665434014537690
௩௦௫,76521999279976532167445106626366064822613967898588945342289565786913587539614
௩௦௬,107769136351816548838446645193496276066317541589720226931294291793865499571297
௩௦௭,60676318619829143103250878263406301002404680740273157876166576390034946745906
௩௦௮,79048827126907486353414795958764732026560212890907025578459077266532041865050
௩௦௯,113548366217272219896444183064228414170216149986847718272746939537786061598483
௩௧௦,69936927500459588582246848463864989872783830045103122973821437126640480553327
௩௧௧,26207823878390332259520371174393697598784525018869273841819940174277459498905
௩௧௨,33525629530687876373197371955721981215205006415030930348916001378681725462897
௩௧௩,23766928452938158375650597828999686813037953172688611102231280670737864894597
௩௧௪,64183216310010371360025559828866153277249851838595487345019690662112832623947
௩௧௫,109765086283436914264345677005912269049196386277570202709198178028518519023860
௩௧௬,61208136869413208737187170886038064605990699111458332893999422160340843210278
௩௧௭,35067856211050855780051096274051601555792118934096658520483095679001113154698
௩௧௮,2135108061924385672107564668966031387338034892029991833024025114552342637859
௩௧௯,22634814025029206160165981434784845376910616851082386759190918671427847218518
௩௨௦,30617751553121106112134532232375680201878849885073350670726948119392006190501
௩௨௧,48534096145225275777996088023862759008193106435898237922678422500420182277384
௩௨௨,91827160621110892165360059701431585543427484736733829381963972406469373156048
௩௨௩,78500826998030931712810293632240184944785569670085047360089809322011422766955
௩௨௪,11010790366130149080173747566084216979336812147424785479665083237117915322600
௩௨௫,28870227608126528650261744144560432386424745809710884950077888033566490432967
௩௨௬,70706632310430741249063452193556286209332465321173624030299745385929171221372
௩௨௭,90396631113751234103601132715394531568624822488003814411161201502144280238397
௩௨௮,25008137222902174645174646879382134963253324019507623525241964586551159784104
௩௨௯,57084079520315981686257925844970394110452488314845311715753185318694766920574
௩௩௦,54731843173878478742573070136654314569691344181216120342213993515677249208005
௩௩௧,115757503052147596732890889872472899393566819442406113227004301869895648627172
௩௩௨,75761384868005722732637481606576189446170821835496538598641250960772791170992
௩௩௩,50062665554741445853927642552410393399308109965433324802473455923107045361960
௩௩௪,13793487287129268556202116888796482909637849796255893566002773276916938229813
௩௩௫,36667988706868338335589481787861363701679094421594216998749460746832363814145
௩௩௬,20452013646386114926033431339955411615222292967317577067734697116029714856080
௩௩௭,13521435647916917213065242850185503287886930330365325768989382100452042151594
௩௩௮,72499681628324280655407807761687692341142922807436557446849656160649899623307
௩௩௯,4987377744099710747274348884770095472704361978566911242799971004224684658137
௩௪௦,25964256055427818817516726340382485673430978020327684931342343944432476020543
௩௪௧,92497252784690221396963686828518811753939484902184886944908151286709920631858
௩௪௨,49696605242945330966575203801863453348381440957477814244201605121719716079126
௩௪௩,68078576388613415591356148102841141009052002304228793443243352587663561191450
௩௪௪,36256741071461869834452948309881122762683436427287763854710748974428593595864
௩௪௫,26559192772019331428244196192301795763373570439991926263056748834167851357134
௩௪௬,1794032863578435500460779549339118701223176905311163695079146331229410747829
௩௪௭,7147226692183030900520812302285139064445053548555521688278990786418636718028
௩௪௮,65744067882883238130665234848585866829437873599613356812823295264302715479474
௩௪௯,77180875822451926408322026389276446792468681284353655959254903684646517073034
௩௫௦,115420844817264884081735102519887071063997309276243221814970921248311888256157
௩௫௧,38900336202242878771424094930344710044000544917485244751892615338275514869631
௩௫௨,34699134934130143692182328381065877778009156583195892917560765941522110388599
௩௫௩,74253538703086118310617000215546602752882798418901465393896013638121311799608
௩௫௪,81590568477979838408139087486234029756944781577661548754670879715359068148792
௩௫௫,27560239540287223259302311722059213049361119999209066402471654157950597552069
௩௫௬,24085164424482888261237382063235969802393970151082671376570526918223473947483
௩௫௭,21728607147089432349952191112440258835842722256901830188401441010242162551350
௩௫௮,84257428134225949997689040742540740504675239793290585791470250045518097944964
௩௫௯,54980848345759195221879157790311739833538247202227627670149982471314312537831
௩௬௦,43815974139501034787083649601096815737230931524680170823049714200472405970150
௩௬௧,115561924149861778843158270667510738850987500687222978146640405373326930267181
௩௬௨,58737743520938890630764114050073985065131898639474350960641253758985784231027
௩௬௩,68916013062974796770082992773166541490510824251674795162669669770432759432542
௩௬௪,78543810051778653823496008027858934909005609654702533068420524469459212652709
௩௬௫,4513307087040066558910918293638903910512234622830781778007468197216045604290
௩௬௬,98483783459118407812779590113193175719400519738038786944693165025340804375928
௩௬௭,64381842755645421742170016315235141831933256481542499992126489522935799237220
௩௬௮,89788434878829179261164445712808241470137135101116643524163989543580997851511
௩௬௯,65386083903913254483069843373739730353970760947375520880938834612991769718817
௩௭௦,52405211285620615439910779095837760478015913162980622900249348516990086277871
௩௭௧,59062842833097088771830243889206153989216508548535631004271931589262087641979
௩௭௨,27931838138093602611236535524565657756914563572759298855107308556960805999738
௩௭௩,12684466963040242467627699951809453937734850908446251547560128173963121047507
௩௭௪,45590974148250171532706079554945153346639416857439210770664460721844930900885
௩௭௫,68342291578696945506855714635023927660497832635008259247360954642540669982032
௩௭௬,60318942288524287327876635425209460730475145662822744861430178763623764771534
௩௭௭,101695513263819100165311174774832424470255531109638591753576900951270511494491
௩௭௮,1623791713471097639598083918184669087436627895679697995040620443444242002871
௩௭௯,20164257086362566429699749551546592706921508418367983507871314984373735278164
௩௮௦,57488119395593648411742208637113735762334140744946665750462526329782300459430
௩௮௧,106606658698173143706717305582608562209972742847702676698685446657721867491130
௩௮௨,63136423729364005887169258465261179465365405694163656135551936953559973001125
௩௮௩,37089625196663210018435567203732995814392930864640263579024111083526361696926
௩௮௪,29635560277110305416081185789457212285709608789736603226401044200369017606869
௩௮௫,94675203367812594802894506537555930248630336092763112925557782585453742182229
௩௮௬,107591773159142859069533547060019136001896728555179738925075136090265207364839
௩௮௭,28415152076277529660232948374970996812715034397322432313898082442631710090976
௩௮௮,101572619216396373146164886916975893160878971935239744676876526567789489252481
௩௮௯,23281046869339845999668496090520162620044118174682175516812824927685433363896
௩௯௦,48329178683765919870925808411184209669368388781577899775136822403212263733720
௩௯௧,84809035367572782865985761696966431936258259717151599011388255865256842517836
௩௯௨,98377116268564287344841556057020969374381533789129055417203732340641244458729
௩௯௩,92154461911313135219215069449819614106724102736583951492263887623192690210366
௩௯௪,28013902123653180988883120302668578365985508920334891870153855348166237256775
௩௯௫,51016828138743144023233743222916197870036552299808342413469532196204219550947
௩௯௬,90684073160111694658993790819832102994801426909580553261929910106616110924731
௩௯௭,6284868528033695607376026985468449496867361280351497059033275364169238159472
௩௯௮,30281529301708894920447873640158718235907125280063241057492303134713230292196
௩௯௯,98982834228295631468117788978409953329293634943121424134749299320938798207755
௪௦௦,18738279403813115508784897464787491230374300792524209380836173860321428758570
௪௦௧,24801839857356986962478217563594172523590517916935828128372545478898620127464
௪௦௨,35544858631382368968044060064186634296484524483054253779479162349621457226365
௪௦௩,53125726062082320479475528116504019764517400844920912312573618464687363651308
௪௦௪,45684143389800275046185472614884602228481284316763182530569824189701493106680
௪௦௫,58406360979072101557038193193819119236352231981116360643706363100440293950206
௪௦௬,81966752945142939522089358317702139816673572835228530462964253827113773156930
௪௦௭,3747522995062846108248467570525501943270747120306371725071012613958903469168
௪௦௮,29529932968972794202720198670550850641745880802280252038960291647290905703739
௪௦௯,49486073439916384928922159506912813202005122529872557312142099848876238672265
௪௧௦,19273501150959064517494309013155049203891354156821174475301076634304527152007
௪௧௧,49771632405008021415149064061802440342013970055653837438421398900628503960141
௪௧௨,2418268291612048582460686863845701082853260320349247750908184403173649501282
௪௧௩,27540128140079710204391257001221300261629329328077628720833033694945114193716
௪௧௪,102940646536853207239876393243655274641800764161054688792432166061138085085058
௪௧௫,89335686113769528945163616317821341035191544400267956456735685551306758905614
௪௧௬,104768975702981143157352430630441223741966463475014971784391473115574618218875
௪௧௭,5144606303627797120274105796769674267982173096956128830938727374238636553348
௪௧௮,110958217853988289271247482509410341043041596988852025909506661283976940422956
௪௧௯,36211196035921349390068197140795492676431248978808880308546187236601225628794
௪௨௦,110454963946565404593691886532184574438444967983470786950547742221368809393592
௪௨௧,81142651431062796933946858171005888200006582035639432425236260008086263845653
௪௨௨,107943136356408181351004854225164958406869648134180724365529574755070840689763
௪௨௩,84047707776137048584381212208725943428664639863688150827913670900710197687482
௪௨௪,57910920641063803394355749762592740425911816930039621529061100626560245952099
௪௨௫,13523242272824525610817603875683406149509161652920287799038711968379105992842
௪௨௬,49913892124690172574032956512203949291051552775284949867853130065095694081913
௪௨௭,22359654475934733354235110264452981415968080174304102190410453359324131798132
௪௨௮,110331048273912449989714707793423476099300773876676789169405149752497900862355
௪௨௯,21102003607672510837712288201891307852464544144608609455503689634476580006679
௪௩௦,17617215029672000004702766664395221516370594929190509765886301764461623497779
௪௩௧,31214416518006149451552224148666962308337247954181022777933653785372778589562
௪௩௨,6335758086810564713798826511133244558056766913231253461383981033663432589309
௪௩௩,4920570926287476575394370777557384819930331615606370037235672768498894389698
௪௩௪,26084289677840877419347275053463001948820016021618102519146282126667692829190
௪௩௫,69045747931742833159991721921901309918530056766321582255933707064835120359978
௪௩௬,30900354648639398237072316143824174164050450326800941869838934305854004289633
௪௩௭,37060037056668076649448468627621973871035929381774598970630557218450332932816
௪௩௮,68500193852728376549946928659431562499073394017647403756517231112988735833429
௪௩௯,56026887701177780251632805981869197721464126560215841643974609627697528129804
௪௪௦,57439022522986484078074730609355034090143173811712749165962772826190610117155
௪௪௧,13958420604758894541083545078367403240820420881291861725383046867752618664109
௪௪௨,57172295005294741475394000577822091967035265883424969368289057471445010281830
௪௪௩,84686864990996949695661456792221318463575293088475224988200547095133966023473
௪௪௪,77059453250954731686689755943440834396785672188739761659465536237838549960576
௪௪௫,65122434776090506250778399966535844236082584889980047814459282063890555797339
௪௪௬,84138305431304743547572507044790475958631899826827018567340846728991840069031
௪௪௭,25342846386668638828102622516688818349216649760844149085910355925797974280379
௪௪௮,55629062937598790792138251497525816678890395204083672412744730147036026287304
௪௪௯,12061291486029701755484816861947881324185265552110760395894537797886273448520
௪௫௦,79738930112033237122317977110870792890144707976364399783912028635822752455226
௪௫௧,55419059060997712991967318775951054056113271353058707956063779276015683003731
௪௫௨,27321425595654274828548240348722600325902139345447441058003121466328426226263
௪௫௩,45620682867650842001927462487504064579867409716859976487922530113790339317905
௪௫௪,62583253608516831181095521370390752496839002079408184836003006036993283437297
௪௫௫,84897627045473462272712304587994044769720185305692355765529730545228313928591
௪௫௬,65812431501395048266820370382243164245562345486284799226175297946017284505050
௪௫௭,100772487433418308044582302858214596621000008385227288101956462602854531634338
௪௫௮,15153010825630401980452852079981191486243802831892458015219009902918829543987
௪௫௯,86846561873057090784956474064332582301202462298965428233050841563146869049710
௪௬௦,44020915284451603948640871969081787640145725698252886437549620412759970058182
௪௬௧,76235217324233876626084330115764712466566691442513305634544635334773063132271
௪௬௨,107061674495459630685031620883599215689284087600954892952813953073497159724529
௪௬௩,72711727173707354500648342293712557757538516126734656943382447776734662505748
௪௬௪,74453526814352289968980294221231156234669350317813949864558374187260364469103
௪௬௫,48109107909038401789201793301907043780738972715078512022266257979345290384418
௪௬௬,109729466644088497634781064109602293729905364671936423565826917323591024020555
௪௬௭,64792249757790487790080150843684055699470210710996803027693659540654043835179
௪௬௮,80387422522003689625763414361865479655700399320907623656247717976285615206073
௪௬௯,98084031148967440996368657691478846308766377656068311228094067370315821551533
௪௭௦,79258380653374390170450047887018961504815811179320615095036438235663948000696
௪௭௧,27272214321599878338989480437791359189314572574980224190906729225042419676322
௪௭௨,18565024584949462043793560402646032105189755458961224810049895137787730283567
௪௭௩,73791418564443482914206504302211235890991140871386812574180160452590465771304
௪௭௪,20655978135672071266872043270455786862855307045224631815793590265061956130263
௪௭௫,30377183565198080512903962013144258909855303803444017963392810865941466718316
௪௭௬,79959102586894332974573347684327927243454774559400425308351740817422295216644
௪௭௭,9909801067187855004043134877193908762053641442388401809839169511582834224382
௪௭௮,17362591971020529995460109770730721007661133396092827387954981976774143126289
௪௭௯,29362566019378890408098518196957868141537239002428241065079045563630308261076
௪௮௦,20159629926031041482905987251069413797741844116120065946802100587630545632971
௪௮௧,52239697294157596736516365142356602670722759998306974793662829627905170553576
௪௮௨,37599793062454808589257459404596883459542094304459306430172183495413555734980
௪௮௩,20304818559064073910175208845028973850011735236876842995943549734922032564165
௪௮௪,31884884572902047146328938182195378011418651176552983584986287199457523994282
௪௮௫,56067012461030325327244785971890104086844093619526444036049124793345262731916
௪௮௬,64233903503008272384980900927291253290555175999156780427875012072696924465946
௪௮௭,96902376741464403700831344953200233946023729281970480281154999291756332337779
௪௮௮,41040491020389270737287706126896541862033934462273321095242473781072730318942
௪௮௯,29756270440326680382908998791597355308378813978845632350930153067477579492087
௪௯௦,64367226048171144650565565486465384140514610762112776478826522655820754893685
௪௯௧,12406688137199686585006233934696350077241061253935114386643722126162692106888
௪௯௨,51285931305055850719161025979839880843024987348470297783921839671763481435123
௪௯௩,8616834321070852624437802251843833221081624594224839050501184742289797843415
௪௯௪,32253781080795505132179588965158877501475246507676134885297368328920128515249
௪௯௫,83197825592752373425940233448269257214883405268792241026322642158527987945745
௪௯௬,30473907673815949696823569633355270187184170211348939864054263263912600439478
௪௯௭,26581119941747614723084502020336958256601321009120562906133984968698801333881
௪௯௮,99377724205583492923492979942065396364657357570333107264209890796319059722977
௪௯௯,86206446060232653599161617739582441165342845680268190944472158584917453788765
௫௦௦,96471446457551417995548738582372921264252653490993025262399357394394026034201
௫௦௧,92545391830303641297849840753499418998586174854414094315866689965923296901242
௫௦௨,132497594586279998236426874913870173878789353412101832512240901967492607442
௫௦௩,114734543245831735463162750619361455474737654027344207295114655408888136979216
௫௦௪,109600605799843285290204798202340760122676861272848781704710943011977415086563
௫௦௫,54603296284698606589378343444167695077741708372223942372797678080068385373417
௫௦௬,38263983708494268284649273710118729567350720721471195949869296171582032036073
௫௦௭,27942362599901986848449388347135142214275554777721994485163134391231247998058
௫௦௮,25065742908951292134268179280950335207203387123407409301042860291245183738986
௫௦௯,112315621402235632144690644274612715176640558189129711842907373073089811167413
௫௧௦,85291538017305749946908448021640699238274043620016221875454275098305606900913
௫௧௧,53355134600601630209133118565680152377652898287087031828084683046643530264024
௫௧௨,4561256808621447004828007306568053901782102811711270665873197765031010594411
௫௧௩,83473612591829937594363785659503743823613123894874815356448685411855973474352
௫௧௪,99960615823323215197402468600805694100013730139574237939569266784379285370687
௫௧௫,36775279807428715630572022983044972761328102599030959500628360599781404053294
௫௧௬,3134937156240686876673483986052049847570758407025161766388755186561670955950
௫௧௭,68223453557328276144809310969675669362490503698404611103238080445094321859302
௫௧௮,76968243191555631272659371623866631480224695820323246048732585237837290751946
௫௧௯,12235743654285018889760918651745380675260023915782404065229385648164707481210
௫௨௦,63487003051200949001615923808792996506326269188357461226532470175310899526673
௫௨௧,39677654671357928315209746010270186916572675234999406894644902967527216550005
௫௨௨,97162483604725406755261363369914851345350237057825298120536000279389369958280
௫௨௩,95092124563569678363991567408580402910814959610242200761838957237285101763814
௫௨௪,6900760749280250563727422329154940201689879460308144039870703928091667015253
௫௨௫,66020730159765573797269273413894331226544943461985457793922971309801625308470
௫௨௬,6263486605126647336210263499420071501904070283474077930559037180304855428438
௫௨௭,22291429151988044562331292476840943999872469444044911416784986631754429954361
௫௨௮,31075828167662653027094539372180517992797713849624478799968250873566671538116
௫௨௯,44066989945388068103577110110419151143656253127557986449167111203527111970367
௫௩௦,42750685590826965279835586974372562603037382187775431611890130956804066320601
௫௩௧,104533292909678889045497639420395444186679812654260484223339726577806875838731
௫௩௨,109281859378939311458871528208468590735095898848882947858723076685481146547644
௫௩௩,10827980758943611440349622660590256641333275672942463513236178488259618735088
௫௩௪,39939668199707352890313299940950292292096747544676125885313342479896423080642
௫௩௫,7622678218829021708964001384475878961761087585773541815241226868744218698592
௫௩௬,23824691264314101002138544247480028880213419115431588181640230808377722862912
௫௩௭,58511156326960490539233734408590404289074251145589183295876601396011520226728
௫௩௮,75267543371742566178342629333020800361361831880675441200017846019862671594363
௫௩௯,101540101034306370164027182613490961677121709286921809631512521593432554725309
௫௪௦,67969010682322137379456168865053594541575216527272969065046307607616947112338
௫௪௧,8717947232580904315793040422506667529091472152354901920125840400123378951508
௫௪௨,84976214342806841322977294948632540671578240642442415347783490534203528420543
௫௪௩,98904942891428941325255034687121091518751704640875655722631745417458950465492
௫௪௪,55081747879833979038141927499634033883072882406235058962406073266842522124419
௫௪௫,791665337105629291946154886803855968970417738965414645367855469565578134870
௫௪௬,87474697843621225404075065680722288425499799313143702526822180085014828963964
௫௪௭,94421318045355048209692654296404156929449219445314608117266268346403879624151
௫௪௮,83957477195858309051518286281237514356259511994212938530075680129994912754734
௫௪௯,98436791632735038470490063808423221432104238975501341997739801161302542790971
௫௫௦,46495778459136868436944672699618480330014441536930331656890238557780347395770
௫௫௧,44456344923493314774609136957512816643451861185140110793256381633408773592262
௫௫௨,6231525676105944318585949368246790601680286547641348184375257482809627570239
௫௫௩,39519804362940649253608496087997922294761921316920236152486154229570378151587
௫௫௪,111619806675219515655305979844248212095115196665136038204447712926519182565417
௫௫௫,43842549862820013582392480613477467989296771277129802406905139514925549958648
௫௫௬,77999335963605619668573907830854924639617657780247616633120950756816198014291
௫௫௭,82530841106154300958944085715200981712937145061466542090602923183793645536507
௫௫௮,51969503035241944337823486308289741653891009279741049026248481147657676236511
௫௫௯,57993238899657577056065237820848430746955455643310814090073711962510376765767
௫௬௦,80469926983607648173959937939602911058054102034946421587140726938845164230124
௫௬௧,68786389291531223793794191106271720257025077494979526468857646830066113991487
௫௬௨,90655887380417941903652962226020946559815729885011736831136782174666427405569
௫௬௩,85654133518836990715913540025949662015909118813664843896955288458547254547832
௫௬௪,105572955165612378585276922733415175579985415978379856449877104101869381006447
௫௬௫,48365214774262231432501958453336512865313758192837463696006923833682847483336
௫௬௬,29328287104935758094285794667832205190202360887398488273775344610994301411656
௫௬௭,74980256780366875003223891145558013753806303903208703284948211308980434975017
௫௬௮,88807598565377117680235240036143878766772246625306083787014041159580253375054
௫௬௯,87798296138894655192321893533744656615774806677941444528161893700592388607829
௫௭௦,109966434211681670947257119104473804993881232790144948973958426327639761137337
௫௭௧,89810455421845320460263615323233968723918261030068279066072132128771101714972
௫௭௨,73245154999370271565747969405668409851304384791525060469719529292701914157595
௫௭௩,40563019411131116750452921279672174213266059271909991559530491522000909931163
௫௭௪,64550618243979401342540569788491027184572234871395856181216334561156983076013
௫௭௫,18338577888238746261389817561963043267941600365809930332020062933439602490658
௫௭௬,115502957181282663622140615545139742524106516719863504431975866419570136665021
௫௭௭,80189017773973734017460136804960329161410300378428505762562881768929266799678
௫௭௮,82704326028625536274376091438943284728161058776613843465851625519617690717278
௫௭௯,54924700889554246898637053900520922103088697748025099170258380891927874244948
௫௮௦,77452112979690973244900680114861197652547491029630417700212770226733499835968
௫௮௧,40963200283004736204740116760460099978376034485810802395385842381650281785332
௫௮௨,57803307875302157141058373800395520318428761382299383728760338147609875141547
௫௮௩,40958821245069449624423494963959212484522433431486696399760873712426183161421
௫௮௪,61678349765098133775441306048740993545572146413150588808269234295848993267053
௫௮௫,35163985568464851088327629443071237332713813095370703515871967113323481414746
௫௮௬,6835889218823335546764733157073624424090302430159662932590857071845845479122
௫௮௭,50324858590911757694008130306124275251432119316391391152657114573962884731754
௫௮௮,51416682590561933849209604902288345008302311724410730438362251703998568063769
௫௮௯,8385090346762702135843851757532937410236674165766227674795342199596913101748
௫௯௦,46289668809184342247061874873592304107200053861959883597398384443120984136397
௫௯௧,11451807995776890884463378833287147657675188527706152103944276754341462839339
௫௯௨,28783892609867665820597941967164871077993257452200292278084062538943263699134
௫௯௩,108660914153132281056227224693901116465115207936317967352032363159308920270760
௫௯௪,96066461867656005352447783288319538888855047050183437335758997277181639922062
௫௯௫,28951253591018588268240018369433325456202455242869718679492878721583364754844
௫௯௬,36177438899627020337420396178391366837411534947451478547886714817424907716773
௫௯௭,87951111398856573977083453630208855445485978294776249621887246985653782590076
௫௯௮,61379812278500738718711492387811504410755557666902677622442359294585398543946
௫௯௯,75465278119229799225220348638961972715026593829208720134440920721598070891496
௬௦௦,59275464397037236655460789731521009775972590980108437637482372747256584229417
௬௦௧,17260699965302684771616972405768907930691015008906322574608122955734005340699
௬௦௨,3803967498019061224110829951390024989258793264034692500783886382288247973888
௬௦௩,92255673255278749202667038171946805836927200667067900789481597964280115300774
௬௦௪,15379081419560459267971500061183330557015442477790254354334902828665454420066
௬௦௫,12909645933501674413758157402740270002313710305969251501552540190949989915686
௬௦௬,96858452708465818644919735562373631431451904101743129268954552102513707947644
௬௦௭,59617055771507546738533690148782772032965006912747469983959681020359889268178
௬௦௮,11520306549178285667825193596653502670102528237554445303361392841282426311078
௬௦௯,59025608511937408681671884259201353624985826886565548598446460503359262753729
௬௧௦,98222104304107768698541722012888181648353214684901212440124187889653204876268
௬௧௧,41463332591157299490830555010786209283658370595546174965403207646983997704748
௬௧௨,80743602439209063955419970990045812650356946090798908479165140302831163064526
௬௧௩,24064923250767020573858893145914473110308717362334993074969051480545421800856
௬௧௪,89869520576444509112058154860173001199926776110273987964663837385859333658759
௬௧௫,52494527006910336838428598814853729996506196371919077881102151397555576603992
௬௧௬,69354786880435567232354276003417253269633969073083729334257454473828622585632
௬௧௭,43197459833914508782561491088541011009011855473484871396545738084438748224992
௬௧௮,44700976942577396421148127110867415522284239752122999791653914738375753659861
௬௧௯,54683810429368465930502570327750013135161463208744748581670249485994986619227
௬௨௦,983341720154076942042189200704210033648791600757183867893645921681887313212
௬௨௧,98131101248964719365325739056296574074071941571952998339340839679727612489946
௬௨௨,10430971046468908172136893293670998643604725380464404022418810888166143117019
௬௨௩,106996521756704591096936664924821599062343824554251455387075511703028315746154
௬௨௪,35848763652659318636570404928467780423711384842903246565844346319239858583869
௬௨௫,68632902204624198132785500157229107306126390564322190438914702811943244097962
௬௨௬,4102824640233731585824944707856356083932331775513832279347015145488487884907
௬௨௭,114654173214769646043962653092625329590580381426414096301959723954829041799234
௬௨௮,28900033771638774366244894877742563588782186965355760762898506860406542066983
௬௨௯,73393686172562237443046878750679283189568556451885170816943080182332125841245
௬௩௦,115745976679287564906192626394593102390825687648929415868506086146767782953732
௬௩௧,3630792002459403925285560495370776552692638280182612682915222619221264693659
௬௩௨,43374608016159572701778641234512393594347541054390797710025638681402741655883
௬௩௩,45441171558829159048696656861271676808483620002392759267143490426626391289166
௬௩௪,32993885600663535877727551732688631260667822994556465103616705882119223631421
௬௩௫,48139392981840483189804220863898131511306684072090820952819814196195022312470
௬௩௬,92631365458089659315471134824389072633730773246142032038553669822097432820663
௬௩௭,86800125223009891339020747127926900440764321069765723281593791663817802084810
௬௩௮,17618357489123390803673356947120963361068680728358254406667963092343880216969
௬௩௯,41397568577135861245693403818303077710386440983541217447999145913175794660791
௬௪௦,94083949987812749664628979476445352325807626237116659091014639236877062810722
௬௪௧,111678366319370247401585065632942724831457912078141369124049769469975519334565
௬௪௨,49024724747155081800238360699666691394053087971515944491553986485625345929490
௬௪௩,85471630485161177757662320012663022898225540755322880690198643067316389454518
௬௪௪,2074593252538346328016893175897042351379993019104267424457684447303543047756
௬௪௫,41125811788082506913919165059527923481887866808657644749196179573015617526657
௬௪௬,10871519450396602849908134611380340433150983739322697412631780055215401655562
௬௪௭,67197477415669339438167538961305789776922985235021495574675879061324977293933
௬௪௮,94839091231610424299453346287855572283169763872774827603621208514003081407562
௬௪௯,2016335766301659386448918091216595835451336518448241232237157908304569997195
௬௫௦,14690458132671674582129024429173543618915278775849033756938458191267057604419
௬௫௧,73628152117581062954919227938826860972744252643581290073151230865228492752727
௬௫௨,2484638733505657834748612461186893873289254857461468380049786834012363770942
௬௫௩,85125935532105639024597934502398968595033737553400816703614710768423410603832
௬௫௪,37856727989820836040799032042324123790656649379575647394941054356094375118886
௬௫௫,58926459177531695061951993098428983667823126253846601861177778547129849534002
௬௫௬,38829561343272257863119785008868962961775406345077134036152086674788064379292
௬௫௭,55492124932017225315819721269582659824717299549516559366253631836719713353390
௬௫௮,1738447523232814620901292163642220791733574030731328817261437308666942263845
௬௫௯,84587785574065572809604898621381056099808727137707952531092383860049478473523
௬௬௦,54910116527233406723440354295262521388977702274234435662257392167510728275326
௬௬௧,44571718884066619914883565967875955068075610752782406180109941971946537588758
௬௬௨,73390814575153086931015050966097488531013467890471818869092678746740771444348
௬௬௩,102974812827808977904320561511513416510955107757196920205766564915461374114124
௬௬௪,49747459015153928431297964535462559807483668194653092093841674374394030106509
௬௬௫,3142783744293030848165532202682296505802609714561495974845114569720829236339
௬௬௬,2651734261910328101360441774633483890415123896436465418692988686792719722410
௬௬௭,41594129799103715094134798628587567677134245781543589481730332921314414942979
௬௬௮,9469821520512279721300645015278443279169766671178852356335596582893687623311
௬௬௯,26424862979807959887151253333012752841110274864659113390940135330190798885795
௬௭௦,47548644368986988099898682489037742465361554107961261793772243344472721381974
௬௭௧,112668210657767431785754133353327881624373303583728066627532265658730054494646
௬௭௨,463314477739386008916098700658793160818864333276955654060065917142520358384
௬௭௩,100008102120978477864787986154516066909304168332263240852389855634490167403021
௬௭௪,101631193706270092551863256638281602711822431320917753039019451588871876993945
௬௭௫,45039811430043647534024502266152150958299801640953695237838665394167225310600
௬௭௬,50601624504977114250023989178292054484440303366877604839823563724160959137362
௬௭௭,63979668988994850076912647634256338056794955538856636376496842126592087613741
௬௭௮,58018764473486150461269871243826003161162284308383186500345274458356789814310
௬௭௯,1621246075747841093879983998151297825043572172145174303149360201981008842816
௬௮௦,53050560239388990899108031551946869192105701989076724363389580218206400412766
௬௮௧,44397940948112996162470051582449246194602660015492432537401796245145269641804
௬௮௨,64701980206601592423152366072026391396972476793955866860036570685688706314535
௬௮௩,29665499257444310250645779164715996200047974879449255295928568817707134005456
௬௮௪,61566095860339357827542923316983919824447374095529474172721419918241400992375
௬௮௫,9106198677291163055181119017605597982699754228313074807302096181850375987746
௬௮௬,42657542460630929813147364355481476505275327802407727367462337713878733028895
௬௮௭,50053384127737228865974765060043714983954459444649283830017652507188037339803
௬௮௮,84454680091670536317767936428738480832654613697860137633891221723683515065369
௬௮௯,66573642884233007955488869728741748479525194004735302500760432049295120535903
௬௯௦,104340488148829327993907161784192950881879812594108522161768161565321622001033
௬௯௧,21714526525806215987678420097191777296114359033843010554920651223760787852484
௬௯௨,113542001246917037204973284485283189131069299761068893833260706564835635349384
௬௯௩,71085200137501482071570042918087478796299906105844922540114814448649083357009
௬௯௪,99442236575953230910636410694026644949364141307867839589740976899313659334964
௬௯௫,2129191490183360116432041434790196216753030434891104304004094724410302990176
௬௯௬,109342551007238142493603309773763209614097255610220860220861581018997313123061
௬௯௭,67893694925386425494730812595491827893646398003072745470371068895789168951668
௬௯௮,59340290438318350551977646468227852784863316895163228814035737534858415134358
௬௯௯,59520114000057282170910598591986923451295250337949470963388449994186116797642
௭௦௦,75821781480566493569556078331175050493381471534470390116694242970342964477890
௭௦௧,10043753034308543203614788486177072876555522155671448630410244088040150014177
௭௦௨,47479470031395981976065577821420605178961843399762783845785659901829181538056
௭௦௩,105755716365517811366298760694486396941664872475563693404818092856350028493952
௭௦௪,50992779798278609194847426114553648088815208559684930675226788514663142295587
௭௦௫,13738580360305716361518757245312976095195596916865368622855734566497456567041
௭௦௬,69044746704714134025865611180363776326371875405466030731842994508429357140423
௭௦௭,89840996626921353807105745244580112647951763592233714643165345920866494834041
௭௦௮,41843727755537947058646729036853229935686535686979110941997395786142821698362
௭௦௯,66121839420164630082427328876234891700384602285038338658361837295637879509294
௭௧௦,109971846640273660526624530358985168049813132192162359372698254361113976667929
௭௧௧,38711214370813621981003499754901268485677252099455516120453185321317103790498
௭௧௨,94187111179789706142279553663999933283566407637149085278332444601677692977129
௭௧௩,35637313219441098983373188934991158629188650644231371144402977566366619429047
௭௧௪,98703058800759638374330166232346566249081736657605821366068285034002353600252
௭௧௫,57493963639346936481137514230663057471209583329174761219003495615629544766269
௭௧௬,12510282809730863771935597118888867835080639936508562830264738955825169405258
௭௧௭,38909743792888786741349125244776377412961079029962557331201895659159616018058
௭௧௮,7060072067161444423139435438260730852913937298361301747613764627176215166188
௭௧௯,44898623556509272797658462042550907232459217084796448399929474061429075697337
௭௨௦,106102740773621782521423927002665550801033084073155584397464944141847654066958
௭௨௧,113189644030621793469230847505911158167202416993907182267854829200876814009552
௭௨௨,14316179578270460888038652093978193072200919239398793006413720643535062480137
௭௨௩,51647025398627209241384855529289414438480904927944633142328082770166981906723
௭௨௪,44277464818654938258949987335634821395932300865961047696804791055185817709104
௭௨௫,16252296164728112327277961592247796948392258911250583765135819927563029986623
௭௨௬,77153785997311884451877078213105279479912701595059743443081269005199496661553
௭௨௭,44601213060706942821614906580066322980415937019215349026847036571157214620901
௭௨௮,10784297367385824682506039702577358410913700497561688107689182229664995447341
௭௨௯,45684993883140848508070001888374381068104204989153838010769566630632054473836
௭௩௦,8015891549113248802386523636634277849316855917474394575607554378442362257337
௭௩௧,29803004368739016992167131830150881501982818659113937993719894193832779632294
௭௩௨,85295401469726571416118791737077131141280109032043032837488238651193011994508
௭௩௩,19939569835922887703197896134719079190592090030303250932222222770886258861552
௭௩௪,2206267908718824258917553078116741558503007843249163703012100795551233787461
௭௩௫,110859021571544955715128698703727343075971970574959520383115172950302467536775
௭௩௬,40037524728984410747257612983020738396107633483224451897809997030166481643266
௭௩௭,4163265683942921821884302399038420328398512675854795742140990923190071246
௭௩௮,29552397915742437170189051374117214425281716276031740753394849337218999004083
௭௩௯,37233777854957668766562904567735946771652171894966309414988945901929235122302
௭௪௦,44650099502283697634043871651877541667368950209129908357958686301603873078533
௭௪௧,108932753692238910186036254714999230542980289500992676534293481818902219480459
௭௪௨,38947261951035685062405631488238972410561781785695625614352981650109838462416
௭௪௩,50394116373369464131773912149564168431216328690068453878883446376070162541916
௭௪௪,41739097314312120106463829613599645118279508835615379380441475404280362591195
௭௪௫,100119164849381770334354076421881471845387628328725573208858885891910972768905
௭௪௬,35286791764714374115395413441265600350756393769121328223133731800499645615717
௭௪௭,75746554288030941882464775095544786625440167447762235676227097769604550527757
௭௪௮,51225979495034957604369942736829482208564006390142216115029605655163617812981
௭௪௯,89916458280672669217650464621192673258629687471623334294257177722977012770609
௭௫௦,4727725648418417790516942068852857121225882479210581208229560037647899341805
௭௫௧,88037924960786632862551887524058815357551603867684855264402077228510481029810
௭௫௨,62309008555182555340585996542404799628977846092770605086490533891990718042635
௭௫௩,95852337843244723082152712358040641975162091042653001403214002560370798638302
௭௫௪,34609447257520697661894814959040791354551656957422839804262236591219062990148
௭௫௫,20873735479453575613237476339284110280286272756233184232243937079163314859454
௭௫௬,83453825095008755371691965066359385926630800511870032610549735708335101773071
௭௫௭,46715612797414908517315964778499685930021223892920187770912253542396501773321
௭௫௮,37424753257553761669471432702496049900043364174357258584663563410894201410800
௭௫௯,100593909630252340069214777491719892630075137730903920486469226472944012105664
௭௬௦,104614636855205340612724223535975077310085636340165970063880803721045130531461
௭௬௧,64952776248523988343572176037647490064767786100382802421121392217463456722856
௭௬௨,94736691866635151940715307247663340844574955778634684204199136486946038009088
௭௬௩,27268539040661500613556651990447255463529831978714581042280696528832695842905
௭௬௪,40620259461590704908206256107861619258322469152929575663777148710983235916535
௭௬௫,43514270611317477991667152010635280605390933511253414680921683464337516028725
௭௬௬,20989030491354775032202902859412956728442955420798899531861922822975398956248
௭௬௭,45855640507178645652019764886222319447718059790821012612785562118894650002813
௭௬௮,62023330156581383028685205739008730052927666189148790305450032155736308160812
௭௬௯,112279993580783464176019997454215899435907016046743903321584532888342746067168
௭௭௦,64846096191059680903175357537861612656070497142900235249222866064145807059397
௭௭௧,113286009179471657195721791167314630412211061923761055041151760004087316712637
௭௭௨,11517851594485861967024010926456133171813261509914768095756191417988106375112
௭௭௩,95378049460534925749753879916677040443427407922865534379392206340368588874893
௭௭௪,3510027383966857116635984231029649445838050507805934805183625718274206408865
௭௭௫,48949889943624497910533045647860629738340848599627055136480543929912076184942
௭௭௬,67012633005469641310129825718306165827974526776142025942659105547235168283692
௭௭௭,35503729741148636704023248573866975238750783470422693864904718042804865921688
௭௭௮,69122419493822058886018872456112411534620677440343702984159671051498083901516
௭௭௯,51302114036821027186256503848364684517793391057254187636992803169321900130322
௭௮௦,52224775814398244297299068612212623446473585697820698220080902051189624814484
௭௮௧,69896131420701222986045331428096516185355295547960796315286451473168209943751
௭௮௨,94528118179186777389288336381897925052586591814379280318725141917000788300029
௭௮௩,32736956028876842489534875616854564214599963905283640824609481902461073292093
௭௮௪,28724856041968803436488732207164683202343735715117776586646737583494266345247
௭௮௫,69014676301917302946773815758233545621682636858130167850854938660055876007308
௭௮௬,92356057776278214069961700329127907797218269605833282331168952076520734361234
௭௮௭,16517501657035513828820326189962283503070743037726301492855499430591160087035
௭௮௮,30374464942071999708384392600101274104538586439384875233781425994882656306457
௭௮௯,22390693947212160398216244063763907552069258904364940748694865127999483286012
௭௯௦,47205156819533268642301547163452528779647753084373298385320241479608231782520
௭௯௧,104561904393828891404143841965203502930371298656651337389332468118715303229391
௭௯௨,68913464219749559560845668234377637179124362567490231142951771572067923200596
௭௯௩,98489919199003142074373257036977314582758659857582199681277258684894778304246
௭௯௪,110947274821460410391965043684963011462237489829748817369676278568273921114171
௭௯௫,91156856274551024831708010288856108447934290807078428478370796611649894364745
௭௯௬,67995941580201745672825383865130537937551915700995795510472110295850082623333
௭௯௭,68512039079230126744892829301286410458115129769874607639923546984211670336637
௭௯௮,94132785507561897864826667181166590153560613857630553560841933898531358614419
௭௯௯,104972918804809692948209042885272095745431384823638276747907993186444398551838
௮௦௦,89955355162672079815326247145034975890544401434867748960679268936651086056808
௮௦௧,17607029364609037624082249040453379561663489373118876427931018694133234094713
௮௦௨,40016932516302877316297659402831516122413058797379325076032137798602938082759
௮௦௩,98304852955524017889780046004058131198502975559284116287678793018059129576442
௮௦௪,16953326888649126694187423351979819606212646896842434423508358383624615279573
௮௦௫,104339324657846474004464295365033975404077167756206950866156017442859556762091
௮௦௬,34536911843831587701027260084805578965300037661753516910780016688320264807590
௮௦௭,65729239412004406568871379442813213600113959957517893009697232806883632321362
௮௦௮,87636000879782714369035478691145743062800497294728245878142759093139793470121
௮௦௯,68563949987840614364362091516469927363107381211874499286496253111889574236650
௮௧௦,98873776797690061473957658568117344935401842014575429514632464202122247497820
௮௧௧,58319643811409436974186946139791042521168388013869203947554658927608451254177
௮௧௨,45823741123869685221331560014439802826937652120837360698396037518754514436093
௮௧௩,72435831305406094255305985308364606927274887984408036726639942717224329163773
௮௧௪,88182871393236845247821675410055920440945837114089618236552412357764574144464
௮௧௫,41131556450582692685679015845810475484123188909092709833162448591345487275648
௮௧௬,111415789833031679572647925230471724847386907808941258686523082482515209337289
௮௧௭,96386772913270277796369451457102146061176805356509078019596745551396104518231
௮௧௮,111851084978729032811027986881263569774373899153840277675197476523386433416004
௮௧௯,91395261597609574460880028232356028561332700728608950180004368440034656591182
௮௨௦,2394617280899951033068873279685578587448155960296226962910364650183473301925
௮௨௧,114292603724994645531318605689136624709833234154648632860089681324676310622465
௮௨௨,17042231319588649966399361803914471246225444140598402583847878102938064660201
௮௨௩,25266073404395444261170317398019987763043603720791626273015917776595702635362
௮௨௪,35847926330263927719068228026552418395142609747274210171594847122181951532247
௮௨௫,92177747804558790404591440426314491667883990844842477594203145755059556875039
௮௨௬,60954841905559595873869087520706313321333965204514009415527104494816456782683
௮௨௭,40468023246222040649395732987381207013235688685324904739100784679004417833467
௮௨௮,5963465858716378448485268893689285871524202189651534419897394507965875908487
௮௨௯,94611437501982547561533710321598501188225210871507583885828240237262731048358
௮௩௦,95628555202988463439855059883567657747424219415085315253781101089955825012589
௮௩௧,21294798772232889936372620008761221636729892831291960295225996029292206031773
௮௩௨,107704232802924535374025029132257022249559884656965630325214919857666983352624
௮௩௩,62679073814069911258041204152146909642347015826496584862438935113296679063396
௮௩௪,46119419680896832854793009194464119863274799014526101086015201891446476610837
௮௩௫,111205558667184239014100884952626496698099259345006498955994309081045932756236
௮௩௬,67419056288718656929770322093296904949098671101614583991281014852382112644329
௮௩௭,49197355727814524536122741985006616980691887811774357375605532234980660686161
௮௩௮,104704602495813153424206560007141337927724140857489835747940986774381969631628
௮௩௯,17119332414008849542096667760794168108846121723380846774042864359300452046787
௮௪௦,69542359444059343253932988717079813071781100774482737459377733165870516574151
௮௪௧,45263732546474758265368461755165839009045117279873634046467971736756283848530
௮௪௨,74052591160520293576230763027978626556471781034508459710505716340352644416821
௮௪௩,88797263683754082877750795791141706459955805550173982439164456126432303820705
௮௪௪,90331701300986984759796410283796780431826664055098174147497300862754943557717
௮௪௫,58523705672174791238374592137755652941637829285431501832268788451166870988178
௮௪௬,23263052968599614524200528509197135629032753300019426798673462104252195214362
௮௪௭,57786395296620346454916506217398874266363706340356019960521717241991419358942
௮௪௮,85224971190650181377485717735075766138171476435588726750488189998771733836117
௮௪௯,59102593028855926496524667498934394163575078431883268943503663443814910614758
௮௫௦,61814363773207666351171137646011775643401191991077369686985434723506467971977
௮௫௧,66818298183218905279965590053823369374643007008756502654618778037443240810676
௮௫௨,97787773677795460793683057261743348269545209678711244565389607323197608711467
௮௫௩,1021286923341171955297485089041697613942755338514298600751208135032641757933
௮௫௪,94357002985007701985257671377042264700926478865684722417045799809461763867887
௮௫௫,114850957256158766811047622367008049982418497314078579715532029874186187580873
௮௫௬,1780644790602164547604812015546285864378241756206074884479727157319816720109
௮௫௭,4825967506465964153627860520092243444431813229530795211158030347107995962649
௮௫௮,13591557078668827662613964362334681448865107778808823174921404155301794783293
௮௫௯,20338331716826263037552379732665111985579404120403360507652387667634582729798
௮௬௦,110123873782115131974743376936764617104458731298687521162497135206510153606561
௮௬௧,66601687258002213654990189699268534175866769313345575276968522572428017962279
௮௬௨,78650388014011752669550851533026077919586591323651065967966684424737746101907
௮௬௩,14231172414805484875522599299809057536225718235122786926868279953945158740588
௮௬௪,46354631942942370522719522449879310416942207503488507861639266219990858370042
௮௬௫,55306218506841405914712937618305714727332325527000937792588527384358407575283
௮௬௬,21966346902324505589681014066815581719380054058813582277186470437201107853491
௮௬௭,15284549221820809002874379511236654820778932193627593204437812097331967269206
௮௬௮,50747373138257796754929885802398514883846190603404582445667993891623233578481
௮௬௯,58815726369814665927360014303567795998511395350616582100440618806192173604087
௮௭௦,91562341863005194875439533543299982186024456533662902114053965403667805063652
௮௭௧,57717103013547931899783432041409744496571000845376149522899252244471821784766
௮௭௨,23015558158349981287154412527942616147592189522746636968723881210504935855117
௮௭௩,104500088212385440520997683738400257982364630733722133338947643057998794428462
௮௭௪,71004415413063680125251051709577947700336072729038720652001717511494926057794
௮௭௫,100298359312413318570886209426492179287561453650560815135387620391499221142373
௮௭௬,59955129553118598600098855593405710045213424578009736448557539427373188800184
௮௭௭,93374861931823803671471252700972629044911476324512023920792794973848507893840
௮௭௮,108390077453373254974130994863228832786251858790309900428105856928884654081579
௮௭௯,9792606498976250182835138211860303246577973388010015217392190736186879587583
௮௮௦,20430795510156943981837974035959093893055502606720311157992798568628777886959
௮௮௧,75157598767940518785641236087652819178685567133288813234268205155481836079237
௮௮௨,44390216140749199339366180636296495224409375888810050008580273338385776610008
௮௮௩,46698111736263141895796949492529235101212796021286757757331888306272942128523
௮௮௪,54840766308451284395210397686538697569081496406841242969836615435823192657140
௮௮௫,469320345505780281481771677866399974907918984944191709951045596627920685197
௮௮௬,102555626004976739318472106357328218695991316265678585670919807517275784238780
௮௮௭,73459536693140330958296700044818493578506395127822595934096860539078003366860
௮௮௮,79746825174788078229550092178377928944084243020573547424529557207636532255681
௮௮௯,42163345202543712380584294573380467629442657145025264625722085671412349914919
௮௯௦,52460371117397713474757023023559973908619822952055395791957756388079796516784
௮௯௧,102544012255581118297680181006954592849415352422379644033845876793947044204490
௮௯௨,60083506300286059527363479988827476136914697477687206267021391524867715222011
௮௯௩,3558988413859449471348592921208763692533084971497212406353209481683881849755
௮௯௪,22518805179984128711168624274652346233729233488899064276020671921576771965564
௮௯௫,22381375327605618437636567956698040904775935288112525369740623517350237353322
௮௯௬,40828363012924216519479950344791111929894578958957250208195547008947184814446
௮௯௭,89596180224940311894003988749167874349910059522761576319548237617005573523121
௮௯௮,97590404166938396451149189107229444661321796801272118882941715025101616611973
௮௯௯,16624489925294070331960402154389243016670238336578581889050055681322320929535
௯௦௦,9488148104545885700498064507444359445549839640759101824110505536501944884724
௯௦௧,86172632722254434815223013754017613210232766470964932838974305236565869760885
௯௦௨,3063836752323492286667530722409945736424357727729739494873330101535533595371
௯௦௩,33587193099054174418378599220186441189020812872333030533002011799448775418396
௯௦௪,114747137609237567762095401395144114639062704946315711664463780362274326173064
௯௦௫,83188958478089360492819662498334555423478849714882147447230001059262454266993
௯௦௬,103363744112445366330946520934957880204090934993342671523221906797496168662686
௯௦௭,30393695586279796453422148921322623294903735418799537017813673584341308738896
௯௦௮,5593419471526374762993193118874680238865341820007524959451823816798778323238
௯௦௯,4688729714846453727501277491682835425150304473736476367943012891168864805236
௯௧௦,102390839618845879113543695273513440262565477323372185453814228142259544578717
௯௧௧,22315083118596320804763211180010075695020229128608572232021412668527044437247
௯௧௨,114644865576768819974161782767410832519847026014026216179920193403519522920000
௯௧௩,41492030227765919213827355374819680367021314574867357393602713240393184623686
௯௧௪,80017839664521750630358591454217897428408924263534473799591356464753107849460
௯௧௫,54752420398083671016256233060041761363114080715250995791730322862673248541730
௯௧௬,10427652405752609603898964285730125850565062788130793978604198096801587746936
௯௧௭,98519071163533721986457183612102215149787423768202901041883285061229242429741
௯௧௮,50560580803004699745686610765793307935625374205685516573897753621061059380263
௯௧௯,15020061576685355759210446121144701173416832540800538422717387967207898775836
௯௨௦,73102874502685285109203049834423326804413658447717326850094685810643949324465
௯௨௧,46477087451569851071361723187647076206822475862947460383981276025429872079672
௯௨௨,102968389241110315520349729595939882028281572459800717383844551637172821850632
௯௨௩,108074894149907796772044475795003246251117496386361866270149526822209320186113
௯௨௪,64695186435826745886880206300977571339605933855324009283957881064225510010077
௯௨௫,73795535031060586560374727174614752002969740681150345231078617279599808327675
௯௨௬,624777920473583510390238053427537170954332078764059117756505187676720015558
௯௨௭,104748224088876870613012396712829729380414809450757355663805533617150848995051
௯௨௮,37124644054568326549465124262745605605921329323740664419963063381393899972426
௯௨௯,13472925039531322861173985772181084240036290155381532335410693718704794545868
௯௩௦,96240216923925557042816983000517846390714717748437642814150292684786076239755
௯௩௧,5053309530588044239788172772362645703532005095120252253727739553299002531401
௯௩௨,82340449699343557274837905459183866417616249412366315696989838449544483895773
௯௩௩,75825757133963766359937314588686327032604663730099526248927233323024713140646
௯௩௪,38402109634365876568446894815210609968697072464655089651014354913484648369957
௯௩௫,52085245941984917303304553323311232062636765029215692687617830991668651967679
௯௩௬,18641473184939948746230618361046003516667346125757796147846246965259837119972
௯௩௭,75674686798657513855980758707418542505579290518589604336904236709496250067330
௯௩௮,75135049189370545375347247757735947238815733767717330539337916885826171180909
௯௩௯,66090162249387701255157044998170927991669933883062003834699456377050149208366
௯௪௦,112220273510437454362314065185328488130438945697207345356142039750994798033431
௯௪௧,57021333437680523736770311947129903462024831397315325777641368261200854882834
௯௪௨,300085426029410585667215540673352628234320085585890685609688077564479062122
௯௪௩,115559236360534220371764862927337112978962864310402653215503729005414147237591
௯௪௪,33268553951859927452278401250344738757347240026448827008695835235502694409380
௯௪௫,63094577870197468448289679662001182353596281394930189441119054150553042862757
௯௪௬,20641753861089992929572362018954371605075499423266446129790645128556754212982
௯௪௭,89089904014551961665461433224316981473172363598710880362879734636970845050884
௯௪௮,29242639726062778265063965974382189241735093918592604373800578832893553460150
௯௪௯,6386353426747945041829298523764210472366307362911212328471737422599864423576
௯௫௦,97338503794796617153905461201342713791627341824896435923869248219415835104790
௯௫௧,36330645602121495793946430415512779516695288880897649292915613123227125950163
௯௫௨,49575025689557335932762545323539942611047541556641676720446254353419548924616
௯௫௩,79998372273974220971545368360964253186841938707520232251077170871474386691672
௯௫௪,37502010206994725713560293859551771798466358542283485404415927298192520253208
௯௫௫,7295041603565106207241130638701486642190852686532622286684293095477436746621
௯௫௬,95124930727148562557191253924700737420425693141089634036003588019774885759179
௯௫௭,37104401493081312473884683236823397450513989123409730448977276971026360299807
௯௫௮,92611373858130236879597255237229352516343941423624924382961265981916123673722
௯௫௯,34692103853625388482833785142897291578425304370146406376725955455870112824378
௯௬௦,66007823554449982877068187068742667415690413321106344808445748025245903153340
௯௬௧,67431061203862687699903408510303223871525536280496085155346136297383685917377
௯௬௨,108688772470761578803077650490124295248246826311635878986167022356252066147789
௯௬௩,10327290643249806158755212147439123143346564826134512183308102978582538990401
௯௬௪,77975904448216601986158238309341058856458492982014650752343573088998064606190
௯௬௫,49816239323883082465358527351473231229791955029444136453203118780457568579603
௯௬௬,12216624622885968753050479969375644778751678265216438728530230340224426707790
௯௬௭,49945082398626374482919154473348438769685937883207103969500018122553388626525
௯௬௮,24199260061605090232036692672793949323357653911544244508518475576721601559601
௯௬௯,91139491352261478647044783562915779573582441033835236265124206609183887649506
௯௭௦,73903313351557334512592817157040654925599872898497218064896235520020685969449
௯௭௧,69480206608765928641450113350860892039718176848204967908821483668430251604349
௯௭௨,80502720161108257272773716553467475153091929091773430997097551615435043422052
௯௭௩,67942006150425288349652373916293032247979768419885181982123386314788581872654
௯௭௪,96934680057916574320938184939503080774346312164640175243596147162806461727496
௯௭௫,68386176813299245308000090043123097266164409264150198034362765614246922977083
௯௭௬,93072117353694366248107453371302112449267179714436255586267568170485999349597
௯௭௭,55273096183994476732769472348718903378310732710580134823662918274283758728551
௯௭௮,107963978986674142794406226562562080721470547025084787179748837378216585100763
௯௭௯,84514321367379977921027139596348999481080265840828180325003101671808170332447
௯௮௦,111867303795137114363902500022341944091408172200956511920185695653362487050509
௯௮௧,84225294324481851528699177966617652924283655931266737199080910541025295662666
௯௮௨,8235425858592709109111852830337066559465633132032327646336089736791128715738
௯௮௩,7155320738113956711516538608259621454781884256115252271344367797504254610392
௯௮௪,102066637321598790313051006988756995731085693482131840456359407833474253755387
௯௮௫,74498109717056853724756025015617458029977823530585411618795965858405705025205
௯௮௬,101411528521765421907235610570822616310258404563024409454488462692650049298241
௯௮௭,26137042191776708573061873499632106564988470421775264294527022101704036490138
௯௮௮,33676925122033125318177520750332613568378563953129752209429647648004483487106
௯௮௯,10224083043668722071497922109832130634708455305784980172773186171001008636824
௯௯௦,69765640787960125114665905103098548291112864150075107975767983885158331938585
௯௯௧,58243527761145185464790470129997375508638841774995595547630232928941016154893
௯௯௨,34391511737979022187916778827184823632027749700739045998941925623722806690247
௯௯௩,68497707603707432677030556782075585887548958746943026412428838128279792767760
௯௯௪,112637935643665568360590022872368858733084184003506019368293026250550427355930
௯௯௫,67390401753900770677560129307159147368424701462435973509732530965624598679933
௯௯௬,81541730847669148556403154818872720472010737171103650008275466325655345241960
௯௯௭,68955214085409791746722273090844116055434038801608638027435358619090160238764
௯௯௮,16479623362021811488344177934403110708132785703546705598379843871845912566496
௯௯௯,100901930468153758704004774287830871383628174343451820796553484161099909131251
