๐๐๐,62987603382873884619612363648100125760359084575682795458544763458164737107371
๐๐๑,85910645999203346352858883363410004419836656460725615325133435101102194255689
๐๐๒,12932523573721612840259430493920975077722182536000790320129086385810981627815
๐๐๓,9050840442684891003265385576793144443665686134717162821544302624399349618825
๐๐๔,88656582339131524466338611395198888480706180592324668907125135767886513154751
๐๐๕,105618213371827427100149496658433100653996120458561691546747364090537540371936
๐๐๖,42718366087824175611817626502447975655321564811836359157790911845339937172299
๐๐๗,77010977629974976405721680512997552952782863356781614097533439113086268975200
๐๐๘,36235129195921351559289620779897113192141602874331258395496551251710304205290
๐๐๙,85482854647290040776975343155777856792098973348080435557433750222758768910728
๐๑๐,13286957403595418992084200958157378873765980753670526193176794317549814416914
๐๑๑,4738135248582293559764206662669042874099580649528971961146582178924898523961
๐๑๒,54384892675729033978885055351666661763889381223388678286921459036353243683949
๐๑๓,17352544377208983785922846767951450262239161521013374728320369018027384182211
๐๑๔,38576174585455200026288031689822363172294286639683710517969278587787680752387
๐๑๕,28724568677386505427667545716767718300298537864526586351741282750439968815112
๐๑๖,76488618458388747791056222406069140763395424519696816223310433473903004955853
๐๑๗,75346803321657863703889974708078230937571398061740277656935423588932856996426
๐๑๘,2870075543344265970206560260757027780233455541710076156371831473813349714594
๐๑๙,61493700683368343047680378322861961036686351065531295760195991740597599688611
๐๒๐,9944862563968247892669939717194229590103467681691644013299460572357934361164
๐๒๑,28942663408199541456986315811237201413733310731548552669522235018153229667416
๐๒๒,62444094577729812570677180755735335885117001231273357533169156803976210322487
๐๒๓,29111314162855868632152540134384484986034878346280246891031684122065300621123
๐๒๔,9654109233120205265510700612040460181837774623857871709556048440700675077451
๐๒๕,91431090250896894768222025465245382003382669664066620042238673288889475211894
๐๒๖,92909527259174441351277580765680265284895515879874636522566306658791803465531
๐๒๗,76522176486284234884699425413260838607238874420368485617452846813093306895371
๐๒๘,73910094960646459857102984226486731987135429064509807510816940266772102330473
๐๒๙,44063136909245349360201272463388965596078369779910625362863342734130292270844
๐๓๐,11798125804988571578760107916490954196525309699576686407983555841120770119260
๐๓๑,15906927773133528007781956269354445631739444589574315397554036538575652129010
๐๓๒,113543096429458290101732739187916413837665279846209369005792957521640468241449
๐๓๓,68447596517107476075860308441820643187326480292676516160041457203693436956987
๐๓๔,47315166711691272898108743890236108982815744644231582502684500268256895816687
๐๓๕,28467093203820034135858025337064125762520442836599025032509223531638771644680
๐๓๖,82607950853788312485251466516048732274622517663801225029941399550249768848169
๐๓๗,53137781794588754583682027454917916753972247618964879459084648693045232099442
๐๓๘,79721821750249380874171836351563751557514531519214025682630276358642393662710
๐๓๙,7836806384972398756505372042433556966126407344849664315463091799606026508342
๐๔๐,9518981037506622742891534012035980071253426438171060998504419051618870498087
๐๔๑,15624656273948510648290632786070044603642005144061363225524747743442329051631
๐๔๒,24967813448738482433711448363365664454832350497861766494869631937168102687618
๐๔๓,54812826012774199851255970673006012809124525169728856527249618263309433698108
๐๔๔,7809512854968606286617726256600540204490926338470422194305892586033847402441
๐๔๕,25786276334158643309019506049358374602399912872989419052223210964801333857777
๐๔๖,24856264556981593707847433114439187582126853517741495212283689150561067391381
๐๔๗,5908888454664650355298973137801679639481718273621649861472352449719946475049
๐๔๘,74271773641239060023826552089747960923510059939014073671546182796812954560490
๐๔๙,63033973320013067174690922720421538331161305424141618065434070194827167408198
๐๕๐,80699447866960986169558650207865681553550445345019011768741930361684143366324
๐๕๑,70729526792948769919339380112479731004539605676482425622688946530377562634122
๐๕๒,22811015610988188399672877893636583229201771447907319505734610856111456261279
๐๕๓,33479819837131072584973012211279759160403766488894853982334376221718675845753
๐๕๔,70274645918715109054184589272036145338225915562087009535535022586240099794960
๐๕๕,61835896970281067441608792394616288650248419837855298370623516779640176510204
๐๕๖,108926959753205701324691905936268877925849086596378995468552798433031820392326
๐๕๗,104602410145264085499399881707972951226755828781292967480932273030187372698813
๐๕๘,58792101692003562744997155940962712574707990385009366502345951035834276269364
๐๕๙,18203376073214239273532740768737312639826329646514624005918516785292575528253
๐๖๐,22626510254284376328606282023248991309810009470661075911369180645655428980356
๐๖๑,78812945924411659106345844140830038944559397305317768361684049329736478909001
๐๖๒,83894248890796433246127037125527306841800814302338690643829821931206532504615
๐๖๓,115313330632545546354710530983118123782065584064421325261112838810015448882444
๐๖๔,7879636411873092872698017531266299320808558734170662161736082859524532682652
๐๖๕,96992698136494753744455445940603357886304715954908319916954166659194889960200
๐๖๖,27502903162663784721819197887179964623080774850928328902777944147390253194504
๐๖๗,5652425062730207469642704333105887710454391901206345503827154937435903608275
๐๖๘,26770900410519501895840620125873990188383410971276434656530236734300410077459
๐๖๙,76524727383321672946514663180500846180161859776049456278961207616348633926828
๐๗๐,94942960571186751398543182912495015646812571588388173450881744995861124067015
๐๗๑,71778909438839400496678847139527507561609690637076616752357869076420555590628
๐๗๒,66635890086006862640668343065028163316140999967843889590655067641422881111204
๐๗๓,52080517615153840157253024815368175101557004907613699693587882351645512603436
๐๗๔,77586556262139698171500450531188327092620132801118553920022426159746406672988
๐๗๕,35924180996400109251462200589458506330913580197811068722526330944515863365594
๐๗๖,38334307818144022776622006614217822765363792110789708924837655096801339043062
๐๗๗,60985863580804048625871022012668232987954490039515438744132246943880068446489
๐๗๘,103339924419535121846073581444074811068633578547514862693845579551892089613360
๐๗๙,110942187821125306257257692010664973436139728076137741385341613763438193571290
๐๘๐,49241833528410644194526664438668832499200504015745759378488255962022911296352
๐๘๑,102659454139934450295409490699924527550544430388774466704119956097838118767074
๐๘๒,109988944964489455785048934621999898747882956469448132435201880007906457647132
๐๘๓,99270386300991491718925333427139099427472773716743910146534907669786855565904
๐๘๔,88085344312991439793708057404754788781717366898221773097561125990199287666936
๐๘๕,39570390633180639677266892443171722691760452547247229594985386460379182931128
๐๘๖,31370945093843470361179159799323045265571889415572980519052666802394825947554
๐๘๗,7152284214558183225385904476703957465432347256771536048994639461037356939314
๐๘๘,25022130915072733188005696984304725905367709029265298296986013672320454582178
๐๘๙,100667309659426597743772728530123743621625334761734053906054009673166707631341
๐๙๐,72941709001894942260216573554568081977759555812144421643181278438493697283317
๐๙๑,53836518300783940016324162355100774077697827635162476503615495767909421622652
๐๙๒,86840753618847238549271586449127163035464268875989060661474152929080818424052
๐๙๓,71949893620494514687072771383701258619877418861178488524604109909417401965263
๐๙๔,67306417393372909851635466413016684727946731831211515290163535075996722258277
๐๙๕,107385019912917254595245055215822295464658497708731612434119050539062769281133
๐๙๖,88563407524834871050821421564156642257798448483388732997671017853306424239998
๐๙๗,18179546108647991590996177577022197611878368382314300880374652236471024014451
๐๙๘,99126834684370584181709442133052571779773846203640461727009041537065558951643
๐๙๙,73387519536246079278944622076246564049358194431383504022394458036074939432845
๑๐๐,111959898900635716699645336779134978108262472013169479979944704586475959690903
๑๐๑,56331384004534926407436081776477321070969959942901184473631318688891190032237
๑๐๒,106590240002816296148748948437150871675839746929965227890722567594568708035765
๑๐๓,86527977557262729710230767390980416714264195761746240614068016929764467909277
๑๐๔,26082805360690967987980282306042725392262184507020794711339931640840869087965
๑๐๕,89446578657108929511578329929244648780831891600779029314945352876268019779331
๑๐๖,101917720575786158758424462074181265912861687891864100241827001236882822657576
๑๐๗,79796246092298798003266022347626748435891744096161383739473656620991977905161
๑๐๘,109751732251373092638205757957164300479037950252970369908117788478361489396276
๑๐๙,24951192369626120011270656127767573906520242241536039934405672876416787716152
๑๑๐,75792515071124929062828306612930775568346851915576722941096881258032636357513
๑๑๑,57806969635564548540116735733057627111194485853472216135137588343735519282316
๑๑๒,17802920544672607585507522283194887363987729188712514263472565278838423706154
๑๑๓,96266761026201225830372875784058458673609242416694936737113379707640923560570
๑๑๔,77804624805861748567463345951024082219004890682869781399878706673950837092904
๑๑๕,53241274248225074074066696329820389025523607411258167082461158841283406390500
๑๑๖,49021505830720608133810705997081264737135576623349595962341811745249838436080
๑๑๗,216028267362648868267128174290291351744726258585373617100407521298798661758
๑๑๘,95752983886036382888081106118157553879716598026450604756047328981506602946493
๑๑๙,45374254439658841056477320410222431738663720455600363502384413872827233035791
๑๒๐,38131701184970800292128714635265804115810391200369956210437584488807754152407
๑๒๑,33259714678139124340414652212203325586514099849343159754926593660962965699631
๑๒๒,36465237225751079622788339981101384621362920750592357924701646749581704663974
๑๒๓,16325479170721195738769633692276444272911938585643003216268564589089140464399
๑๒๔,107273903468560958057999524096730705865062072698658379877821685118242894171045
๑๒๕,59125784342826698691774109710989098511549316618296274940038769265724444328800
๑๒๖,97435819747685554525041792660565369815959320508719752056194404388113120321839
๑๒๗,60359612537392854088899322372547016784723595255389601963462745061352580906657
๑๒๘,69766746146352854164516305628316255385950075495188840006894283730238279619694
๑๒๙,25922422277186632520533411265969295285899058836499344357476937716974734299200
๑๓๐,58046550415978228155657854866744377268775882573049770641921302757981223981976
๑๓๑,48595192144610164455056997703892013379942627725503773173338237483615334463015
๑๓๒,84911517744159321853610349850959871438015904184919306497141478039360278302976
๑๓๓,27968924304297492363309708600165628406905575066304926220937361415342524668560
๑๓๔,97100714100097608699399633505489520280395185877675667216065633324257045152309
๑๓๕,12155249555743742107532188713208959764694943963593802698099255848195593702975
๑๓๖,107291761614472135637616333660684824965532101715653362122804413432509599011165
๑๓๗,107509816562578665442867897157899320343166973670903000688228193671941718977196
๑๓๘,60076932184651385875063960297342477385006386716030508996022939848432527144487
๑๓๙,97125559156159122200788122709523234304126567095689723199149355232787818098812
๑๔๐,72067747236290991774603639878560769938364732482501328997061848322227410822453
๑๔๑,70450146731880521298073343311106802753083280100849187032525315649976179113203
๑๔๒,56833314742347238297938123123765574557831014762016509314002244052766385665711
๑๔๓,80777359375500350446583728834507382700063837303414536088526480810452151616334
๑๔๔,114654740044801951787905479260437959590793520886891930338685419050162314664017
๑๔๕,27664999309085832131361772825712015262377592430500671029401928935599462094114
๑๔๖,27993716040198861301159629900222507316924906452361265872750418916422731870555
๑๔๗,83249193603619992241215367473954377132471583810540870453910245983964517298385
๑๔๘,92889123261532332215597821121196939510495729785912697252166390325941264734409
๑๔๙,114154515209153340781171277768883376865138939087148928247976792651234032422385
๑๕๐,58354876792090734328211486194276453818207129779067327614738346115084101933864
๑๕๑,33318538074972628493960084154865205758722022810668045654954758615819439150533
๑๕๒,65804862540916101630355751279493651306340595589687810163423834858131063772630
๑๕๓,78680405569558850804958176319922399255599080737252089619744837782736732210052
๑๕๔,21918399623257032625134066352414402348849554795835247606025180752158388549991
๑๕๕,51527680602798505112850396265507207364581608617061999294270254280454695440153
๑๕๖,7314229594718849177902151945203646036624108240249548635924402189619280480018
๑๕๗,65382740927141745536410197611563840643244070018706707863988626313270555617383
๑๕๘,113463495729483361095914434237879162350530091378648813205986327639875916465690
๑๕๙,36644248900383502956618794650099989181501224602899014839780790194451006941774
๑๖๐,113909297356788134263260440527125692538729766017005250283067349956080290885673
๑๖๑,9653830378913861638283119289385150596501260831648174393634897587619966125267
๑๖๒,46818149877594622141273892373771130450546460058218191129754838623875819138758
๑๖๓,66945044113345695786423496793289580491072398804062878962833181210406056696832
๑๖๔,23790692492838024184925701213585462267508419408213261542952580924425126297377
๑๖๕,53024892253270588987492241393834403093229099235548429494647176024862599182491
๑๖๖,40286010964303239701288179618237170716032146096915360353102339584590839304370
๑๖๗,27176678150222903626378930235392454902963341907113748381858458030622500335149
๑๖๘,2710084970537215934843864694119492573610544042228254036634129600741238214132
๑๖๙,32078481242266614310979930730093017929578766787117920788744084091755073672546
๑๗๐,48561678236930163220907253795361422085038487135288271850380747661387568677221
๑๗๑,45225235037937700978232451195593385986191219427404419515566507994508981809236
๑๗๒,8428994672203011349344639745733416492972617979966970598184558096638942427852
๑๗๓,86639041970097728065085547038340689574421285134034377415110220826977417182820
๑๗๔,29970418302901689487496654259266167451144744556655574808908543415803860657948
๑๗๕,45712212670930821582541751884978902265370881281570227379546575874797025750913
๑๗๖,94040181372917262164028325439890074287003240539063270828012258847183857473665
๑๗๗,50212323702301702651114615451283594856834603408604984796603095534150844540833
๑๗๘,50548427212588149199790511674867322540639396843659265849941927649093039989516
๑๗๙,15195807410636708615367915452704508849746314771552411268275116141614707268426
๑๘๐,13135255953912366777189540126510525451113519938263908948494866037169694722363
๑๘๑,76031615382506976493425737286152240423978388839828418262153906035519906737094
๑๘๒,24901463720598734775043994792780035958536914764018990701270921790540153845414
๑๘๓,6256346191558335596764201482600087766376790765425109342242440935051164858878
๑๘๔,39954244830009071431260833655314925023524912578191753765463121408781095817538
๑๘๕,23447371183436380229390780580526143054058112670412134342249437996924084424962
๑๘๖,12076440256753528987459796757018168562023756086752172038769304387397438174186
๑๘๗,21022177287168385027811475957656276418080212098130194757244256273650466270238
๑๘๘,40549973824591900237466095969765279131593690107004711618655754476868660809777
๑๘๙,17176372571046834781481331963440235799996435964986595565386967300507458208978
๑๙๐,60757353536874214979402683407072938565895752261894426248673095826428654719113
๑๙๑,58613847306933294743173493918879720293986985836045597204692672891522971357497
๑๙๒,34490604651055322808816757604872848202549191718733113127903512100241256047981
๑๙๓,61541018974482565658466535526189185568754247658175160639449132200593847752272
๑๙๔,41651517502314628424136237504362028964443824030510711720102682318659321300827
๑๙๕,32694819700767505455531095433661740708402949399373412016895649594057991977661
๑๙๖,1183031846226099472410459117184992359044743633491641986731251557324758455219
๑๙๗,100547485217280801792673561105421932352070127877185950594567232618457801918080
๑๙๘,30913306294623386907147854973379708436222224055231539060748135566764824048498
๑๙๙,78701450484229703613597441239239996124122046293469730974324995936386127858537
๒๐๐,6214888007819711966792471702739363248319732595907446700243836640099899704059
๒๐๑,38107236492593029104112697389595195123128966195514837088256483907144782382106
๒๐๒,12947909774668165306151179252970729062946095915462786789775385918191201889920
๒๐๓,43421260577269794051303247005877358421332246146850661829145151504640712864427
๒๐๔,99869962993364217553167271006703687305855040497741128039598304164217170496967
๒๐๕,89527784943891280512968845255080293497907303783866421415987231762111351726391
๒๐๖,71012926588341425136835415295536289684086233710058962662500403398554305702147
๒๐๗,87448558418726339333743037840185314156470229620763432968979722349959229055066
๒๐๘,12887169146057769402305905865032238324230547043150703011521222380487394053610
๒๐๙,97957767550822730633031456711352888931827175692329465343813971161857515773059
๒๑๐,32370982552652851221698892635511484362780088341261715276266455176343227119203
๒๑๑,99948088112219549440122833430002974407647551465057315437989817100762744460925
๒๑๒,86300633010384457344841769821543959834985582605654613887140166991391841394437
๒๑๓,20184714350081104456336583243021308074697716834175938732707689081233139007098
๒๑๔,100612671729175892225333910053357041942507957167483415503887179663506404965689
๒๑๕,97389493887700051269559098563372433764972464408660591654583598872650081423672
๒๑๖,64485904193293100293031110263818338096682900423924503597922668509578338938717
๒๑๗,110877277045549540907521906236761861122252432489311847305432405302614422160512
๒๑๘,86052647109601352113270059948123712348621077887084970542383312606307933743172
๒๑๙,72539037473502441056890933950812942953158623212135842549686568982472549806493
๒๒๐,20753156508857909654544936804328900738708778766019219706139836007741820319000
๒๒๑,94024590117791080058046025618748290968000070007519055751077545508183153234466
๒๒๒,97749701043426240499310088713613185414714680782380749071979335218802527175677
๒๒๓,66288229700281783415633809147819665402014773501264651255440038955207605572788
๒๒๔,109491735470615651480837181797884984856378656676574803268956940817227056126572
๒๒๕,65870031047263822999648269167282874009298065067268620484775943674993457035951
๒๒๖,90632383253439055962560101780892359149828310249493897020293175053051122421766
๒๒๗,52527993377576838405033689142380406704587986381775502714576054860131443556862
๒๒๘,23588248609200765295739738370711646853952991104218951098700849881539912815302
๒๒๙,18039345651219883748077752051085962528444117012459657505733674906020409586311
๒๓๐,17707728284123221315818503811463797435020340683242791898962730710134031431524
๒๓๑,27460261120455878555882691940488127561165264520143241579724125245736166367112
๒๓๒,104608931239455804017766834226360032357521047140403751909911610216298171326670
๒๓๓,50936048420809038246097728076609225178967839213246759002451591859107408551388
๒๓๔,109502984206431627802362026958119941839630016443771758148040136563477972324929
๒๓๕,82844131096741312107621530660737065892536870344537190787570185406930221078952
๒๓๖,92004687996824806693139872099703007250926605633165455772961915986456024178033
๒๓๗,96814867750881749795419087320160856378384695842329586962900279959290556982769
๒๓๘,444881708177684084178781742214431779152440662636662029738613117090530550935
๒๓๙,44852571374605905913372653871391215862300972671178476222874913162936231881404
๒๔๐,92122977897829539927104984606094239192248138255220735199394930544673632392365
๒๔๑,106394087030908573911177326227725280763057249088470355904123284198456534788672
๒๔๒,90824472840904964209930882887576287703382702347825904283655919691664256805972
๒๔๓,90373576615761214261982566763510667784349834210189768444211353069302895869102
๒๔๔,13339992362729585396187119056443338609493312067842763276516983652190974418924
๒๔๕,28066582749520774249228579971350028949849347678926967142582948044406921734571
๒๔๖,102865641145738937877158730982832803834014777104474749309230227682193520840717
๒๔๗,54428343219204300068097035099824038882226819784446835586844137009874934368727
๒๔๘,101998046307511567248943576371285585378037310888991943486066064211849430123094
๒๔๙,102509409540202926017333241836525283342299002709744483956834254245462548460345
๒๕๐,101650352323966465581614069751441762652006204532240055751656521545174787325766
๒๕๑,96479770220402663299091712887043431170271759325068775093938981251370848458766
๒๕๒,68638860147465802752542609608843623568174343905069180549574620281727232722762
๒๕๓,64935285054597847596678388229493915250401246896726744579785178516684895660626
๒๕๔,105004112666760634539451087221570386984432990429894541926201329828886384974195
๒๕๕,14459322023043296926873320716937068019286860285761501789462154791345988047588
๒๕๖,58914678171431954583225962983324124272262491245024214603084327183029350082501
๒๕๗,29584621073958436179605501948204872572158687719978143954103229389528589301829
๒๕๘,115596479816868270957671213094513361726053850186501724225625999064533687822922
๒๕๙,32308279545435424476392181196478979730887183295232126183865772762458854580965
๒๖๐,8681644919695326439692720277430166443670027999829889061715915048418085121116
๒๖๑,86755754471728250845468117050464165185046035797192873856269336968937735319672
๒๖๒,53201609900601185979438539875211505096714790658225266943286727881691663841766
๒๖๓,82944820935369793160250052948652774229715745128741312360802028031071498591583
๒๖๔,102936345954035834074285878948959608409452679101653401226002186222802829598796
๒๖๕,92046913908564351247982229497102030203743577033760461086933588853119827901062
๒๖๖,72721451995263451626909148945647286414588687070987014791045304281075356722428
๒๖๗,110278110180064912386430452431650466116395860323796754440004211873683959671181
๒๖๘,42049403920185456710971668247371939854604237927520698296228283847148201065016
๒๖๙,49403525688928038364155068585238544021722859115403775048148411428110914011574
๒๗๐,56564749851744026441972978043358807932591713852532894390998805477135580454259
๒๗๑,28417369254796403387815441221042199500527520175459451386018358253859358027128
๒๗๒,43740830976689144856195333363895207912571122818302543368328819316438260869360
๒๗๓,111446047674799729522078860556358114928446415429529933529630269406269787108544
๒๗๔,75608889061857541686059611646316779880426297436105270838365557832233222478277
๒๗๕,81356054421260700318995756377532493891437220252384344865535016946684126876766
๒๗๖,12705874487286048412314690506083454652546665080115526693986432795759421839398
๒๗๗,11553022913726407901581661116553963431469890666474343340605226116685803735258
๒๗๘,18374355005569909441828487585823254811989335464794871676639378670003607454129
๒๗๙,49944692081006583158208616512263512224598196323780561139432150542127636375198
๒๘๐,10999524546508488942507962750907958737891695157856524108519471179203417054376
๒๘๑,82454997092205946834255929798649927512356933889047908314727705696976230643722
๒๘๒,44360184217059958280735557631790752675492970407750526240940203733144963751873
๒๘๓,1971341446865223377636070890010760419537129371832522858948906461918126987089
๒๘๔,66425827898221761486690434228111271128372370357222990383654031516014539399096
๒๘๕,24980416059183227730991582331610442576327561318269152240497796131748782610370
๒๘๖,106801585706001339354668039990276299387296036193085013583683596748239564746397
๒๘๗,97411870754427370738237412923178544402687060719114111753480929309852632247735
๒๘๘,94545228605586520846103534024332676328835216911620150121730053324545706785469
๒๘๙,12767971126896204235849881348116214738655295464043478284896746837911769780201
๒๙๐,19908504768653149222574640811609527655943449928032559250474379587866720070844
๒๙๑,27282232325052933734269890934889500883093168786097946104517010883411113236547
๒๙๒,58280268901494387605161755815778319370827947573529620575340022138690367458179
๒๙๓,35122351261336499418709665031296137721454748081064237231750014133954709620501
๒๙๔,75793655129117582593861428779317405782068129674472773530380509390631487794619
๒๙๕,47324907769710388834389842245875642010772054576288571597932441868850693115104
๒๙๖,108520804194364391702004926198153969897568629560499285752021727861576251045806
๒๙๗,91411014824001113470617902185471859236939036598483111637989161404937996424825
๒๙๘,100361582301492039306871716045123010524743782349737558640338847008952501710423
๒๙๙,19634234101154496452282799758244002984130311061715485075402087829999079759544
๓๐๐,2126064109893000886748802659908720021943468209295796660129541074285646997322
๓๐๑,104216981704405842085299748293195213641376347551408683414594740041709363647206
๓๐๒,22161091316408238232649099954549282176844659619872520259577613967496729763782
๓๐๓,81330377536323235078087953066086149400991147703706540116285446811813785125397
๓๐๔,109515133019834171174739943177435926044640547244296300430103753109351954022426
๓๐๕,65569868205707083752445658355060742245496872116471238420703813274300332817364
๓๐๖,73789487610475204923281711905689344211401496265012970779907090992481279679720
๓๐๗,40316958451127634314657085912425000820711210535555595275244399348300793676493
๓๐๘,13742015084297875787404461424082024144574432989158268333957764193510680831021
๓๐๙,80209225831892952489049539906946982126750909674381076411767721811442970271539
๓๑๐,109155119585818590197445159445460244246745001803429996913855820760751159107636
๓๑๑,94365793338281764092034892126061092960768286595915375913764025043638039298804
๓๑๒,59100616137552807878349448413291410879576991758487246101172620323073276003999
๓๑๓,106899372304576844949053215657939821231613592878014582392559200575161829751632
๓๑๔,80478207304756765243942179497062990949325432038226168048994900130730236173386
๓๑๕,36394387614199494255123016874363324550296474335157603086307829157558796594739
๓๑๖,54049348781502403151187415936595726376221119496846451285403639450112732144823
๓๑๗,69982285388353510963082722913736106529965626102474475809705451663064148222224
๓๑๘,69246315327454825878035396208062946938397077928416556279859131243669273354503
๓๑๙,13447579674625041982836280747570868504296017571090600158619641289688333663326
๓๒๐,17508881540384530609255742401896733140537237019554357370951785822222836940932
๓๒๑,6817381108885517168755436974318961533322259067868230117350391249778093028071
๓๒๒,34205515122594809001329673448691497753626463809469388519438639706561758206075
๓๒๓,82404457908967852705005160054448449699527224454304365933011207052407367273972
๓๒๔,22919189364793096065391519890076643250196249668423855360384602484206573545398
๓๒๕,63377422627583616378262548866774836994014890253447335093645862583022244933798
๓๒๖,112218282924967016280382600984911231652877639800130337382989612453363965168250
๓๒๗,80468775195771852363873442802334317169850909663830728929595829555196764177640
๓๒๘,44829100646265308680899323804310307337419027675511049459688635190674991605214
๓๒๙,75471416021045705919551109816520068762301523821831062377219313418899928732202
๓๓๐,40299477702109100631357316620623686405601745332179199197935403829184847481118
๓๓๑,49510794146461436447795242301449571482015811224628361584272288060665323349637
๓๓๒,90780526421856926624631580911820333804530762343146501638484150438593772376660
๓๓๓,17036892685641175652488645970850174824352816366546441085824794992426836069826
๓๓๔,57529492106074014403061739481805494227053145279753215579579199494428385786277
๓๓๕,27273748724484561664687139704849288552326426629782510842727146519545809705254
๓๓๖,58706263717521637845557162245233067292374829476301830406621033659761229895443
๓๓๗,58554662758986684499861337855910631983615710840736804611773843146946662874487
๓๓๘,41357122373185976292993983030708740353119021853929136655420815192022432218803
๓๓๙,20915288399685998629065507978966951848973859273006518115101752558506963732991
๓๔๐,17006288335451708548669859190521165778228763860494796056324474687410085930665
๓๔๑,38906711445391350517992220477737079869277930820868429868217937594885590540462
๓๔๒,50849627359025515226526977945901389766706075739433075255989637035227485850120
๓๔๓,97171195815822346608372985342437379653922735325064960588276901311150581714265
๓๔๔,28962144556933332074004572272075883539081076953756784763165877448499893866417
๓๔๕,60879199574647047060384932035309976798169288396328159753734758728380777341378
๓๔๖,15510606397689753151167124267071860428064494541869276704635552492329002080661
๓๔๗,13503785039938037590111789020463019793237518949130205025781840736231921626520
๓๔๘,99880448261104237794996781723729797348475158813707547772106116117530658344369
๓๔๙,19643392582816153927900115407292485568695223742071772648083511615514833801636
๓๕๐,41574696412534060308457900036336411608083341730963679495339743397683704176949
๓๕๑,9237967260647328824904638253916837328271766359899985107600238162419038767883
๓๕๒,80631805062330505587400369126529796660107481942165575516082337624999814472744
๓๕๓,100573892795841135025492413670773084181228917607283472338801867018897082761250
๓๕๔,94518605374106261149728945038793387216679704305833559261619949530321092676793
๓๕๕,32665570417838041659624293149977760931376921979198158712805510186842848595518
๓๕๖,115281839270695655112780207082076625437504515253976682118883465895956837233668
๓๕๗,93294797847751511139233196105178556752955588018395384710689872895607064041299
๓๕๘,14948950126958119063212198681947250761612771137019443471898735471974748240244
๓๕๙,111920260629418388903092498793203898216489658742249553715785902376247506726151
๓๖๐,63667487047108598341748089297153186054832704728398667202340045345784973927099
๓๖๑,2816765177750730823006619394110461410012027494343825299197851671399622053324
๓๖๒,94801634437796193861636436290937384413381807812578491618911501079121491656842
๓๖๓,57429649838928456290484375552123896889623641926844158387203172566801214988577
๓๖๔,62868627931080127207998454997601516662397176839294908403436809740776256430300
๓๖๕,35669203581375551493282195206632767596760045344490980930307275818479494424289
๓๖๖,75984569414204929119128172717938607121649442384456734304600699773399090349505
๓๖๗,53696333910838014016635762031224300667796114281373691900387520737196645574726
๓๖๘,8905163271685802567341039136152163976181100233201705212820165560363428907886
๓๖๙,114957094603334224518205456430244466533071280397419049663283624625454695378311
๓๗๐,13297299884257665105952063027533697750472650783715269863181413650017800435833
๓๗๑,27633682173327892863849472524935060415645351353401917317474520932936904242428
๓๗๒,1832790939956872377459979355546106221020835032646083286019182647904433015133
๓๗๓,1697003726209741995674562775513061285892875527345867797247553298116930965907
๓๗๔,113589216670711540346488955601810570399686158185607865243596017389293148865935
๓๗๕,91808855114626038794325033573666801986643339412606612328715372640872410224311
๓๗๖,1137656440398799476547975352876004718587424782129370691366811604900122656343
๓๗๗,23015073469747494048562933985784681747029648513760480570717278993510948738978
๓๗๘,88955078569951751616129134023472975432499390998531253968510434635670943277632
๓๗๙,105820338766827495632306203433885235142024464840840737034921727817074235122042
๓๘๐,2247857582495326206147133890570381522143309997679861194336105692800285001224
๓๘๑,53760964783964391074468211865585704454491475976133684167848029079355347986930
๓๘๒,9329109099823692843506391606797065756855710011104185554968260679600491928666
๓๘๓,11890914364120810080532905157995496139903182219950425531391257152960898618384
๓๘๔,93695076700805645967572104371073551262096297002779072098908155492128347770157
๓๘๕,23735827355694926186507617929969371651443189886115627770410864467584035149526
๓๘๖,48794635626954020091890584396874773818395679751886223639775256846224204183969
๓๘๗,17148435558618448631054683416074196861616186479487372565763077888607077660652
๓๘๘,37469590608131259095450907129275069317291051178442411238698389465700315447704
๓๘๙,62914021735728282251168424845353306830046540220161453013227585012790631625797
๓๙๐,61372451254635353847759364585340300551039040919016092681664685920089482000455
๓๙๑,55398662749126113951466790053273442379571295181131261163719173901080792609363
๓๙๒,95180697946941558658307033157958040496860751101995123405404397626621716427251
๓๙๓,18578576050347237372464864320397873976566765424359715185942275417301302778059
๓๙๔,35442174270435672477769562299640124091252459609976055791282550454123159333798
๓๙๕,111888250073355241568591474868701176603363326438147662206782726066123876829187
๓๙๖,58036077977052534777919887126930305538127149413676934579923441593658523891311
๓๙๗,66617796237893264410834975968157084380667710292115885948802101237920669680799
๓๙๘,25218117397943635527020613575253639194748317269627394021607488268725618861397
๓๙๙,20507329390880347661770577675825979128163584762952493475834917055123886754597
๔๐๐,28952682420476580163320613616224654268891041211699662586056879760545758866333
๔๐๑,31821984987864083255608730697754783600042762923998749023396281136086665824613
๔๐๒,114960402257411659483225026744401756051193237727632833418679579703402516392732
๔๐๓,42976360031977706978178685136776281497135004936817472832494963490034673119823
๔๐๔,25647017882315380508658593299951458427333281884428375621871462523458980503881
๔๐๕,32728868445442986880062524386588673470888346395922135469734274852305052855676
๔๐๖,20547624690351666526446387251300006060165129841007151909234806038656914702873
๔๐๗,3849110620026464865810570543484966953319738204864317310063785972576141459378
๔๐๘,81798991423951115174517273973761582008708007185903306453620580662079239724462
๔๐๙,81414469091001989497476789513153660759725735752172355361662470200492333700890
๔๑๐,68965785478762583959155880487744874289665481595473750625252158639005299061462
๔๑๑,73817315336760079401738259469363997076454505687443677321692376548487254464634
๔๑๒,49404990667485260738608645100627217344902532138288435630316598958792267262653
๔๑๓,46660156017572343602096122379414501458804409066960989478776834600320900732313
๔๑๔,28242119209026977623747836803378294193947521612165799087738335464752351035772
๔๑๕,35876238386133689326235098589678990075222752962745192489175446887953690171694
๔๑๖,103720353440495874591159685946882622808488731771219009300215901303717531045215
๔๑๗,9624626298573596278075054955563749668605329105595307768594916235417407558983
๔๑๘,30470363035569986181943762883952907483523398387556372303304354668117481634340
๔๑๙,19715226818364281582526484778125018392560710842560759356015412540027402627694
๔๒๐,87066398539319601111111378135250078324317720985658400208770710329055196624462
๔๒๑,4569151415151042591895401424482845628071734298417639020044500985515862712588
๔๒๒,81848255928993580261723437049463827575146573044211880671624885013293787736515
๔๒๓,59820206849946219270028539500450736940990950714163356277900582025594849029492
๔๒๔,90343427829216010193473636932120273654531793615086060659359182622452475451204
๔๒๕,43877125812490793306829060566615476600812921333862330257992991208314337295701
๔๒๖,52026933070841854745870324977418874268275767572204577769825186281521579238519
๔๒๗,38435679041459464599302736404077366687846648252536299900106733434325251487199
๔๒๘,15537239659693164961896784032234433201699709137129931271474838880715614011567
๔๒๙,108876804764474342286492953073962513629493856382532393429755233781289854479860
๔๓๐,64150525074546519555368052759404831693060975480827500032404939569467687841439
๔๓๑,114386202526870622052518311393910549989720003745378289345562923801590184770796
๔๓๒,104325386633943683297478710427967792503748978215834995985362560712181117069159
๔๓๓,30099811782112889670774600346275775589683898213836400659752878687197963142215
๔๓๔,46426811751418778886402613460700236571488793816478976982479901136436676317948
๔๓๕,110297455575158821969995807885496129682414689075362448278127255577719485872724
๔๓๖,92089164647654533723663801335577245376071671549228097489884485585831027416256
๔๓๗,95886257360124658431617675285112927341239607952120612359816530873854046195374
๔๓๘,67846051069397982197839892044565710247068620931770398631340365590096448983643
๔๓๙,3433794184858230232401723788638815004899383509542554830394730809633880303910
๔๔๐,49274728921612090351289327040174510444884404184054652238148776787348043350000
๔๔๑,113296650740354255888990065911610265194767490706913325593682122031991477974201
๔๔๒,63858668821038343657014223838907546334463958444777195928570662736041714814265
๔๔๓,75161400989910171885540596333567923749939257818027740301951514178206077912514
๔๔๔,10628495045416868221332445233628553739715139689534444084144807002694804205573
๔๔๕,9489237971780026160199081031452055502138551331968220367519609932861216573841
๔๔๖,43543021004506877202486039916332713712849149982047877304601743274058195734358
๔๔๗,18169313742400154389291733575972010811641065186457078852092942470970248637039
๔๔๘,113030255046583725190481832140768838234305161782182762067811358467512907797281
๔๔๙,54923446414921068953706446067310025080892676613177686133094688293335590009951
๔๕๐,13834134837493082569826442981204233587116616472621516630295878107315558854930
๔๕๑,22683120529721641112969157761250811806887172975441543926521585912793073377104
๔๕๒,30208106377320382179551222765864395745812829581644266609585916253953660535876
๔๕๓,10952910492751037593747312792976649784230702352506284550563982322826177239047
๔๕๔,41614856406534221457817524082045678091418830657537340543693018301727537556973
๔๕๕,62470412080538571861597071190171998954546410661758166623338551579580004604223
๔๕๖,60489736042242242039573463152089972034747567760524228910769276890007357496579
๔๕๗,27656520180379222208896201039115784743134379063034374123594580327047006272401
๔๕๘,8781603279020304073863400824181872571107520851601141639662581713981299835115
๔๕๙,108315420194890095667881490377322590756339540974058651881206941193192410823316
๔๖๐,9685280500357369002080157693044960610190814011600752320423208674981268088138
๔๖๑,13940588824050800609887363149168216415402717387809667780615061437014500896257
๔๖๒,34629247031616340365628595897961392584533610698478455157721063873829682058532
๔๖๓,96743622472803802396817832072903524596897347005331098705643884096093816639717
๔๖๔,7414009106091736889180097992658768523592269177776065845682572369780535952726
๔๖๕,41732420432091513221730771969714760527785886878248744592820056777854579687264
๔๖๖,32417476447888512204535140936932963166193032866574957443554175874343828277137
๔๖๗,112807109225558054045373591546848560200390031667093211238524176810407444808186
๔๖๘,43011716001909660053562022288877591292639825793999552434572238439712338324067
๔๖๙,71448531305422697131615380156337424231693428003340350321839170869997063487418
๔๗๐,61979873787867531833986041782165682444071437491663787294806507776867055044458
๔๗๑,58002874381254013127221484943006643583125633521063795778375716047395596797680
๔๗๒,62778282341702637307851718363567964482510286378751189687677787893942259520458
๔๗๓,64649334464316026128376489626319247580085761274911999852959116542205855050541
๔๗๔,27695583427297572188602886283658407383527652510565261864414921029317417131211
๔๗๕,26126915636469783255866672923020335502385604598790129247576787992134397423452
๔๗๖,78523665924087412108866835897225507723876074354013465261596567465551261389271
๔๗๗,56020367562864410009618253660476418911379011071499497513168212324502020863548
๔๗๘,17003103617971818130248820070452741140899567812218653034973268037418888821419
๔๗๙,88858806012163345361377795472659570817869560374079853035206914863261356490045
๔๘๐,91287978237092466092792735112730311541212499647573198568628098631920603761435
๔๘๑,98490033058505906387441699411616362851308117051804799380992129034247015720263
๔๘๒,33625685507165804348002595385377241217595981470109616980775723262455276715857
๔๘๓,88050398868568157572584343921854643026456361257940496768421568934638834412015
๔๘๔,98241040928410546507866150258266865945009776279410577431151678930982280966512
๔๘๕,6092321592901969031122605050973114544575329461458603780792393044406235609008
๔๘๖,87334254108231465771390978898495321302362150076989289388376951194953608576109
๔๘๗,49879732919444954867843911417857061149631354359549848875105020106127351713588
๔๘๘,3275793110837963037351379303507016684359761691747320634239492530738648022202
๔๘๙,23285799438127611440691264637517509176075145601422679733259613295977561096373
๔๙๐,78440630536891498585233532425600870270884103928856182333554702985489383482861
๔๙๑,16616896292287220515051956221388726863932447321547892974127273926906630395850
๔๙๒,33145830571938952794509112576821159916627150566435096452619358194859066890721
๔๙๓,78966863048911283162498748556221835284407101238896754497873933457035054653414
๔๙๔,114302958916400541718558726700674329906415177183179631127493682867071432350740
๔๙๕,104370572997531799348983051074426304707129919714214431776153096609683660746402
๔๙๖,52722375551142431046097638177554327788874099282795657594506789695607618811211
๔๙๗,21045608951610214878347910362607934410089329883320651293260987422673611897613
๔๙๘,99506126136601374566606527532092960363846849877097735693263133294386086688471
๔๙๙,100966832742482355301903047288089653976283222032504076333623106397169224443938
๕๐๐,16738423485501936695575501159903053691164216978087087923614180941260879553412
๕๐๑,75964002203785707598170093768031453652065466223974939332262940443235078311797
๕๐๒,33942752878742882720937450532418763831315524697617674583069472050217444142867
๕๐๓,82215564598419055011261051111649751997851814873230199348454045272686436901758
๕๐๔,27507383188427473245497960400327337285207704662450128047735994025339617924839
๕๐๕,57128695782980793192032480004503759087049398620656495686016035301820332155949
๕๐๖,30694933325489441134516496869174737387787246696660896314040578671850860842026
๕๐๗,113266609605443056067015066797328110964504233367472141646492986445723208490153
๕๐๘,71305667419487859784136854498757728313073845532414969821306804173006917031753
๕๐๙,87810410201451345442818509848057344839461460517870175342284296505310185138215
๕๑๐,54916608118401977855773873525817257446065061459148270812927577135949174855513
๕๑๑,51709444653786098256373044188145390210919849978985210137281126275289853611229
๕๑๒,111350111018571320754212645933979538914318212885940344488609457669695015858586
๕๑๓,93797123837739730374821668659911406689892113896840270552160305824551016841526
๕๑๔,109287230357296869073559498679774257038987803040184455784131040566676766930243
๕๑๕,28702278863751078206416613505444109785805232187844317929409673905580820377517
๕๑๖,93793075599749767965049697062307863444766755693661754699931174097287831995361
๕๑๗,34035839666843012764137413808455012332253612568678933603492865250600981691737
๕๑๘,70453374759781514298232251690794682201339534391006066856396054167214663578342
๕๑๙,53267028972053014203189266156563647669198077516841053377035136474874606644670
๕๒๐,84578768213609780076302602273182317385748210248410236495423081006775452015242
๕๒๑,81443643489899348016279029381240024465443528463705679447940908388036183310672
๕๒๒,102444659697638991540137584814633213677186593240813491788237932869123061715760
๕๒๓,103773449589215736845597361913427253131242879683098509109410076978303592461337
๕๒๔,39459340671432425253563495481343480550400782174461192490439828617269506441563
๕๒๕,102916572178302430154248625613752820423742059214499101390793206280569944969904
๕๒๖,95480362811499648233392665659732522712285004778674595696710341899828434128181
๕๒๗,87013307099961006045993961924396051107896407774589927756272963732835591554111
๕๒๘,8986741382576419304342009969619171612688072084187449625892137574294187189043
๕๒๙,91436416365533919051288181167271307095351436244039709437706650929446414340092
๕๓๐,24576498617387093692949458669575300025409029323418021093143734453346151127057
๕๓๑,20628486403374768766817233395717674905148656718974645536177718273862836265868
๕๓๒,18905619515623704911722761918575661562961579905759235790007978161658719788206
๕๓๓,65517082512477749822602984884712262929149817904097286774313203751832255188481
๕๓๔,105650151621663886435083796108919023982733542405790073256504388310596332845285
๕๓๕,77634312454196840393897793077826888147069377716690721864085727591892366321920
๕๓๖,16756320652267848508937630729352597258330550878632269123876841803324074351292
๕๓๗,60801214634589637362131004826971999745224524372597942771001903688665727936515
๕๓๘,61273074954379905248722697794702206917179982756527177735859764543886672987621
๕๓๙,80025012509545834339489868468524001046525647604406731903559967978268477689247
๕๔๐,69713889918796373117991531364378593443727222545698838291433387460761015389044
๕๔๑,77543069088181444693564461922986588018770057650545174002592760209945165844749
๕๔๒,14292202962038057020192813611649892189432492936167246641130996541927279490589
๕๔๓,66291117162425856383723264626821099192579181910702339372386819387530438882098
๕๔๔,82597713601031849018466952898518842104174309323093725097029644748192065511008
๕๔๕,49048086298857914641199118014405998534797572145721303361538126560125951377362
๕๔๖,75480962775741646907304341296428686835328194549438764655746948706781589784496
๕๔๗,101451908990238043904148532906528977612618782988931176187936937222055796693455
๕๔๘,19428480881478522949094926044775639522435163176819382059830332332497408978201
๕๔๙,87759051408154350245420536088691135586993080622580741410769982547476795253580
๕๕๐,23476991528623481415776972705720725618932547384030756959662386789078882950603
๕๕๑,17442869551261443028693739519433070409036547820440262472392705852217162502836
๕๕๒,74410109487429244346300423709702448190074691388012504303635854871082749958168
๕๕๓,74944344349528642952899203237828466275118897924545508829564305449894802231363
๕๕๔,49312326820903281221522090155820979403314329712438544455157567927002463308522
๕๕๕,92389803152612580512399492577166267892304519049853312184695945842920077938915
๕๕๖,104537185077708772891322076010211558337194674282425276622721494118924029509667
๕๕๗,5849967096568210051748168287360001196428364848307662227775721050570244486736
๕๕๘,57162215898895541852520288951783427968253937718311266078059217890894085065156
๕๕๙,63652474453625750627270257164455309358514471778075267489828149268810534287895
๕๖๐,89450417673435065776176467980629661345290595375467705681370421986623165292199
๕๖๑,97312712395741834309964453635662417767050555115539583101844069660110968483852
๕๖๒,66893940954017621527949852246954050280534413796008347436019230969419955837600
๕๖๓,26654556578516752721833891758539594766423810574216766648728434603372555106267
๕๖๔,101899338631270283597032369595101315856141589146639755580118527664579458814284
๕๖๕,91423744710227998865717436750731372056310494779572266460374367191906464153472
๕๖๖,90309407291357503366538498590715935507356503090069227941078289546522246019956
๕๖๗,28836761223238123448236756763450679937985975497858548034697457296934813630649
๕๖๘,43675856857803239073869693618262723940123664994080620974607382546026413597069
๕๖๙,30698423369233931391657580046900914876017529683487735955748319646578990030368
๕๗๐,69375416499580284467356022223257343893639573763276852264837002758258220695789
๕๗๑,94466707950298127596942351098418495814069193605657298615067729624191453444698
๕๗๒,47672775333314705439338971523721154774103510029365845938930671253807216366083
๕๗๓,73357463281327371236097625357374551764058869382080369886850598510142616030850
๕๗๔,37407318585908510033521803053452944020425313029778457138188387957969182815881
๕๗๕,76076664433369822261390793341572600821366599158715615622003962832119574016775
๕๗๖,48786064754542744408334670613790137371241414147034523915628129949440712477260
๕๗๗,115188720770887101868290344816634449349606952037025492986596919855926528147974
๕๗๘,22040689681280237295381317682726156243606480713877091124651830022524931891934
๕๗๙,87904511856493521933089948563378727370243113326749762390829523165563869655674
๕๘๐,112545523487110025606260446134143748009810125543194340113654883021402734138197
๕๘๑,93137606772786210365599847830687581665088173409615474400800666354778258542318
๕๘๒,27141555473609480159059344249111226517195443418140240372047992448086598539846
๕๘๓,62283316354345309341058844786435561680105512111705499830634416571030696732676
๕๘๔,85130213418085119310697005107312846171714910908568228933560489009426824249460
๕๘๕,88933385787568449524491330872103436384120060057658872162523643723411764550565
๕๘๖,21913457802170226278029977004173134801220594595825948914129689376668278580308
๕๘๗,1820430814346987415512142491953892381905118926975765210952224467979044191195
๕๘๘,174180913189867655465481391717288972387151511944587407901307963937889832050
๕๘๙,46002780033915311616038661475546544142117212904467325329489879553635908076241
๕๙๐,40178608284184827060289996813981934765947373331423002926450930050367668827239
๕๙๑,95413910434459457473239768951232839137504313427265039758614558219152154973997
๕๙๒,19272953138635734970986542441950871253609620481737502291746020647388835218497
๕๙๓,105403299834563043213080937077661745282508520884259360947173662194985161720108
๕๙๔,78893555059703828275151448816245943514881634906037675561468523003004990533842
๕๙๕,51860048864459074010679021806036222167897092696855477149001077481118165764471
๕๙๖,60578909978724203081726533466194108609140148808720796313659108426793581430057
๕๙๗,8321414294149426170962809244629863230091559002199774274933854875584132932101
๕๙๘,95978455244399412642594831583273483897753999962197393122570965823271317224549
๕๙๙,47616904580708998333035870772958831970561413719007320595723040446540726822155
๖๐๐,19170608200669155417972266386588033178507909264028182937658160884410436180244
๖๐๑,91612279934082605159715088398206574334099447160797547690200197364826631705210
๖๐๒,113315852103822988439885430001782134314477943578103371895770789987138229618027
๖๐๓,81571353275921185302241443260616381043369606580405496857668143798042915865765
๖๐๔,84238864641625200544293101862021283995732313202915136448066100627827843999789
๖๐๕,61335980278654728350738252340652568198462465356222004373706607532977509809477
๖๐๖,96345870355195613013509454881416320289124931349034445773956446494079977753732
๖๐๗,38483187656242805669240823834974730456159523103680916785812832522069706609460
๖๐๘,27294502978068122410153664166099591578652945471152048407813910760333915455359
๖๐๙,90358888503882431995919853115298034759192151776719081357192141620530763457472
๖๑๐,94282223655761598826244548414171699059621703676520791876908660852573595806981
๖๑๑,101349116424985971818001658845438582266524666471212866059347648326907481018978
๖๑๒,112573875506680499479641044718146563008147824246776568585122581601845006954596
๖๑๓,113163437133962741332251150352772147134450005696746666746029859631473795410806
๖๑๔,88529647935212695924688816000828656464689934997356847577792878971355963460420
๖๑๕,12734038583227138814284831463919817503508151356014583712026838454607283353882
๖๑๖,39134968085153601125825491252600736987934236873870045350674225460513992473348
๖๑๗,37666812215959154595756977723063584493503304157064498431595184845844971694242
๖๑๘,83464856937223327705265371323646568375917579831304585974479244299551007280348
๖๑๙,101319069298015334547560016735661684453563123348833884371706611727812837688075
๖๒๐,77372582901908980138533212259861041587014935766814595185410771163584062173943
๖๒๑,49584707461072987053477179935960108453647427791862413425101730806986432057397
๖๒๒,109476778904038027392862651202289999337606188159294188997070823270045622361236
๖๒๓,40312326846064903166923068908287086141541631504956150943117182239296259073288
๖๒๔,73248479885143169193229257809550494496471197845088916882180755587492202612538
๖๒๕,109579743967124731975985831383143702754553690312222170713762217742108718002406
๖๒๖,60986950082698672186130101190466159336890041786614164513780004396747617772954
๖๒๗,93624808575349936645550257968078964963683519650792805759897941327608280001979
๖๒๘,112312489781011527707663007283059363748080537056657023999220376392296471484920
๖๒๙,61930105619591303449866167618485543147394729654417824366567798250742677023016
๖๓๐,97523380569432852377422061289816858969024000955568218771517517329979785115033
๖๓๑,23194394207130941552633993034254209029901449018923362892536839038780379446243
๖๓๒,39793572937389369294414987555105784170533851334197491616418032056738680521012
๖๓๓,53691735677243410257702135988691037109660552500057574484620922626204139893300
๖๓๔,108938867942958357023710225952562144424203114948203505861072407931004601399942
๖๓๕,70564791255775393222263277160970125619953894109744253733080633544511554660237
๖๓๖,40559562526324270182739552151519294246895363963547255114390282689073561584685
๖๓๗,109593711877905961769446034634911126818987693896023090572715934676554401900909
๖๓๘,106789524495717822424076973399203960883682806110817375796623316345424764781224
๖๓๙,110273924758334348387156352041122590886872136860968738008249055531611646627356
๖๔๐,85642060192758461387951960440959994230056918591111159999453324242535650522360
๖๔๑,74658122750735235014458626378514948955353519807506213104655740410441870837307
๖๔๒,55587537063009739007762019170522050164991181171565187659799121627687534859639
๖๔๓,1579447352838778699081582916665483828225421775401510553101750011250612665871
๖๔๔,1861879048743889094668273193027217295392473292945926463133925933457957607157
๖๔๕,93582438978058384518550959385106976234323063804805443145543640013080276612341
๖๔๖,93034091496103968332790193228731613594520675721961349105011789398985514298645
๖๔๗,46501892684290832062214896464511743314322139509546247907313564153937586788183
๖๔๘,100921715920929565515781163581016450452919080392066583831152442216297932937420
๖๔๙,59183771744140340634781863227993771376807525052607524783184999948423993801201
๖๕๐,27808939528253933828712390407439996883346648034216008112060314876403675227612
๖๕๑,15568135632027318708464745254479454280017256007523676515587558694722705169341
๖๕๒,52719127437752593331553244169255708778528447566115475152513641359843183659478
๖๕๓,12321316086442574702365870132914539275548296893933083419224281734331824918821
๖๕๔,58743287186123587591718937600300413657235845579364634345124371041852059951178
๖๕๕,96655215631505637882975172924513276381474582340234773380644534609592896384818
๖๕๖,79109310424308036478318192108101331276934881416393121431653238834417505693635
๖๕๗,44313827570762484369276140780733389764022550204085047511209698590387723664481
๖๕๘,9339009672153741394989329328588928919183595614777918639435362580151431342207
๖๕๙,63131750440031975149322043764450518630898571142847930007734714196667916744681
๖๖๐,65871085116331022274788377758903169466006769848575952426123175454245473667353
๖๖๑,41947566772547205068732982978549852671730037076354290622995201228894514790963
๖๖๒,9021013325922066082259551321207955594285276641166427497007597950742183702063
๖๖๓,111158187502813347026312509685543322438816192815716056534780602619120356293984
๖๖๔,20422856425437408892767969704382113910133025885252011974608613403153847730905
๖๖๕,51138612176978239329406129641775100197465686303664837738815111815978909360313
๖๖๖,109470339119250635815006713545508086286796947427155583602955024991530084123044
๖๖๗,108736371803420854693800376262013389447617227593385234165325455093061272755178
๖๖๘,96505690940564090412629666454598546669879466834436235039833276674609456959099
๖๖๙,100978579992431980335071878615660894400035979193901363279715075362472947264495
๖๗๐,107627570084115735212286242914593804117673544608960958499506478057096849544048
๖๗๑,114808474335532270093245475275817864053697075595093894139303302975144492687193
๖๗๒,90878774536483523338816198911289131191696696238694141172911555939303048509270
๖๗๓,91370560973231601376902252348695347332927244036758095362805358282840864320735
๖๗๔,80678822412856269183893889050108295933731401195261060547302392483563646353342
๖๗๕,39144671947761330992685690481097975742578830845955786253506394763427465009140
๖๗๖,89134527474238214145045665948905138865034594826066746169819979909466254998800
๖๗๗,63567271851668211998802585748917304028904670361970220816740600057287759236932
๖๗๘,81053462082714706961139164459822056292701939230473549560376886506316755478609
๖๗๙,2038620894604147834275617740970256796679934204866537961806734926037864220071
๖๘๐,108243881895007373655445456436924251306390475075154499402636998340918908760582
๖๘๑,85366214072498304638308478729896385078668646756555826172590268311436506703999
๖๘๒,68090086486393441911629788305976009807559929112573157758946512152474542808192
๖๘๓,38302842131362308778144437663638471102683116342045278617934721624131561070856
๖๘๔,50649163740138430601895097375387768706396772329969812658824659268318910949263
๖๘๕,86848435047980454559864616994997500158967934109114593940791110943067886265053
๖๘๖,67078098211663780455747432269389074472439386955593624684344049677933647794109
๖๘๗,46769056272645369278567669145614292190453549167618267901869984808887487189941
๖๘๘,104683684887618732935107966434937847220204777893429629466102217461787230125686
๖๘๙,46756361781534815788034077758038050181579268834722103060910181113116535230671
๖๙๐,23132165760344900191666882297072966260509649874151881342296015905210935547977
๖๙๑,77233983867168734803757854708173372142734570509562510175803297640487336653341
๖๙๒,41054659009212963525270823950261919661386490957453185530806001381279788404521
๖๙๓,68767297524013358693649751022353453913186513634155831993207655263332304603186
๖๙๔,109301343776994259800819852335174871370197172855102971584379746006585528343707
๖๙๕,64757527139503102912038064210475813993940014615212907223202109597525110166908
๖๙๖,47559944389177740288797042102915277570555533487635192035907528391016893543404
๖๙๗,85855097179333869671887500934291618266030206070679215479883215639521273234464
๖๙๘,73987346166599878528077712608662184067824536673480012806175782232148217835619
๖๙๙,51492285881196239037654741193746949610160702280097463654697595267421603783634
๗๐๐,4653184555671392546619949295793708191406498437281207616333092756634763599645
๗๐๑,22177751545646903265409455158318015613680880405636017407198649315818157361028
๗๐๒,49690967014900513475338317558370690669335035964449603406747499207753551704444
๗๐๓,19701735607140824404131912982186166256864368068398524522208129401322868105751
๗๐๔,115032299038643072117544345195542653106880475912525580532172354289589552183338
๗๐๕,91377750559439180521044487829130988933846523930178051759361782180148863653245
๗๐๖,84588523911326866952999835094976895105207356121683740649094174997196161717204
๗๐๗,1237022111229336650918495894276956587391927287644754079975380484123490636769
๗๐๘,12730388267793784517736361567953178941932197979526904704262162628418426336239
๗๐๙,25626900426654384946147506082710177961658735511994493191110247198359937782925
๗๑๐,85977546897687908034306856339865494173229775885070110329361893183892975844744
๗๑๑,42712037634505197537483992054613616084545909441261815246075656566843683774161
๗๑๒,57071199644201204889725195396034194505221445910108191028586450668132496678966
๗๑๓,45749090406751485377441133400923693562024131795334368145628012017515693507588
๗๑๔,75399366819019224300580420936638368521172110029381541988198253635693006458729
๗๑๕,10843681656931816835056987764345707446540728544682630776850102254384903310556
๗๑๖,35654758526006031880469121580733769628412607053653535227883646337346705225640
๗๑๗,107994195607909433762384263197235984731008594249906955197220929895406400458712
๗๑๘,99174675385730952107590854914079446035614399983621927289281168399352087241875
๗๑๙,7554610383301535576935225308323561561442796998416237505687226088959467030038
๗๒๐,86575498260065490214610298613109941959343940041984373453153738957754346774333
๗๒๑,63328333416900141759231267219639007788796678840343533169210090827985279978337
๗๒๒,41352510722470357874715679029747447682144447196029919562125093144705578322910
๗๒๓,72014812227448070888915052429327741857705389986884019235009868948641850732439
๗๒๔,39955925338009622756594463121073571374094509084291753593773529014546462689327
๗๒๕,59463466748265565701450143452303469694409292170250360706291099675627999364220
๗๒๖,70802766184631220331936798199478968729904873346323980758946408284005235609054
๗๒๗,105804433759451463049362272649560827961097378987858584084150355926288732031329
๗๒๘,63334804971365445808556395976681515746350166043726689574327358850347171394699
๗๒๙,20820176105109176882786067493210382110739583385606788952823261682421456527056
๗๓๐,2493810478896561674695098941926495712241512649288746960286339490978348693746
๗๓๑,70580426294948546664448596642197571922386557194951366025043672983557399896898
๗๓๒,2803059188661486668074150257732385725226821268879074409252903843516383874350
๗๓๓,61348938455657113279905494190011729675423754410513914565594326611152434901039
๗๓๔,22377719734248137343583168652679370498472717219856965825874555431285875558
๗๓๕,78120669463433960708158825387910323342128028098523227030994884910597053372373
๗๓๖,92085264832090309974850479599591830287901567422367318997735084640265734195203
๗๓๗,56582891655028916945241456055822698884651604631031783579375215112170639824057
๗๓๘,111534838726778858000187232272427497240266166658084916431857789958784292132415
๗๓๙,69255832401566120233441461333311152489120400625058843988226053451303980129008
๗๔๐,113496061728315218941945091571807563735870488930953587945390968138187123320719
๗๔๑,73919355759836410771796437048651301940583193066137661881649196211890686846623
๗๔๒,7657672545604572054216416780315358571283470375261630221883226941866226319261
๗๔๓,18163744777604726458807863624073596984356574954392440352008072054727477659090
๗๔๔,21776902971274211908515356336502739364737360472299111100169370891962923358471
๗๔๕,15501061713163122245259217308416563835804250647554282944711383903836175849855
๗๔๖,32803647289137394559624681440452277862946682962272030451940851117049567875093
๗๔๗,87060045895031884099868792701324674343969865302455815501959588053767691587573
๗๔๘,47008323956779365661979849828969420126581595156122263074090988255944769791017
๗๔๙,78186733519853800462730742315185069101283724328679218302551948571499373081816
๗๕๐,113938556532001154716826203016487383911472028851077891361701470586994096764374
๗๕๑,105066276937028189631591514104201166002597498595217565765946755265455393606813
๗๕๒,66381734442637299828015216627107453956214647486069332902813710755612629346984
๗๕๓,47400352339268321273414460952105366234852869910624013922904566657482092201705
๗๕๔,56055823042120774263052647996639824920687378485615545269594262608774543494680
๗๕๕,22389419430898692351367811457397433704155158290962656471585071097264448923556
๗๕๖,31914040244786249017178791668942628452452246824552935227397550772619888548409
๗๕๗,88619984269901324099823428934843766018720316655122859566971849322250870798940
๗๕๘,14460148463067199410235016630571966580726398062736279224508932797654458483541
๗๕๙,17791014345311163444448500682646858722293789345820152527706433540672783468606
๗๖๐,83435940905368376147090453948935261094630167570621173784220650745730873486900
๗๖๑,65201324728342617205194796938705287546982440877436677203513945774318418810473
๗๖๒,14834856065150762236423443548250410865918787683169389636720833426553770334094
๗๖๓,79944658803673519456963281350652108257702465498580257657788912333488924982745
๗๖๔,47034150381035233425272129832843013117334066547598714205845634802242316869909
๗๖๕,61972199336196655549113423988805147049063540937339992085885152079041616375093
๗๖๖,78868076769201281841832796046842661751915790811603066711456321239133353526479
๗๖๗,32326355109787450450074478536165851973106869209019908312119781037393929171189
๗๖๘,45081856277209071226749214101089125652828638929375299228049437363548320388905
๗๖๙,78740776069125312717845623758764933472919813100511914274996462020781234660685
๗๗๐,30031579160826192653004179718922718719443087897710995509399900462414681633531
๗๗๑,10246363795115503327589887346488295041961444155175098074109716769152141612847
๗๗๒,48232627643407476211249392443931621127093875965395845324492231078479343755404
๗๗๓,31543364083453372222930229484515296985460400181362546942420835138261848039360
๗๗๔,62857620499741221447535312885087286926373185628070341666940426555166184710380
๗๗๕,87076585570609820257781008622044938404232727503550814245552781993016173757605
๗๗๖,33727061397652412089595253998882042321174040825008625638513567480141058046362
๗๗๗,115010240440865096231813438215996952390825670228876927002517392739253696523681
๗๗๘,63245204298673304812033371721945631826278523813115739527579436246097914664069
๗๗๙,64712826441521895257624314406876918057512426111896119783625510020448124430481
๗๘๐,32333333581464126877265931263561262369405237660991974148382373479435843119431
๗๘๑,7500864838197717260640579318611267766742210558046520635253272343157293596433
๗๘๒,50929980265708069003069988408245581194243547750743339794276169200699381764873
๗๘๓,47249473159932531819313803692335631821661730559924289677101376830078367279654
๗๘๔,35927795836392001064700546461612838449268854294607689208833560344385149078065
๗๘๕,44984191728069803629074570650084915995985595728428907724566387819972069818698
๗๘๖,44567165270940774760223675888254240906086596830336382379310264006619663042487
๗๘๗,2582076584326495509134660492758863104161955690045572883409484440268786298369
๗๘๘,15193109815260988123521890355650676836314223100256793173341929633648451494452
๗๘๙,10571376904139402348141553619455412233002485733175336005555285863982629816739
๗๙๐,17240691725073379665112291065098302116965700505041228843217308277835132620931
๗๙๑,23123095693307314959845290010938149869138929769863037213753320185600872724180
๗๙๒,69799136679986730965234811010826583311095599877147669892253741643438457093822
๗๙๓,9100417375687782753259510759500332832527354677933399669017276130801886668293
๗๙๔,99793025375761514859927899113911263266905610553968571172579269877131057953961
๗๙๕,81350785060688453802922949375875583575212742259421855367422046131322676195475
๗๙๖,73137807261614436492627878288145350401204964976638647927327903815831988643326
๗๙๗,9637340136471745434608414776413345517327017851992069418760898884371755333256
๗๙๘,35564183999360419703870269669562083615890552138423972843091800753360589008020
๗๙๙,101566139104006735341710606195434225808384358792078860874169628702761822612969
๘๐๐,6658583450086594979804960085865812423478570724578328131480468960357351864097
๘๐๑,21344956299799444633629891732022762830129002664744372313745943423017141487770
๘๐๒,59477679589097264110053143699689156693981859678591190758310187701597254086008
๘๐๓,55509768642865390137171730741704355433782742342253545112473932085442273469228
๘๐๔,72628952807187168671414215315015535664792586378186201567024624286561701269125
๘๐๕,36382967436060273451773839293001611759001827154987341727926737856445090704386
๘๐๖,66227872737546706444918211658752598618614160373100504330743404855661934600714
๘๐๗,17216148212485421598104620652924567477924953928532173572476706690395627529484
๘๐๘,109425770523782433284421879040598699942294256621369780551762190311696621096675
๘๐๙,11136571377666339885715762643774334715983120534317600681599468013055323497841
๘๑๐,108828850684379215838378803524475434575451198350001460849002546994495952356580
๘๑๑,22390942939847465300144384881461085428801732323358524783321354839919522508206
๘๑๒,14659888046423279873563946677522956881290401147959226828934229793314026538480
๘๑๓,84289688099630430122028420208695936672896411214365574663543586403240293249156
๘๑๔,50480366367236557100035512019760114255508131902400423180750382636181502186215
๘๑๕,85042599530734837835467890653513284091837113934865146736551017619786857847187
๘๑๖,589404671149834907327202302363637254674983706106786618593427399019654121798
๘๑๗,42929860999122802339722689334325741491461755787778805911893620359507004926193
๘๑๘,79744568451420676079915611133869311562381772901515305199745353537032907905382
๘๑๙,27421217616312912789540036398042413560686950093433181668329334873049559316836
๘๒๐,59427992280520087535585030354567540571021645034598835901321263362377064578652
๘๒๑,60108784411073011248344952092042827640960804178682064374623273663180289310928
๘๒๒,46058173044191752676679502746869165755556553586107385005381868380751848257538
๘๒๓,55683798602827581694418511995209017933358802494969777948523291031948970395757
๘๒๔,112702478811987018057927664882020922173653199600781817696286209440950208004261
๘๒๕,28722882208343428442429193915430606943273103406867333897930192843627388202662
๘๒๖,104212714820155170732229807692902026200911991688993477919294078988369285135142
๘๒๗,26126819340414195673648310079040059456178459507701737365851457024946552226842
๘๒๘,13565980922253543889019300221376332228296287112169169939934465259172486192005
๘๒๙,45060029949631305664348938083402041457974285442583711931295482941529511152763
๘๓๐,34961751798055360380592125806847238105097977748009969777101470697520303895610
๘๓๑,20633169243646366535917884545044551572735248953360151129387833460204229787548
๘๓๒,1975133943358266638719839548381425560435589488749579963545416766208537169218
๘๓๓,85948371667979142314790753603536564786253371209451668645881961917032042605256
๘๓๔,7071133512262758699824680119200101716706887824931478697869258476297725351535
๘๓๕,46452219730277057186745097424323489196921208846523174766479833733050999053571
๘๓๖,111366082770959559498898940449992819630663902674985822040176450634212124484798
๘๓๗,8312232852818076057068653080661461221526816305570369186686288234132713102995
๘๓๘,107791702410469863541202055072930832173658808295214756023772893699472085203935
๘๓๙,45661827194227863401556171291081877269321901184291262093678496965193740434534
๘๔๐,69135729762835241845795910525396231027125820323678304224928354632816982801538
๘๔๑,6255349123049172239692299283668601542268569382765586598181673356461301909818
๘๔๒,95586546394427921075332061521753454756495864797653582885793879517027714660942
๘๔๓,105830516708814211300565165091837344359910657097991335035154108669250929637580
๘๔๔,37452745753314599196223238728216518494182595553787097463228374751834043189153
๘๔๕,45114350547575108715260870334343899180663098440406566226362298415581769196390
๘๔๖,76763019259717762688603450233169095001589754107372595310457683997103393611462
๘๔๗,10526460593155458044426778447298806850370035720337850630613298017060872496050
๘๔๘,104499880477076244811721794046526325036264412239387565934511000816498656240626
๘๔๙,112481391597025289669595104616550522030023596145186241390898903446310817143295
๘๕๐,13911019790579465596999663571554359266075265183340189638701099815035709226894
๘๕๑,11631876690207610231557508072615074780539280906347240343892012087459561430781
๘๕๒,9248166940834991119154276536881243504018527415004369191024653056191630720445
๘๕๓,52828449165232896136114480340296093595893872274719476803364465093886922562374
๘๕๔,37910469376444814266011732167004562799907034633262613238847366899460398886157
๘๕๕,97068754345725271021653763696200544886016630049584979565587251533258761895041
๘๕๖,71252459841767010796261744294684765026275612778700833875020797375656924276596
๘๕๗,22004617525165617644240337291480607472324018990814978342413056530464785813752
๘๕๘,26322524597341676517869163249207679919185197212804567494244779526818037663247
๘๕๙,81186475835445297755811737638050856953139032092127876085389152894796201397883
๘๖๐,6495227589274962916740347660647783937355684374715088236511491166932236200447
๘๖๑,78360260972108619497061214535612419110815377062831400652710822756320088321912
๘๖๒,48752004603446200058893116980780914313954120220011164605678129670687211734935
๘๖๓,54804429841891451766047068669830687155373572121188707451420372543250636882117
๘๖๔,6698535122821559602951682036203804380234746934904975426975492289155206570977
๘๖๕,56957382420572692708203098615240177324061446527849949363480228687594070240705
๘๖๖,47733464053735285093448079078855167494740862278036421854688264443499487004202
๘๖๗,103105596325699717457226270717579952103415158481318339512679441198624929193423
๘๖๘,94650098198515088086163530706480677747156414118817386726758655703169873048496
๘๖๙,98415783253622814164467348966338279565082470814358664268777785371665356025322
๘๗๐,35578194620315309274123262465690234127542855621261245307522144915589322665837
๘๗๑,100225417470788951591839148700279272506738592695294387851150856447870432150418
๘๗๒,41841576820388578006976220301944413437736752211546492212852700064545406726777
๘๗๓,55964841457692839050523687736852283417258212014758974322736808836727167816382
๘๗๔,3111393765553608717751927240974128045730805589387587337538416723901627783026
๘๗๕,21536999930355390353111803220832062736210319361516236345921492644285683644147
๘๗๖,91654134638988304278216093006945993910420602602420335240282614046980593385436
๘๗๗,74149043802116209947311190525055310927514020899571101288702673123137083883557
๘๗๘,26771100327866362633839655638098849556110535665208843611755912998845508899031
๘๗๙,16344704807862484083760019248882422331420979137593822836138306571451172303296
๘๘๐,8930174925275977815148002147739167152506387588991854196557982475990253889039
๘๘๑,48994525192185084081342871873606913039481904938981346188134187665864317119342
๘๘๒,95618018627612978086642230929822213844285164849764668307271077271956356346500
๘๘๓,70650294534666261477362643034150996044574722109739348537070967774122413968270
๘๘๔,47683219229824685583191546149011732658890379165079418675682811008879517979248
๘๘๕,97258409504705360020453683616402465540198402166733053633917468257650256090705
๘๘๖,44595333651943785613109713828355746575986413731869858713865496178495614287323
๘๘๗,114181724164086894215876695122844290097639867756641889435465459880621777559375
๘๘๘,79442578425181319987872241258714037479747253062585935616699199275448851231512
๘๘๙,21837612264533140271742170005493269268389388319972466864439068091169425466311
๘๙๐,91403941620861830035456191113604636163325758016483252965402380627704710013773
๘๙๑,37726521287386759841297889010991035848499390868824577889082702043297214892473
๘๙๒,22846621650469258537225680199738440665452533170625278339358238856581577344979
๘๙๓,41547011236368865626512342981517285103996563037943715310675136675544063421709
๘๙๔,12809210541800908823438559464963582860360195143792081400516088514992326373955
๘๙๕,88339683728094055869405980795367722840803192801801408988529949439930355698852
๘๙๖,22252748458154909535173144691724742242275924646940787146705760785709892030281
๘๙๗,19265773662046636208265406623490002658067013865595281347445289338741768137656
๘๙๘,103119877014649460144050824036484745492930148325037865924677359664043547931829
๘๙๙,66132157553005703344416286653161907402429206405899308063512458002866938986319
๙๐๐,33398358358786601627866676101932566302975337303364581512115758086918277621788
๙๐๑,98805716633039133148201648497072161150174812343622422319739525447137457698690
๙๐๒,71207129383321180905646896524342919771951715911873533172556893393752445923739
๙๐๓,74596860830452091523940165907281433627786646703091843858742098728639339355631
๙๐๔,91381506348748104954197907513157741600199812734808747300562737123504977079368
๙๐๕,101165741897965672331060407866120420550048192739083097863003659263296640414113
๙๐๖,70283464492978341861352449019123829834793999034355766552500059201172601332825
๙๐๗,20233531342469934101008930048072287932058096050992422788029671627009925450532
๙๐๘,4812840565832664471367709603548213972477196461062601276866923782581451650745
๙๐๙,96047952868960538023056145352643544095834876476824146049056953722312608267907
๙๑๐,72937886327899152113811991483804837246667737728093538444687839229594926491506
๙๑๑,44023700417612107691301460220426370353765325628693133114863672726242070633452
๙๑๒,77735555321960235146312368251619828694186471121167469796021603840347059544507
๙๑๓,15592809286477783325152781254085951892933716561085154717153421175504821192346
๙๑๔,107599726174029853560470402523514829688215250820991484257331241358511873337175
๙๑๕,104927299842484264456120022150866677852110753327223998551467134451334243954566
๙๑๖,106820271216584341844118634703802157120451557957743805704478332772831642255990
๙๑๗,107640730687162509444205366636932768786099479521026788566753528290425024006553
๙๑๘,70135984432165229235166482463878042077342499785223016843935160782259156776988
๙๑๙,62491718425103912323623392842719772570938746285432396876852525364595183167710
๙๒๐,108280001642761434376584521074951760915158078942861896320736590430487141861361
๙๒๑,6308435627396636691428257822780387360748569769898407601696656215168121018943
๙๒๒,64419389884321731148998705795020254651455526646120016521517082198941639605877
๙๒๓,33108263751648333068971301611300216158808868868003020057013324333239888342912
๙๒๔,78588542762696067748651506128841912022918194706322870546663669186320821892663
๙๒๕,71788726737616371843497662759260972702081941082438912605051373653478648864302
๙๒๖,7888858532097837300503023061661176478859970925491309228168195205761078440660
๙๒๗,28611719821709152707355908581845113063406465216083712742790922806736230300107
๙๒๘,5592957092597192207536651862036534154049177754967794368540636332691455080156
๙๒๙,87584518238228494803067156870166689251406319421953720111129448186102113907679
๙๓๐,91237850950249678629730194105541285453144633486018435516736154384261203211780
๙๓๑,13940868662199712959919617074565329375344138065921963062895369631555553967546
๙๓๒,77277018527900188185778724015665427422051264761355578023892536733207725426031
๙๓๓,60214037613060926641189017630009898674528477527587893518683779236537590552227
๙๓๔,27673321024794594292110130087432962149752422540674081038727709991209336829818
๙๓๕,57747066359327811752913249922728064422673220592732032195664086712544051420466
๙๓๖,3435000686767468612870929332332001043918719789010183688255700509968983250865
๙๓๗,102992072923653137480898425010446259184957446259140456054756857384611527789448
๙๓๘,74181783160204781811824336853359742299123044767283762194402906068820450142378
๙๓๙,28499189731047552906283147003269210605272234299605345086005149439710552379480
๙๔๐,18501555535281872575936972506518652419464984197555058514276302626045417040433
๙๔๑,27388690094138125408005470563691827803430744040911824134460126544116177910234
๙๔๒,109039655364712642062904963970976668158766992093728705826693572905295463097321
๙๔๓,67882120824809827925639992963545548860692396525890882250427245909864853492991
๙๔๔,16097284325335281705688623608004725365193449745330270438787149726870100446396
๙๔๕,108938026669997320335552006199349711954617322577917728054057829785406801496091
๙๔๖,35470320294961035504073723346398150883635079116269592854444681095574585801837
๙๔๗,90454462013692683626262112491820009201519738277857908879623825395699651357736
๙๔๘,82558409773843204924839488263987769170347714454767448004294849254242544984111
๙๔๙,40155536918165202132985591862882476471581693471770772528772371794452953768046
๙๕๐,78796812626336425193615373865378102892552875361370776651790812046640852646707
๙๕๑,38469745837141307808378929932078292831571918815080102187280136754288535054287
๙๕๒,112989339185132117992439803035375965149466863876043326104779104077542053559123
๙๕๓,87138920738895185713661237081618739920657889435257565429270462220142009189013
๙๕๔,84847728835397935431761836624354470233996003536501851162004468120482711170693
๙๕๕,73934436303364844321998272542161949866225631065107571722742271167943881373382
๙๕๖,102014537515969461280237355539058706127935971741524337323989058617562402416079
๙๕๗,101417238776933683422613966816601173322084394548524962147275959296588428846196
๙๕๘,33445553911264208213510535631463422362056739894574851909554632251717606310769
๙๕๙,104020261731971372134309625024393541573900178038316890970458139750100910540048
๙๖๐,33708082004687311960329678971966299298072884931535407612152952574900960981526
๙๖๑,82960815006464418422611271900395737307699148743075425383214659065502654012716
๙๖๒,33315586965928561308139087554571235039240973991876098670048177400969629186925
๙๖๓,76994451723604963453292711157803466860438069982223756626133029046141615401574
๙๖๔,61028972334156285143086541606947137158746223843284517312303396820595713985704
๙๖๕,105328251396311014774153577791604413279914436218859635081059959246743525665392
๙๖๖,87808373779690281920966373601625868993858250590199492537063459267825483061934
๙๖๗,13829842606428160491558646200399732380291037739724232346528329777013988205082
๙๖๘,94429507442429477181841602336042703464749239108381060879631812609410008904340
๙๖๙,40212952552890179682215990046044247946934038796043493157463362734827668217123
๙๗๐,106107232862924409988076595117159748749059679332513763182110960031531328113794
๙๗๑,113079054057581949895551634854039849404823528790520951501766624790779480874183
๙๗๒,115208909084404411726769686803916658913429890317020470298278967773009132869816
๙๗๓,56542529357135307245012480853031671306072278599597219525558193524443111345854
๙๗๔,40524792258274080301533803343183457768464745824660786671464952436328631632903
๙๗๕,40225033413837191780167114855348360708091462416286826333962998875962425809658
๙๗๖,53961543303424473295257722083468159284789447084588632975697091123709748781944
๙๗๗,55904753175833937043886741414248144549644923145902408084866188243802228634333
๙๗๘,56384315605963319398553497071258944749339489169866422486387190920722620032116
๙๗๙,81899695560348449086719827173573364581978867319420767984350311255106764095917
๙๘๐,80066811625922024994000852120612649358761787115259123538126767386235757543170
๙๘๑,55521477418091572369391479134518167291387347621695978445970850689376274531470
๙๘๒,104204616591782984486740260864251848362813600739475263427833280982860817790795
๙๘๓,65925882608299739333065840387384057525561360608277054253713985466036854619764
๙๘๔,44671358522713366294168732888813636049156159296497842428543376147063281207527
๙๘๕,89616884279738779150846039749073744510661591594155033586186528225714843315933
๙๘๖,48461413256361823536221848049629779954989701127397418626717815832307129402644
๙๘๗,98270743936033737438046232742316233049524570398692713541125061938835527837046
๙๘๘,73534075548993058642769195858468827112926179630476663997726031193013483699625
๙๘๙,88923838329723824349247343137703085537239510019952130756996843362411262607786
๙๙๐,52128648965251257220568601561727757882703326045977790961326706972128713915865
๙๙๑,12867419185443853923373297055744639831571649204439460719348086495262757216582
๙๙๒,62537771326471970347954068653454952117577383227729928164900744207533251542922
๙๙๓,60904659093848071347324599734738878622175390295548290863280013987207186468454
๙๙๔,19096559564856382365380836055891541617513513387402245793513051821229400223992
๙๙๕,38912417364957423371056618053897736190813172765683982105563877661441908861570
๙๙๖,50414151608687040614733042592370098290216814341697193114181235978735992197246
๙๙๗,73473490463190619661089677709249684225966676348292474947030505273982675887441
๙๙๘,27247308042707345490254276243037754000904899267026965241025650500969970180847
๙๙๙,28746094012819149518803976853970873174595310181524752896101232788048722121292
